external_id,brand,model,device_type_id,part_number,crawled_at
1-257,Panasonic,CS/CU-HU18ZKY,114,-,2026-08-13T02:13:02.931800+00:00
1-258,Panasonic,CS/CU-HU12AKYF,114,-,2026-08-13T02:13:02.931800+00:00
1-259,Panasonic,CS/CU-HU18AKYF,114,-,2026-08-13T02:13:02.931800+00:00
1-260,Panasonic,CS/CU-XU12AKYF,114,-,2026-08-13T02:13:02.931800+00:00
1-261,Panasonic,CS/CU-XU18AKYF,114,-,2026-08-13T02:13:02.931800+00:00
1-262,Panasonic,CS/CU-VU18AKYF,114,-,2026-08-13T02:13:02.931800+00:00
1-263,Panasonic,CS/CU-EU12AKY5FM,114,-,2026-08-13T02:13:02.931800+00:00
1-264,Panasonic,CS/CU-EU18AKY5XFM,114,-,2026-08-13T02:13:02.931800+00:00
1-265,Panasonic,CS/CU-EU24AKY5FM,114,-,2026-08-13T02:13:02.931800+00:00
1-266,Panasonic,CS/CU-NU12ZKY5W,114,-,2026-08-13T02:13:02.931800+00:00
1-267,Panasonic,CS/CU-NU18ZKY5W,114,-,2026-08-13T02:13:02.931800+00:00
1-268,Panasonic,CS/CU-NU12ZKY4W,114,-,2026-08-13T02:13:02.931800+00:00
1-269,Panasonic,CS/CU-NU18ZKY4W,114,-,2026-08-13T02:13:02.931800+00:00
1-270,Panasonic,CS/CU-NU24ZKY4W,114,-,2026-08-13T02:13:02.931800+00:00
1-271,Panasonic,CS-CU-VU18BKYFM,114,-,2026-08-13T02:13:02.931800+00:00
1-272,Panasonic,CS-CU-WU12BKYFM,114,-,2026-08-13T02:13:02.931800+00:00
1-273,Panasonic,CS-CU-EU12BKY5FM,114,-,2026-08-13T02:13:02.931800+00:00
1-274,Panasonic,CS-CU-QU26BKYFM,114,-,2026-08-13T02:13:02.931800+00:00
1-275,Panasonic,CS-CU-EU12BKY3FM,114,-,2026-08-13T02:13:02.931800+00:00
1-276,Panasonic,CS-CU-WU18BKYFM,114,-,2026-08-13T02:13:02.931800+00:00
1-277,Panasonic,CS-CU-NU18AKY5WX,114,-,2026-08-13T02:13:02.931800+00:00
1-278,Panasonic,CS-CU-NU18AKY4WX,114,-,2026-08-13T02:13:02.931800+00:00
1-279,Panasonic,CS-CU-SU18AKY3WX,114,-,2026-08-13T02:13:02.931800+00:00
1-280,Panasonic,CS-CU-NU12AKY5W,114,-,2026-08-13T02:13:02.931800+00:00
1-281,Panasonic,CS-CU-NU12AKY4W,114,-,2026-08-13T02:13:02.931800+00:00
1-282,Panasonic,CS-CU-SU18AKY3W,114,-,2026-08-13T02:13:02.931800+00:00
1-283,Panasonic,CS-CU-SU12AKY3W,114,-,2026-08-13T02:13:02.931800+00:00
1-284,Panasonic,CS-CU-EZ18BKYXFM,114,-,2026-08-13T02:13:02.931800+00:00
1-285,Panasonic,CS-CU-EZ24BKYFM,114,-,2026-08-13T02:13:02.931800+00:00
1-286,Panasonic,CS-CU-EU18BKY3XFM,114,-,2026-08-13T02:13:02.931800+00:00
1-287,Panasonic,CS-CU-EU18BKY5XFM,114,-,2026-08-13T02:13:02.931800+00:00
1-288,Panasonic,CS-CU-SU24AKY3W,114,-,2026-08-13T02:13:02.931800+00:00
1-289,Panasonic,CS-CU-WU24BKYFM,114,-,2026-08-13T02:13:02.931800+00:00
1-290,Panasonic,CS-CU-EU24BKY3FM,114,-,2026-08-13T02:13:02.931800+00:00
1-291,Panasonic,CS-CU-NU24AKY5W,114,-,2026-08-13T02:13:02.931800+00:00
1-292,Panasonic,CS-CU-EU24BKY5FM,114,-,2026-08-13T02:13:02.931800+00:00
1-293,Panasonic,CS-CU-NU24AKY4W,114,-,2026-08-13T02:13:02.931800+00:00
1-294,Panasonic,CS-CU-HU12BKYFM,114,-,2026-08-13T02:13:02.931800+00:00
1-295,Panasonic,CS-CU-HU18BKYFM,114,-,2026-08-13T02:13:02.931800+00:00
1-296,Panasonic,CS-CU-EU18BKY5XPM,114,-,2026-08-13T02:13:02.931800+00:00
1-297,Panasonic,CS-CU-EU18BKY3FM,114,-,2026-08-13T02:13:02.931800+00:00
1-298,Panasonic,CS-CU-VU18CKY5XFMH-P,114,-,2026-08-13T02:13:02.931800+00:00
1-299,Panasonic,CS-CU-HU12CKY5FM-P,114,-,2026-08-13T02:13:02.931800+00:00
1-300,Panasonic,CS-CU-HU18CKY5XFMH-P,114,-,2026-08-13T02:13:02.931800+00:00
1-301,Panasonic,CS-CU-EU18CKY5XFM-G,114,-,2026-08-13T02:13:02.931800+00:00
1-302,Panasonic,CS-CU-EU18CKY5XFM-S,114,-,2026-08-13T02:13:02.931800+00:00
1-303,Panasonic,CS-CU-EU12CKY5FM,114,-,2026-08-13T02:13:02.931800+00:00
1-304,Panasonic,CS-CU-EU18CKY5XFMH,114,-,2026-08-13T02:13:02.931800+00:00
1-305,Panasonic,CS-CU-EU18CKY5XFM,114,-,2026-08-13T02:13:02.931800+00:00
1-306,Panasonic,CS-CU-EU24CKY5FM,114,-,2026-08-13T02:13:02.931800+00:00
1-307,Panasonic,CS-CU-ZU24CKY5FM,114,-,2026-08-13T02:13:02.931800+00:00
1-308,Panasonic,CS-CU-NU12BKY5W,114,-,2026-08-13T02:13:02.931800+00:00
1-309,Panasonic,CS-CU-NU18BKY5WXH,114,-,2026-08-13T02:13:02.931800+00:00
1-310,Panasonic,CS-CU-NU18BKY5WX,114,-,2026-08-13T02:13:02.931800+00:00
1-311,Panasonic,CS-CU-NU24BKY5W,114,-,2026-08-13T02:13:02.931800+00:00
1-312,Panasonic,CS-CU-WU18CKY4XFM-P,114,-,2026-08-13T02:13:02.931800+00:00
1-313,Panasonic,CS-CU-EU12CKY4FM,114,-,2026-08-13T02:13:02.931800+00:00
1-314,Panasonic,CS-CU-EU18CKY4XFM,114,-,2026-08-13T02:13:02.931800+00:00
1-315,Panasonic,CS-CU-EU24CKY4FM,114,-,2026-08-13T02:13:02.931800+00:00
1-316,Panasonic,CS-CU-NU12BKY4W,114,-,2026-08-13T02:13:02.931800+00:00
1-317,Panasonic,CS-CU-NU18BKY4WX,114,-,2026-08-13T02:13:02.931800+00:00
1-318,Panasonic,CS-CU-NU24BKY4W,114,-,2026-08-13T02:13:02.931800+00:00
1-319,Panasonic,CS-CU-EZ18CKYXFM,114,-,2026-08-13T02:13:02.931800+00:00
1-320,Panasonic,CS-CU-EZ24CKYFM,114,-,2026-08-13T02:13:02.931800+00:00
1-321,Panasonic,CS-CU-EU12CKY3FM,114,-,2026-08-13T02:13:02.931800+00:00
1-322,Panasonic,CS-CU-EU18CKY3FM,114,-,2026-08-13T02:13:02.931800+00:00
1-323,Panasonic,CS-CU-EU18CKY3XFMH,114,-,2026-08-13T02:13:02.931800+00:00
1-324,Panasonic,CS-CU-EU24CKY3FM,114,-,2026-08-13T02:13:02.931800+00:00
1-325,Panasonic,CS-CU-QU30CKYFM,114,-,2026-08-13T02:13:02.931800+00:00
1-326,Panasonic,CS-CU-SU12BKY3W,114,-,2026-08-13T02:13:02.931800+00:00
1-327,Panasonic,CS-CU-SU18BKY3W,114,-,2026-08-13T02:13:02.931800+00:00
1-328,Panasonic,CS-CU-SU18BKY3WXH,114,-,2026-08-13T02:13:02.931800+00:00
1-329,Panasonic,CS-CU-SU24BKY3W,114,-,2026-08-13T02:13:02.931800+00:00
1-512,Panasonic,AiSEG3,14,-,2026-08-13T02:13:02.931800+00:00
1-513,Panasonic,AiSEG3,14,-,2026-08-13T02:13:02.931800+00:00
1-514,Panasonic,AiSEG3,14,-,2026-08-13T02:13:02.931800+00:00
1-515,Panasonic,AiSEG3,14,-,2026-08-13T02:13:02.931800+00:00
4107-2,Signify,BSB002,14,046677458478,2026-08-13T02:13:02.931800+00:00
4107-3,Signify,BSB003,14,046677582111,2026-08-13T02:13:02.931800+00:00
4107-4,Signify,BSB002,14,046677582111,2026-08-13T02:13:02.931800+00:00
4107-5,Signify,BSB003,14,046677582111,2026-08-13T02:13:02.931800+00:00
4107-297,Signify,Philips Hue Light,269,9290038535,2026-08-13T02:13:02.931800+00:00
4107-298,Signify,Philips Hue Light,269,	9290038535,2026-08-13T02:13:02.931800+00:00
4107-8192,Signify,WiZ A19,269,- ,2026-08-13T02:13:02.931800+00:00
4107-8193,Signify,WiZ A.E27,268,-,2026-08-13T02:13:02.931800+00:00
4107-8194,Signify,WiZ A19 Daylight,257,- ,2026-08-13T02:13:02.931800+00:00
4107-8195,Signify,WiZ LED Strip,269,-,2026-08-13T02:13:02.931800+00:00
4107-8196,Signify,Philips Downlight,268,-,2026-08-13T02:13:02.931800+00:00
4107-8197,Signify,WiZ Smart Plug,266,- ,2026-08-13T02:13:02.931800+00:00
4107-8198,Signify,WiZ Ceiling,268,- ,2026-08-13T02:13:02.931800+00:00
4107-8199,Signify,WiZ Linear,269,- ,2026-08-13T02:13:02.931800+00:00
4107-8200,Signify,WiZ Hero,269,- ,2026-08-13T02:13:02.931800+00:00
4107-8201,Signify,WiZ LED Strip,269,-,2026-08-13T02:13:02.931800+00:00
4107-8202,Signify,WiZ A19 Filament,268,-,2026-08-13T02:13:02.931800+00:00
4107-8203,Signify,WiZ A60 Filament,268,-,2026-08-13T02:13:02.931800+00:00
4107-8204,Signify,WiZ Downlight,268,- ,2026-08-13T02:13:02.931800+00:00
4107-8205,Signify,WiZ Modular Downlight,269,- ,2026-08-13T02:13:02.931800+00:00
4107-8206,Signify,Philips A60 Filament,269,-,2026-08-13T02:13:02.931800+00:00
4107-8207,Signify,WiZ A.E27,269,-,2026-08-13T02:13:02.931800+00:00
4107-8209,Signify,WiZ ELPAS Wall,269,-,2026-08-13T02:13:02.931800+00:00
4107-8210,Signify,WiZ Outdoor Ground Spot,269,-,2026-08-13T02:13:02.931800+00:00
4107-8212,Signify,Philips PAR30,269,- ,2026-08-13T02:13:02.931800+00:00
4107-8213,Signify,WiZ Ceiling,257,- ,2026-08-13T02:13:02.931800+00:00
4107-8214,Signify,WiZ Ceiling,257,- ,2026-08-13T02:13:02.931800+00:00
4107-8215,Signify,WiZ Portrait,268,-,2026-08-13T02:13:02.931800+00:00
4107-8216,Signify,Philips A19,268,- ,2026-08-13T02:13:02.931800+00:00
4107-8217,Signify,Philips A19 Warm White,257,- ,2026-08-13T02:13:02.931800+00:00
4107-8218,Signify,WiZ Downlight,269,-,2026-08-13T02:13:02.931800+00:00
4107-8448,Signify,Philips A21,268,- ,2026-08-13T02:13:02.931800+00:00
4107-8449,Signify,WiZ A19,268,- ,2026-08-13T02:13:02.931800+00:00
4107-8450,Signify,WiZ BR30,268,- ,2026-08-13T02:13:02.931800+00:00
4107-8451,Signify,WiZ A.B22,268,-,2026-08-13T02:13:02.931800+00:00
4107-8452,Signify,WiZ GU10,268,-,2026-08-13T02:13:02.931800+00:00
4107-8453,Signify,WiZ Candle,268,-,2026-08-13T02:13:02.931800+00:00
4107-8454,Signify,WiZ A67.E27,268,-,2026-08-13T02:13:02.931800+00:00
4107-8455,Signify,WiZ G95.E27,268,-,2026-08-13T02:13:02.931800+00:00
4107-8456,Signify,Philips A.E27,268,-,2026-08-13T02:13:02.931800+00:00
4107-8457,Signify,Philips A67.E27,268,-,2026-08-13T02:13:02.931800+00:00
4107-8458,Signify,Philips A19,268,- ,2026-08-13T02:13:02.931800+00:00
4107-8459,Signify,Philips BR30,268,- ,2026-08-13T02:13:02.931800+00:00
4107-8460,Signify,Philips Candle,268,- ,2026-08-13T02:13:02.931800+00:00
4107-8461,Signify,WiZ GU10,268,- ,2026-08-13T02:13:02.931800+00:00
4107-8462,Signify,WiZ Candle,268,- ,2026-08-13T02:13:02.931800+00:00
4107-8463,Signify,WiZ A21,268,- ,2026-08-13T02:13:02.931800+00:00
4107-8475,Signify,Philips GU10,268,-,2026-08-13T02:13:02.931800+00:00
4107-8476,Signify,Philips Candle,268,-,2026-08-13T02:13:02.931800+00:00
4107-8477,Signify,Philips A.B22,268,-,2026-08-13T02:13:02.931800+00:00
4107-8478,Signify,Philips G95.E27,268,-,2026-08-13T02:13:02.931800+00:00
4107-8479,Signify,Philips A19,268,- ,2026-08-13T02:13:02.931800+00:00
4107-8480,Signify,Philips A60,268,- ,2026-08-13T02:13:02.931800+00:00
4107-8481,Signify,WiZ A60.E26,268,- ,2026-08-13T02:13:02.931800+00:00
4107-8482,Signify,WiZ A67.E26,268,- ,2026-08-13T02:13:02.931800+00:00
4107-8483,Signify,Philips GU10,268,- ,2026-08-13T02:13:02.931800+00:00
4107-8484,Signify,WiZ Smart Plug,266,- ,2026-08-13T02:13:02.931800+00:00
4107-8485,Signify,WiZ Smart Plug,266, -,2026-08-13T02:13:02.931800+00:00
4107-8486,Signify,Philips Smart Plug,266,9290033641 ,2026-08-13T02:13:02.931800+00:00
4107-8491,Signify,WiZ Downlight,268,- ,2026-08-13T02:13:02.931800+00:00
4107-8492,Signify,Philips Downlight,268,- ,2026-08-13T02:13:02.931800+00:00
4107-8494,Signify,WiZ Downlight,268,- ,2026-08-13T02:13:02.931800+00:00
4107-8495,Signify,WiZ Downlight,268,- ,2026-08-13T02:13:02.931800+00:00
4107-8496,Signify,Philips Downlight,268,- ,2026-08-13T02:13:02.931800+00:00
4107-8497,Signify,WiZ Downlight,268,- ,2026-08-13T02:13:02.931800+00:00
4107-8499,Signify,WiZ Downlight,268,- ,2026-08-13T02:13:02.931800+00:00
4107-8503,Signify,WiZ Downlight,268,- ,2026-08-13T02:13:02.931800+00:00
4107-8505,Signify,Philips Downlight,268,- ,2026-08-13T02:13:02.931800+00:00
4107-8506,Signify,WiZ Ceiling Light,268,- ,2026-08-13T02:13:02.931800+00:00
4107-8507,Signify,WiZ Ceiling Light,268,- ,2026-08-13T02:13:02.931800+00:00
4107-8509,Signify,Philips LED Strip,269,- ,2026-08-13T02:13:02.931800+00:00
4107-8510,Signify,WiZ LED Strip,269,- ,2026-08-13T02:13:02.931800+00:00
4107-8511,Signify,Philips LED Strip,269,- ,2026-08-13T02:13:02.931800+00:00
4107-8514,Signify,WiZ LED Strip,269,- ,2026-08-13T02:13:02.931800+00:00
4107-8515,Signify,WiZ LED Strip,269,- ,2026-08-13T02:13:02.931800+00:00
4107-8516,Signify,WiZ A19 Warm White,257,- ,2026-08-13T02:13:02.931800+00:00
4107-8517,Signify,WiZ BR30 Warm White,257,- ,2026-08-13T02:13:02.931800+00:00
4107-8518,Signify,WiZ BR30 Daylight,257,- ,2026-08-13T02:13:02.931800+00:00
4107-8519,Signify,WiZ GU10 Warm White,257,-,2026-08-13T02:13:02.931800+00:00
4107-8520,Signify,WiZ Candle Warm White,257,-,2026-08-13T02:13:02.931800+00:00
4107-8521,Signify,WiZ A.E27 Warm White,257,-,2026-08-13T02:13:02.931800+00:00
4107-8522,Signify,WiZ A.B22 Warm White,257,-,2026-08-13T02:13:02.931800+00:00
4107-8523,Signify,Philips A19 Warm White,257,- ,2026-08-13T02:13:02.931800+00:00
4107-8524,Signify,Philips A19 Daylight,257,- ,2026-08-13T02:13:02.931800+00:00
4107-8525,Signify,Philips BR30 Warm White,257,- ,2026-08-13T02:13:02.931800+00:00
4107-8526,Signify,Philips BR30 Daylight,257,- ,2026-08-13T02:13:02.931800+00:00
4107-8527,Signify,Philips A21 Warm White,257,- ,2026-08-13T02:13:02.931800+00:00
4107-8528,Signify,Philips A21 Daylight,257,- ,2026-08-13T02:13:02.931800+00:00
4107-8529,Signify,WiZ A21 Warm White,257,- ,2026-08-13T02:13:02.931800+00:00
4107-8530,Signify,WiZ A21 Daylight,257,- ,2026-08-13T02:13:02.931800+00:00
4107-8531,Signify,WiZ Candle Daylight,257,- ,2026-08-13T02:13:02.931800+00:00
4107-8532,Signify,WiZ GU10 Warm White,257,- ,2026-08-13T02:13:02.931800+00:00
4107-8533,Signify,WiZ Candle Warm White,257,- ,2026-08-13T02:13:02.931800+00:00
4107-8534,Signify,WiZ GU10 Daylight,257,- ,2026-08-13T02:13:02.931800+00:00
4107-8535,Signify,Philips GU10 Warm White,257,-,2026-08-13T02:13:02.931800+00:00
4107-8536,Signify,Philips Candle Warm White,257,-,2026-08-13T02:13:02.931800+00:00
4107-8537,Signify,Philips A.E27 Warm White,257,-,2026-08-13T02:13:02.931800+00:00
4107-8538,Signify,Philips A.B22 Warm White,257,-,2026-08-13T02:13:02.931800+00:00
4107-8539,Signify,WiZ A60.E26,257,- ,2026-08-13T02:13:02.931800+00:00
4107-8540,Signify,Philips A60.E26,257,- ,2026-08-13T02:13:02.931800+00:00
4107-8541,Signify,WiZ BR30,269,- ,2026-08-13T02:13:02.931800+00:00
4107-8542,Signify,Philips Candle,269,-,2026-08-13T02:13:02.931800+00:00
4107-8543,Signify,WiZ A.E27,269,- ,2026-08-13T02:13:02.931800+00:00
4107-8544,Signify,WiZ A.B22,269,- ,2026-08-13T02:13:02.931800+00:00
4107-8545,Signify,WiZ G.E27,269,- ,2026-08-13T02:13:02.931800+00:00
4107-8546,Signify,WiZ GU10,269,-,2026-08-13T02:13:02.931800+00:00
4107-8547,Signify,WiZ Candle,269,-,2026-08-13T02:13:02.931800+00:00
4107-8548,Signify,WiZ A67.E27,269,-,2026-08-13T02:13:02.931800+00:00
4107-8549,Signify,WiZ A.E27,269,- ,2026-08-13T02:13:02.931800+00:00
4107-8550,Signify,Philips A.E27,269,- ,2026-08-13T02:13:02.931800+00:00
4107-8551,Signify,Philips A67.E27,269,-,2026-08-13T02:13:02.931800+00:00
4107-8552,Signify,Philips A19,269,-,2026-08-13T02:13:02.931800+00:00
4107-8553,Signify,Philips BR30,269,- ,2026-08-13T02:13:02.931800+00:00
4107-8554,Signify,Philips GU10,269,- ,2026-08-13T02:13:02.931800+00:00
4107-8555,Signify,Philips Candle,269,- ,2026-08-13T02:13:02.931800+00:00
4107-8556,Signify,Philips A21,269,- ,2026-08-13T02:13:02.931800+00:00
4107-8557,Signify,WiZ GU10,269,- ,2026-08-13T02:13:02.931800+00:00
4107-8558,Signify,WiZ Candle,269,- ,2026-08-13T02:13:02.931800+00:00
4107-8559,Signify,WiZ A21,269,- ,2026-08-13T02:13:02.931800+00:00
4107-8571,Signify,Philips GU10,269,-,2026-08-13T02:13:02.931800+00:00
4107-8572,Signify,Philips A.B22,269,- ,2026-08-13T02:13:02.931800+00:00
4107-8573,Signify,Philips G.E27,269,- ,2026-08-13T02:13:02.931800+00:00
4107-8574,Signify,WiZ Candle,269,- ,2026-08-13T02:13:02.931800+00:00
4107-8575,Signify,Philips A60,269,- ,2026-08-13T02:13:02.931800+00:00
4107-8576,Signify,WiZ A.E27,269,- ,2026-08-13T02:13:02.931800+00:00
4107-8577,Signify,WiZ A60.E26,269,- ,2026-08-13T02:13:02.931800+00:00
4107-8578,Signify,Philips A23,269,- ,2026-08-13T02:13:02.931800+00:00
4107-8579,Signify,Philips A80.E27,269,-,2026-08-13T02:13:02.931800+00:00
4107-8580,Signify,WiZ P45.E27,269,-,2026-08-13T02:13:02.931800+00:00
4107-8581,Signify,Philips P45.E27,269,-,2026-08-13T02:13:02.931800+00:00
4107-8582,Signify,WiZ A80.E27,269,-,2026-08-13T02:13:02.931800+00:00
4107-8583,Signify,WiZ P45.E14,269,-,2026-08-13T02:13:02.931800+00:00
4107-8584,Signify,Philips P45.E14,269,-,2026-08-13T02:13:02.931800+00:00
4107-8585,Signify,Philips A.E27,269,- ,2026-08-13T02:13:02.931800+00:00
4107-8586,Signify,WiZ A67.E26,269,- ,2026-08-13T02:13:02.931800+00:00
4107-8587,Signify,Philips BR30,269,- ,2026-08-13T02:13:02.931800+00:00
4107-8588,Signify,WiZ A19,269,- ,2026-08-13T02:13:02.931800+00:00
4107-8589,Signify,Philips A19,269,- ,2026-08-13T02:13:02.931800+00:00
4107-8590,Signify,WiZ BR30,269,- ,2026-08-13T02:13:02.931800+00:00
4107-8591,Signify,WiZ PAR38,269,- ,2026-08-13T02:13:02.931800+00:00
4107-8592,Signify,Philips PAR38,269,- ,2026-08-13T02:13:02.931800+00:00
4107-8594,Signify,Philips A.E27,269,- ,2026-08-13T02:13:02.931800+00:00
4107-8595,Signify,Philips Candle,269,- ,2026-08-13T02:13:02.931800+00:00
4107-8596,Signify,WiZ A23,269,- ,2026-08-13T02:13:02.931800+00:00
4107-8597,Signify,Philips Spot Light,269,-,2026-08-13T02:13:02.931800+00:00
4107-8598,Signify,WiZ Spot Light,269,-,2026-08-13T02:13:02.931800+00:00
4107-8599,Signify,Philips G95 Filament,269,-,2026-08-13T02:13:02.931800+00:00
4107-8600,Signify,Philips ST64 Filament,269,-,2026-08-13T02:13:02.931800+00:00
4107-8601,Signify,WiZ A60 Filament,269,-,2026-08-13T02:13:02.931800+00:00
4107-8602,Signify,WiZ G95 Filament,269,-,2026-08-13T02:13:02.931800+00:00
4107-8603,Signify,WiZ ST64 Filament,269,-,2026-08-13T02:13:02.931800+00:00
4107-8604,Signify,Philips G25 Filament,269,-,2026-08-13T02:13:02.931800+00:00
4107-8605,Signify,Philips ST19 Filament,269,-,2026-08-13T02:13:02.931800+00:00
4107-8606,Signify,WiZ G25 Filament,269,-,2026-08-13T02:13:02.931800+00:00
4107-8607,Signify,WiZ ST19 Filament,269,-,2026-08-13T02:13:02.931800+00:00
4107-8608,Signify,WiZ G95.E27,269,-,2026-08-13T02:13:02.931800+00:00
4107-8609,Signify,Philips G95.E27,269,-,2026-08-13T02:13:02.931800+00:00
4107-8610,Signify,Philips A.E27,269,-,2026-08-13T02:13:02.931800+00:00
4107-8611,Signify,WiZ A.B22,269,-,2026-08-13T02:13:02.931800+00:00
4107-8612,Signify,Philips A.B22,269,-,2026-08-13T02:13:02.931800+00:00
4107-8613,Signify,Philips A.E26,269,-,2026-08-13T02:13:02.931800+00:00
4107-8614,Signify,Philips G95.E26,269,-,2026-08-13T02:13:02.931800+00:00
4107-8615,Signify,WiZ Ceiling,269,- ,2026-08-13T02:13:02.931800+00:00
4107-8616,Signify,Philips Modular Downlight,269,- ,2026-08-13T02:13:02.931800+00:00
4107-8617,Signify,Philips Modular Downlight,269,- ,2026-08-13T02:13:02.931800+00:00
4107-8618,Signify,Philips Modular Downlight,269,- ,2026-08-13T02:13:02.931800+00:00
4107-8619,Signify,WiZ Modular Downlight,269,- ,2026-08-13T02:13:02.931800+00:00
4107-8620,Signify,WiZ Modular Downlight,269,- ,2026-08-13T02:13:02.931800+00:00
4107-8621,Signify,WiZ Modular Downlight,269,- ,2026-08-13T02:13:02.931800+00:00
4107-8622,Signify,Philips Modular Downlight,269,- ,2026-08-13T02:13:02.931800+00:00
4107-8626,Signify,Philips Ceiling,269,9290032091 (Philips),2026-08-13T02:13:02.931800+00:00
4107-8627,Signify,WiZ Downlight,269,-,2026-08-13T02:13:02.931800+00:00
4107-8628,Signify,WiZ Ceiling,269,-,2026-08-13T02:13:02.931800+00:00
4107-8629,Signify,WiZ Ceiling,269,-,2026-08-13T02:13:02.931800+00:00
4107-8632,Signify,WiZ Spot Light,268,-,2026-08-13T02:13:02.931800+00:00
4107-8633,Signify,WiZ LED Strip,269,- ,2026-08-13T02:13:02.931800+00:00
4107-8635,Signify,Philips LED Strip,269,- ,2026-08-13T02:13:02.931800+00:00
4107-8636,Signify,WiZ Multi-color Neon Flex Strip,269,-,2026-08-13T02:13:02.931800+00:00
4107-8637,Signify,Philips Multi-color Neon Strip,269,-,2026-08-13T02:13:02.931800+00:00
4107-8638,Signify,WiZ String Lights,269,-,2026-08-13T02:13:02.931800+00:00
4107-8639,Signify,WiZ String Lights,269,-,2026-08-13T02:13:02.931800+00:00
4107-8640,Signify,WiZ String Lights,269,- ,2026-08-13T02:13:02.931800+00:00
4107-8641,Signify,WiZ String Lights,269,- ,2026-08-13T02:13:02.931800+00:00
4107-8642,Signify,WiZ Outdoor Ground Spot,269,- ,2026-08-13T02:13:02.931800+00:00
4107-8643,Signify,WiZ ELPAS Bollard,269,-,2026-08-13T02:13:02.931800+00:00
4107-8644,Signify,WiZ ELPAS Bollard,269,-,2026-08-13T02:13:02.931800+00:00
4107-8645,Signify,Philips GU10,269,- ,2026-08-13T02:13:02.931800+00:00
4107-8646,Signify,WiZ Candle,269,- ,2026-08-13T02:13:02.931800+00:00
4107-8647,Signify,WiZ GU10,269,- ,2026-08-13T02:13:02.931800+00:00
4107-8648,Signify,Philips R20,269,- ,2026-08-13T02:13:02.931800+00:00
4107-8649,Signify,WiZ R20,269,- ,2026-08-13T02:13:02.931800+00:00
4107-8650,Signify,Philips BR40,269,- ,2026-08-13T02:13:02.931800+00:00
4107-8651,Signify,WiZ BR40,269,- ,2026-08-13T02:13:02.931800+00:00
4107-8652,Signify,WiZ PAR30,269,- ,2026-08-13T02:13:02.931800+00:00
4107-8653,Signify,Philips Candle,269,- ,2026-08-13T02:13:02.931800+00:00
4107-8654,Signify,Philips GU10,269,-,2026-08-13T02:13:02.931800+00:00
4107-8655,Signify,Philips Candle,269,-,2026-08-13T02:13:02.931800+00:00
4107-8656,Signify,Philips Candle,269,- ,2026-08-13T02:13:02.931800+00:00
4107-8657,Signify,WiZ GU10,269,- ,2026-08-13T02:13:02.931800+00:00
4107-8658,Signify,WiZ Candle,269,- ,2026-08-13T02:13:02.931800+00:00
4107-8661,Signify,WiZ A60 Filament,268,- ,2026-08-13T02:13:02.931800+00:00
4107-8662,Signify,Philips A19 Filament,268,-,2026-08-13T02:13:02.931800+00:00
4107-8663,Signify,Philips ST19 Filament,268,- ,2026-08-13T02:13:02.931800+00:00
4107-8664,Signify,WiZ ST19 Filament,268,- ,2026-08-13T02:13:02.931800+00:00
4107-8665,Signify,Philips G25 Filament,268,- ,2026-08-13T02:13:02.931800+00:00
4107-8666,Signify,WiZ G25 Filament,268,- ,2026-08-13T02:13:02.931800+00:00
4107-8667,Signify,Philips A15 Filament,268,- ,2026-08-13T02:13:02.931800+00:00
4107-8668,Signify,WiZ A15 Filament,268,- ,2026-08-13T02:13:02.931800+00:00
4107-8669,Signify,Philips Candle Filament,268,- ,2026-08-13T02:13:02.931800+00:00
4107-8670,Signify,WiZ Candle Filament,268,- ,2026-08-13T02:13:02.931800+00:00
4107-8671,Signify,WiZ G16.5 Filament,268,- ,2026-08-13T02:13:02.931800+00:00
4107-8672,Signify,WiZ Candle Filament,268,- ,2026-08-13T02:13:02.931800+00:00
4107-8673,Signify,Philips Candle Filament,268,- ,2026-08-13T02:13:02.931800+00:00
4107-8674,Signify,WiZ Candle Filament,268,- ,2026-08-13T02:13:02.931800+00:00
4107-8675,Signify,Philips G16.5 Filament,268,- ,2026-08-13T02:13:02.931800+00:00
4107-8676,Signify,WiZ G16.5 Filament,268,- ,2026-08-13T02:13:02.931800+00:00
4107-8677,Signify,WiZ PS160 Filament,268,- ,2026-08-13T02:13:02.931800+00:00
4107-8678,Signify,WiZ A60 Filament,268,- ,2026-08-13T02:13:02.931800+00:00
4107-8679,Signify,WiZ A60 Filament,268,- ,2026-08-13T02:13:02.931800+00:00
4107-8680,Signify,WiZ A60 Filament,268,- ,2026-08-13T02:13:02.931800+00:00
4107-8681,Signify,WiZ A60 Filament,268,- ,2026-08-13T02:13:02.931800+00:00
4107-8682,Signify,WiZ Candle Filament,268,- ,2026-08-13T02:13:02.931800+00:00
4107-8683,Signify,WiZ Candle Filament,268,- ,2026-08-13T02:13:02.931800+00:00
4107-8684,Signify,WiZ G125 Filament,268,- ,2026-08-13T02:13:02.931800+00:00
4107-8685,Signify,WiZ G125 Filament,268,- ,2026-08-13T02:13:02.931800+00:00
4107-8686,Signify,WiZ G200 Filament,268,- ,2026-08-13T02:13:02.931800+00:00
4107-8687,Signify,WiZ G200 Filament,268,- ,2026-08-13T02:13:02.931800+00:00
4107-8688,Signify,WiZ G95 Filament,268,- ,2026-08-13T02:13:02.931800+00:00
4107-8689,Signify,WiZ G95 Filament,268,- ,2026-08-13T02:13:02.931800+00:00
4107-8690,Signify,WiZ PS160 Filament,268,- ,2026-08-13T02:13:02.931800+00:00
4107-8691,Signify,WiZ ST64 Filament,268,- ,2026-08-13T02:13:02.931800+00:00
4107-8692,Signify,WiZ ST64 Filament,268,- ,2026-08-13T02:13:02.931800+00:00
4107-8693,Signify,WiZ ST64 Filament,268,- ,2026-08-13T02:13:02.931800+00:00
4107-8694,Signify,Philips A60 Filament,268,- ,2026-08-13T02:13:02.931800+00:00
4107-8695,Signify,Philips A60 Filament,268,- ,2026-08-13T02:13:02.931800+00:00
4107-8696,Signify,Philips A60 Filament,268,- ,2026-08-13T02:13:02.931800+00:00
4107-8697,Signify,Philips A60 Filament,268,- ,2026-08-13T02:13:02.931800+00:00
4107-8698,Signify,Philips A60 Filament,268,- ,2026-08-13T02:13:02.931800+00:00
4107-8699,Signify,Philips Candle Filament,268,- ,2026-08-13T02:13:02.931800+00:00
4107-8700,Signify,Philips Candle Filament,268,- ,2026-08-13T02:13:02.931800+00:00
4107-8701,Signify,Philips G125 Filament,268,- ,2026-08-13T02:13:02.931800+00:00
4107-8702,Signify,Philips G125 Filament,268,- ,2026-08-13T02:13:02.931800+00:00
4107-8703,Signify,Philips G200 Filament,268,- ,2026-08-13T02:13:02.931800+00:00
4107-8704,Signify,Philips G200 Filament,268,- ,2026-08-13T02:13:02.931800+00:00
4107-8705,Signify,Philips G95 Filament,268,- ,2026-08-13T02:13:02.931800+00:00
4107-8706,Signify,Philips G95 Filament,268,- ,2026-08-13T02:13:02.931800+00:00
4107-8707,Signify,Philips PS160 Filament,268,- ,2026-08-13T02:13:02.931800+00:00
4107-8708,Signify,Philips ST64 Filament,268,- ,2026-08-13T02:13:02.931800+00:00
4107-8709,Signify,Philips ST64 Filament,268,- ,2026-08-13T02:13:02.931800+00:00
4107-8710,Signify,Philips ST64 Filament,268,- ,2026-08-13T02:13:02.931800+00:00
4107-8711,Signify,Philips Candle Filament,268,-,2026-08-13T02:13:02.931800+00:00
4107-8712,Signify,Philips G16.5 Filament,268,-,2026-08-13T02:13:02.931800+00:00
4107-8713,Signify,Philips A19 Filament,268,- ,2026-08-13T02:13:02.931800+00:00
4107-8714,Signify,Philips ST19 Filament,268,- ,2026-08-13T02:13:02.931800+00:00
4107-8720,Signify,WiZ A60 Filament,268,-,2026-08-13T02:13:02.931800+00:00
4107-8721,Signify,Philips A60 Filament,268,-,2026-08-13T02:13:02.931800+00:00
4107-8722,Signify,Philips A60 Filament,268,-,2026-08-13T02:13:02.931800+00:00
4107-8723,Signify,Philips A60 Filament,268,-,2026-08-13T02:13:02.931800+00:00
4107-8724,Signify,Philips A60 Filament,268,-,2026-08-13T02:13:02.931800+00:00
4107-8725,Signify,Philips A60 Filament,268,-,2026-08-13T02:13:02.931800+00:00
4107-8726,Signify,Philips Candle Filament,268,-,2026-08-13T02:13:02.931800+00:00
4107-8727,Signify,Philips Candle Filament,268,-,2026-08-13T02:13:02.931800+00:00
4107-8728,Signify,Philips G125 Filament,268,-,2026-08-13T02:13:02.931800+00:00
4107-8729,Signify,Philips G125 Filament,268,-,2026-08-13T02:13:02.931800+00:00
4107-8730,Signify,Philips G200 Filament,268,-,2026-08-13T02:13:02.931800+00:00
4107-8731,Signify,Philips G200 Filament,268,-,2026-08-13T02:13:02.931800+00:00
4107-8732,Signify,Philips G95 Filament,268,-,2026-08-13T02:13:02.931800+00:00
4107-8733,Signify,Philips G95 Filament,268,-,2026-08-13T02:13:02.931800+00:00
4107-8734,Signify,Philips PS160 Filament,268,-,2026-08-13T02:13:02.931800+00:00
4107-8735,Signify,Philips ST64 Filament,268,-,2026-08-13T02:13:02.931800+00:00
4107-8736,Signify,Philips ST64 Filament,268,-,2026-08-13T02:13:02.931800+00:00
4107-8737,Signify,Philips ST64 Filament,268,-,2026-08-13T02:13:02.931800+00:00
4107-8738,Signify,WiZ A60 Filament,268,-,2026-08-13T02:13:02.931800+00:00
4107-8739,Signify,WiZ A60 Filament,268,-,2026-08-13T02:13:02.931800+00:00
4107-8740,Signify,WiZ A60 Filament,268,-,2026-08-13T02:13:02.931800+00:00
4107-8741,Signify,WiZ Candle Filament,268,-,2026-08-13T02:13:02.931800+00:00
4107-8742,Signify,WiZ Candle Filament,268,-,2026-08-13T02:13:02.931800+00:00
4107-8743,Signify,WiZ G125 Filament,268,-,2026-08-13T02:13:02.931800+00:00
4107-8744,Signify,WiZ G125 Filament,268,-,2026-08-13T02:13:02.931800+00:00
4107-8745,Signify,WiZ G200 Filament,268,-,2026-08-13T02:13:02.931800+00:00
4107-8746,Signify,WiZ G200 Filament,268,-,2026-08-13T02:13:02.931800+00:00
4107-8747,Signify,WiZ G95 Filament,268,-,2026-08-13T02:13:02.931800+00:00
4107-8748,Signify,WiZ G95 Filament,268,-,2026-08-13T02:13:02.931800+00:00
4107-8749,Signify,WiZ PS160 Filament,268,-,2026-08-13T02:13:02.931800+00:00
4107-8750,Signify,WiZ ST64 Filament,268,-,2026-08-13T02:13:02.931800+00:00
4107-8751,Signify,WiZ ST64 Filament,268,-,2026-08-13T02:13:02.931800+00:00
4107-8752,Signify,WiZ ST64 Filament	,268,-,2026-08-13T02:13:02.931800+00:00
4107-8753,Signify,WiZ Hero,269,- ,2026-08-13T02:13:02.931800+00:00
4107-8754,Signify,WiZ Hero,269,- ,2026-08-13T02:13:02.931800+00:00
4107-8756,Signify,WiZ Squire,269,- ,2026-08-13T02:13:02.931800+00:00
4107-8757,Signify,WiZ Squire,269,- ,2026-08-13T02:13:02.931800+00:00
4107-8758,Signify,WiZ Squire,269,- ,2026-08-13T02:13:02.931800+00:00
4107-8760,Signify,WiZ Hero,269,- ,2026-08-13T02:13:02.931800+00:00
4107-8761,Signify,Philips Hero,269,-,2026-08-13T02:13:02.931800+00:00
4107-8762,Signify,Philips Dual Zone,269,- ,2026-08-13T02:13:02.931800+00:00
4107-8763,Signify,WiZ Squire,269,- ,2026-08-13T02:13:02.931800+00:00
4107-8764,Signify,WiZ Pole,269,- ,2026-08-13T02:13:02.931800+00:00
4107-8765,Signify,WiZ Pole,269,- ,2026-08-13T02:13:02.931800+00:00
4107-8766,Signify,WiZ Pole,269,- ,2026-08-13T02:13:02.931800+00:00
4107-8768,Signify,WiZ Mobile,269,- ,2026-08-13T02:13:02.931800+00:00
4107-8769,Signify,WiZ Mobile,269,- ,2026-08-13T02:13:02.931800+00:00
4107-8771,Signify,WiZ Pole,269,- ,2026-08-13T02:13:02.931800+00:00
4107-8772,Signify,WiZ Mobile,269,- ,2026-08-13T02:13:02.931800+00:00
4107-8773,Signify,WiZ Mobile,269,- ,2026-08-13T02:13:02.931800+00:00
4107-8774,Signify,Philips Mobile,269,- ,2026-08-13T02:13:02.931800+00:00
4107-8776,Signify,WiZ Ceiling,268,- ,2026-08-13T02:13:02.931800+00:00
4107-8777,Signify,WiZ Ceiling,268,- ,2026-08-13T02:13:02.931800+00:00
4107-8778,Signify,WiZ Ceiling,268,- ,2026-08-13T02:13:02.931800+00:00
4107-8779,Signify,WiZ Ceiling,268,- ,2026-08-13T02:13:02.931800+00:00
4107-8780,Signify,WiZ Ceiling,268,- ,2026-08-13T02:13:02.931800+00:00
4107-8781,Signify,WiZ Ceiling,268,- ,2026-08-13T02:13:02.931800+00:00
4107-8782,Signify,WiZ Ceiling,268,- ,2026-08-13T02:13:02.931800+00:00
4107-8786,Signify,WiZ Ceiling,268,- ,2026-08-13T02:13:02.931800+00:00
4107-8787,Signify,WiZ Ceiling,268,- ,2026-08-13T02:13:02.931800+00:00
4107-8788,Signify,WiZ Ceiling,268,- ,2026-08-13T02:13:02.931800+00:00
4107-8789,Signify,Philips Bar,269,- ,2026-08-13T02:13:02.931800+00:00
4107-8790,Signify,WiZ Linear,269,- ,2026-08-13T02:13:02.931800+00:00
4107-8791,Signify,WiZ Linear,269,- ,2026-08-13T02:13:02.931800+00:00
4107-8792,Signify,WiZ ELPAS Wall,269,- ,2026-08-13T02:13:02.931800+00:00
4107-8793,Signify,WiZ Ceiling,257,- ,2026-08-13T02:13:02.931800+00:00
4107-8794,Signify,Philips Ceiling,257,- ,2026-08-13T02:13:02.931800+00:00
4107-8795,Signify,WiZ Ceiling,257,- ,2026-08-13T02:13:02.931800+00:00
4107-8796,Signify,WiZ Downlight,269,-,2026-08-13T02:13:02.931800+00:00
4107-8800,Signify,Philips Ceiling,257,- ,2026-08-13T02:13:02.931800+00:00
4107-8801,Signify,WiZ Outdoor LED Strip,269,- ,2026-08-13T02:13:02.931800+00:00
4107-8802,Signify,WiZ Outdoor LED Strip,269,- ,2026-08-13T02:13:02.931800+00:00
4107-8803,Signify,Philips A21.E26,269,- ,2026-08-13T02:13:02.931800+00:00
4107-8804,Signify,WiZ A21.E26,269,- ,2026-08-13T02:13:02.931800+00:00
4107-8805,Signify,Philips A67.E27,269,- ,2026-08-13T02:13:02.931800+00:00
4107-8806,Signify,WiZ A67.E27,269,- ,2026-08-13T02:13:02.931800+00:00
4107-8807,Signify,Philips A21.E27,269,- ,2026-08-13T02:13:02.931800+00:00
4107-8808,Signify,WiZ A21.E27,269,- ,2026-08-13T02:13:02.931800+00:00
4107-8809,Signify,Philips A19,269,- ,2026-08-13T02:13:02.931800+00:00
4107-8810,Signify,WiZ A19,269,- ,2026-08-13T02:13:02.931800+00:00
4107-8811,Signify,Philips BR30,269,- ,2026-08-13T02:13:02.931800+00:00
4107-8812,Signify,WiZ BR30,269,- ,2026-08-13T02:13:02.931800+00:00
4107-8813,Signify,Philips Downlight,269,- ,2026-08-13T02:13:02.931800+00:00
4107-8814,Signify,WiZ Downlight,269,- ,2026-08-13T02:13:02.931800+00:00
4107-8815,Signify,Philips Downlight,269,- ,2026-08-13T02:13:02.931800+00:00
4107-8816,Signify,WiZ Downlight,269,- ,2026-08-13T02:13:02.931800+00:00
4107-8818,Signify,WiZ Linear,269,- ,2026-08-13T02:13:02.931800+00:00
4107-8819,Signify,WiZ A19,268,- ,2026-08-13T02:13:02.931800+00:00
4107-8820,Signify,Philips BR30,268,- ,2026-08-13T02:13:02.931800+00:00
4107-8821,Signify,WiZ BR30,268,- ,2026-08-13T02:13:02.931800+00:00
4107-8822,Signify,WiZ A19 Warm White,257,- ,2026-08-13T02:13:02.931800+00:00
4107-8823,Signify,Philips A19 Daylight,257,- ,2026-08-13T02:13:02.931800+00:00
4107-8824,Signify,WiZ A19 Daylight,257,- ,2026-08-13T02:13:02.931800+00:00
4107-8825,Signify,Philips BR30 Warm White,257,- ,2026-08-13T02:13:02.931800+00:00
4107-8826,Signify,WiZ BR30 Warm White,257,- ,2026-08-13T02:13:02.931800+00:00
4107-8827,Signify,Philips BR30 Daylight,257,- ,2026-08-13T02:13:02.931800+00:00
4107-8828,Signify,WiZ BR30 Daylight,257,- ,2026-08-13T02:13:02.931800+00:00
4107-8829,Signify,Philips A60 Filament,268,- ,2026-08-13T02:13:02.931800+00:00
4107-8830,Signify,WiZ A60 Filament,268,- ,2026-08-13T02:13:02.931800+00:00
4107-8831,Signify,WiZ Downlight,268,- ,2026-08-13T02:13:02.931800+00:00
4107-8832,Signify,WiZ Downlight,268, - ,2026-08-13T02:13:02.931800+00:00
4107-8833,Signify,WiZ Downlight,268,- ,2026-08-13T02:13:02.931800+00:00
4107-8834,Signify,Philips Downlight,268,- ,2026-08-13T02:13:02.931800+00:00
4107-8835,Signify,Philips Downlight,268,- ,2026-08-13T02:13:02.931800+00:00
4107-8836,Signify,Philips Downlight,268,- ,2026-08-13T02:13:02.931800+00:00
4107-8837,Signify,Philips Downlight,268,- ,2026-08-13T02:13:02.931800+00:00
4107-8838,Signify,Philips Downlight,268,- ,2026-08-13T02:13:02.931800+00:00
4107-8839,Signify,Philips Downlight,268,- ,2026-08-13T02:13:02.931800+00:00
4107-8840,Signify,Philips Downlight,268,- ,2026-08-13T02:13:02.931800+00:00
4107-8841,Signify,WiZ Downlight,268,- ,2026-08-13T02:13:02.931800+00:00
4107-8842,Signify,WiZ Downlight,268,- ,2026-08-13T02:13:02.931800+00:00
4107-8843,Signify,WiZ Downlight,268,- ,2026-08-13T02:13:02.931800+00:00
4107-8844,Signify,WiZ Downlight,268,- ,2026-08-13T02:13:02.931800+00:00
4107-8845,Signify,Philips Downlight,268,- ,2026-08-13T02:13:02.931800+00:00
4107-8846,Signify,WiZ Wall Light Classic,269,- ,2026-08-13T02:13:02.931800+00:00
4107-8847,Signify,WiZ Wall Light Classic,269,- ,2026-08-13T02:13:02.931800+00:00
4107-8848,Signify,Philips Downlight,268,- ,2026-08-13T02:13:02.931800+00:00
4107-8849,Signify,WiZ Downlight,268,- ,2026-08-13T02:13:02.931800+00:00
4107-8853,Signify,WiZ A19,269,- ,2026-08-13T02:13:02.931800+00:00
4107-8854,Signify,Philips Downlight,269,9290040755 (Philips),2026-08-13T02:13:02.931800+00:00
4107-8855,Signify,WiZ Downlight,269,- ,2026-08-13T02:13:02.931800+00:00
4107-8856,Signify,WiZ Downlight,269,- ,2026-08-13T02:13:02.931800+00:00
4107-8858,Signify,WiZ Smart Plug,266,- ,2026-08-13T02:13:02.931800+00:00
4107-8860,Signify,WiZ Fairy Light,269,- ,2026-08-13T02:13:02.931800+00:00
4107-8862,Signify,Philips Fairy Light,269,- ,2026-08-13T02:13:02.931800+00:00
4107-8863,Signify,WiZ Fairy Light,269,- ,2026-08-13T02:13:02.931800+00:00
4107-8864,Signify,Philips Candle,269,- ,2026-08-13T02:13:02.931800+00:00
4107-8865,Signify,WiZ Candle,269,- ,2026-08-13T02:13:02.931800+00:00
4107-8866,Signify,Philips A19,269,- ,2026-08-13T02:13:02.931800+00:00
4107-8867,Signify,WiZ A19,269,- ,2026-08-13T02:13:02.931800+00:00
4107-8868,Signify,Philips BR30,269,- ,2026-08-13T02:13:02.931800+00:00
4107-8869,Signify,WiZ BR30,269,- ,2026-08-13T02:13:02.931800+00:00
4107-8870,Signify,WiZ A.E27,269,- ,2026-08-13T02:13:02.931800+00:00
4107-8871,Signify,Philips A.E27,269,- ,2026-08-13T02:13:02.931800+00:00
4107-8872,Signify,WiZ A.B22,269,- ,2026-08-13T02:13:02.931800+00:00
4107-8873,Signify,Philips A.B22,269,- ,2026-08-13T02:13:02.931800+00:00
4107-8874,Signify,WiZ G95.E27,269,- ,2026-08-13T02:13:02.931800+00:00
4107-8875,Signify,Philips G95.E27,269,- ,2026-08-13T02:13:02.931800+00:00
4107-8876,Signify,Philips A.E26,269,- ,2026-08-13T02:13:02.931800+00:00
4107-8877,Signify,Philips G95.E26,269,-,2026-08-13T02:13:02.931800+00:00
4107-8878,Signify,Philips A19,268,- ,2026-08-13T02:13:02.931800+00:00
4107-8879,Signify,WiZ A19,268,- ,2026-08-13T02:13:02.931800+00:00
4107-8880,Signify,Philips BR30,268,- ,2026-08-13T02:13:02.931800+00:00
4107-8881,Signify,WiZ BR30,268,- ,2026-08-13T02:13:02.931800+00:00
4107-8882,Signify,Philips A.E27,268,- ,2026-08-13T02:13:02.931800+00:00
4107-8883,Signify,WiZ A.E27,268,- ,2026-08-13T02:13:02.931800+00:00
4107-8884,Signify,Philips A.B22,268,- ,2026-08-13T02:13:02.931800+00:00
4107-8885,Signify,Philips G95.E27,268,- ,2026-08-13T02:13:02.931800+00:00
4107-8886,Signify,WiZ G95.E27,268,- ,2026-08-13T02:13:02.931800+00:00
4107-8887,Signify,Philips A.E26,268,- ,2026-08-13T02:13:02.931800+00:00
4107-8888,Signify,Philips G95.E26,268,- ,2026-08-13T02:13:02.931800+00:00
4107-8889,Signify,WiZ GU10,268,- ,2026-08-13T02:13:02.931800+00:00
4107-8890,Signify,Philips GU10,268,- ,2026-08-13T02:13:02.931800+00:00
4107-8891,Signify,Philips GU10,269,- ,2026-08-13T02:13:02.931800+00:00
4107-8892,Signify,WiZ GU10,269,- ,2026-08-13T02:13:02.931800+00:00
4107-8893,Signify,WiZ A.B22,268,- ,2026-08-13T02:13:02.931800+00:00
4107-8894,Signify,WiZ Color Strip,269,- ,2026-08-13T02:13:02.931800+00:00
4107-8895,Signify,WiZ Color Strip,269,- ,2026-08-13T02:13:02.931800+00:00
4107-8896,Signify,WiZ Color Strip,269,- ,2026-08-13T02:13:02.931800+00:00
4107-8897,Signify,WiZ Color Strip,269,- ,2026-08-13T02:13:02.931800+00:00
4107-8898,Signify,WiZ Color Strip,269,- ,2026-08-13T02:13:02.931800+00:00
4107-8899,Signify,WiZ Color Strip,269,- ,2026-08-13T02:13:02.931800+00:00
4107-8900,Signify,WiZ Color Strip,269,- ,2026-08-13T02:13:02.931800+00:00
4107-8901,Signify,WiZ Color Strip,269,- ,2026-08-13T02:13:02.931800+00:00
4107-8902,Signify,WiZ Color Strip,269,- ,2026-08-13T02:13:02.931800+00:00
4107-8903,Signify,WiZ Color Strip,269,- ,2026-08-13T02:13:02.931800+00:00
4107-8904,Signify,WiZ Color Strip,269,- ,2026-08-13T02:13:02.931800+00:00
4107-8905,Signify,WiZ Color Strip,269,- ,2026-08-13T02:13:02.931800+00:00
4107-8906,Signify,WiZ Color Strip,269,- ,2026-08-13T02:13:02.931800+00:00
4107-8907,Signify,WiZ Neon Strip,269,- ,2026-08-13T02:13:02.931800+00:00
4107-8908,Signify,WiZ Neon Strip,269,- ,2026-08-13T02:13:02.931800+00:00
4107-8909,Signify,WiZ Neon Strip,269,- ,2026-08-13T02:13:02.931800+00:00
4107-8910,Signify,WiZ Neon Strip,269,- ,2026-08-13T02:13:02.931800+00:00
4107-8911,Signify,WiZ Neon Strip,269,- ,2026-08-13T02:13:02.931800+00:00
4107-8912,Signify,WiZ Ceiling,269,- ,2026-08-13T02:13:02.931800+00:00
4107-8914,Signify,WiZ Ceiling,269,- ,2026-08-13T02:13:02.931800+00:00
4107-8916,Signify,WiZ Downlight,268,- ,2026-08-13T02:13:02.931800+00:00
4107-8917,Signify,Philips A60 Filament,268,- ,2026-08-13T02:13:02.931800+00:00
4107-8918,Signify,WiZ A60 Filament,268,- ,2026-08-13T02:13:02.931800+00:00
4107-8919,Signify,WiZ Color Strip,269,- ,2026-08-13T02:13:02.931800+00:00
4107-8920,Signify,WiZ Color Strip,269,- ,2026-08-13T02:13:02.931800+00:00
4107-8921,Signify,WiZ Color Strip,269,- ,2026-08-13T02:13:02.931800+00:00
4107-8922,Signify,WiZ Color Strip,269,- ,2026-08-13T02:13:02.931800+00:00
4107-8923,Signify,WiZ Color Strip,269,- ,2026-08-13T02:13:02.931800+00:00
4107-8924,Signify,WiZ Color Strip,269,- ,2026-08-13T02:13:02.931800+00:00
4107-8925,Signify,WiZ Color Strip,269,- ,2026-08-13T02:13:02.931800+00:00
4107-8926,Signify,WiZ Color Strip,269,- ,2026-08-13T02:13:02.931800+00:00
4107-8927,Signify,WiZ Color Strip,269,- ,2026-08-13T02:13:02.931800+00:00
4107-8928,Signify,WiZ Color Strip,269,- ,2026-08-13T02:13:02.931800+00:00
4107-8929,Signify,WiZ Color Strip,269,- ,2026-08-13T02:13:02.931800+00:00
4107-8930,Signify,WiZ Color Strip,269,- ,2026-08-13T02:13:02.931800+00:00
4107-8931,Signify,WiZ Color Strip,269,- ,2026-08-13T02:13:02.931800+00:00
4107-8932,Signify,Multi-color Neon Flex Strip,269,- ,2026-08-13T02:13:02.931800+00:00
4107-8933,Signify,WiZ Smart Plug,266,- ,2026-08-13T02:13:02.931800+00:00
4107-8936,Signify,WiZ Downlight,269,-,2026-08-13T02:13:02.931800+00:00
4107-8937,Signify,WiZ Downlight,269,-,2026-08-13T02:13:02.931800+00:00
4107-8938,Signify,WiZ Downlight,269,-,2026-08-13T02:13:02.931800+00:00
4107-8939,Signify,Philips Downlight,269,-,2026-08-13T02:13:02.931800+00:00
4107-8940,Signify,Philips Downlight,269,-,2026-08-13T02:13:02.931800+00:00
4107-8941,Signify,Philips Downlight,269,-,2026-08-13T02:13:02.931800+00:00
4107-8942,Signify,Philips Downlight,269,-,2026-08-13T02:13:02.931800+00:00
4107-8943,Signify,Philips A60,269,-,2026-08-13T02:13:02.931800+00:00
4107-8944,Signify,WiZ A60,269,-,2026-08-13T02:13:02.931800+00:00
4107-8945,Signify,Philips A60,269,-,2026-08-13T02:13:02.931800+00:00
4107-8946,Signify,WiZ A60,269,-,2026-08-13T02:13:02.931800+00:00
4107-8947,Signify,Philips A60,269,-,2026-08-13T02:13:02.931800+00:00
4107-8948,Signify,WiZ Gradient Floor lamp,269,-,2026-08-13T02:13:02.931800+00:00
4107-8949,Signify,WiZ Gradient Floor lamp,269,-,2026-08-13T02:13:02.931800+00:00
4107-8950,Signify,WiZ Gradient Floor lamp,269,-,2026-08-13T02:13:02.931800+00:00
4107-8951,Signify,WiZ Gradient Floor lamp,269,-,2026-08-13T02:13:02.931800+00:00
4107-8952,Signify,WiZ Gradient Floor lamp,269,-,2026-08-13T02:13:02.931800+00:00
4107-8953,Signify,WiZ Gradient Bars,269,-,2026-08-13T02:13:02.931800+00:00
4107-8954,Signify,WiZ Gradient Bars,269,-,2026-08-13T02:13:02.931800+00:00
4107-8955,Signify,WiZ Gradient Bars,269,-,2026-08-13T02:13:02.931800+00:00
4107-8956,Signify,WiZ Gradient Bars,269,-,2026-08-13T02:13:02.931800+00:00
4107-8957,Signify,WiZ A60,269,-,2026-08-13T02:13:02.931800+00:00
4107-8958,Signify,Philips A60.E27,269,-,2026-08-13T02:13:02.931800+00:00
4107-8959,Signify,Philips A19,269,-,2026-08-13T02:13:02.931800+00:00
4107-8960,Signify,WiZ A19,269,-,2026-08-13T02:13:02.931800+00:00
4107-8961,Signify,Philips A60.E27,269,-,2026-08-13T02:13:02.931800+00:00
4107-8962,Signify,WiZ A60,269,-,2026-08-13T02:13:02.931800+00:00
4107-8963,Signify,Philips A60.B22,269,-,2026-08-13T02:13:02.931800+00:00
4107-8964,Signify,WiZ A60,269,-,2026-08-13T02:13:02.931800+00:00
4107-8965,Signify,WiZ A60,268,-,2026-08-13T02:13:02.931800+00:00
4107-8966,Signify,Philips A60.E27,268,-,2026-08-13T02:13:02.931800+00:00
4107-8967,Signify,Philips A19,268,-,2026-08-13T02:13:02.931800+00:00
4107-8968,Signify,WiZ A19,268,-,2026-08-13T02:13:02.931800+00:00
4107-8969,Signify,Philips A60.E27,268,-,2026-08-13T02:13:02.931800+00:00
4107-8970,Signify,WiZ A60,268,-,2026-08-13T02:13:02.931800+00:00
4107-8971,Signify,Philips A60.B22,268,-,2026-08-13T02:13:02.931800+00:00
4107-8972,Signify,WiZ A60,268,-,2026-08-13T02:13:02.931800+00:00
4107-8973,Signify,WiZ Color Strip,269,-,2026-08-13T02:13:02.931800+00:00
4107-8974,Signify,WiZ Color Strip,269,-,2026-08-13T02:13:02.931800+00:00
4107-8976,Signify,WiZ Smart Plug,266,9290024276A (WiZ),2026-08-13T02:13:02.931800+00:00
4107-8977,Signify,Philips Smart Plug,266,9290024276A (Philips),2026-08-13T02:13:02.931800+00:00
4107-8978,Signify,WiZ Smart Plug,266,9290024277A (WiZ),2026-08-13T02:13:02.931800+00:00
4107-8979,Signify,WiZ Smart Plug,266,9290024278A (WiZ),2026-08-13T02:13:02.931800+00:00
4107-8985,Signify,Philips Smart Plug,266,9290047519 (Philips),2026-08-13T02:13:02.931800+00:00
4107-8987,Signify,Philips Gradient Floor,269,9290047328 (Philips),2026-08-13T02:13:02.931800+00:00
4107-8988,Signify,Philips Gradient Floor,269,9290047329 (Philips),2026-08-13T02:13:02.931800+00:00
4107-8989,Signify,Philips Gradient Floor,269,9290047331 (Philips),2026-08-13T02:13:02.931800+00:00
4107-8994,Signify,Philips Gradient Bars,269,9290047323 (Philips),2026-08-13T02:13:02.931800+00:00
4107-8995,Signify,Philips Gradient Bars,269,9290047324 (Philips),2026-08-13T02:13:02.931800+00:00
4107-8996,Signify,Philips Gradient Bars,269,9290047326 (Philips),2026-08-13T02:13:02.931800+00:00
4107-9000,Signify,WiZ Color Strip,269,-,2026-08-13T02:13:02.931800+00:00
4107-9001,Signify,Philips Color Strip,269,9290047066 (Philips),2026-08-13T02:13:02.931800+00:00
4107-9002,Signify,WiZ Ceiling,269,-,2026-08-13T02:13:02.931800+00:00
4107-9004,Signify,Philips Ceiling,269,-,2026-08-13T02:13:02.931800+00:00
4107-9006,Signify,Philips Color Strip,269,9290041397 (Philips),2026-08-13T02:13:02.931800+00:00
4107-9007,Signify,Philips Color Strip,269,9290041398 (Philips),2026-08-13T02:13:02.931800+00:00
4107-9008,Signify,Philips Color Strip,269,9290041259 (Philips),2026-08-13T02:13:02.931800+00:00
4107-9009,Signify,Philips Color Strip,269,9290041265 (Philips),2026-08-13T02:13:02.931800+00:00
4107-9010,Signify,Philips Neon Strip,269,9290041262 (Philips),2026-08-13T02:13:02.931800+00:00
4107-9011,Signify,Philips Neon Strip,269,9290041267 (Philips),2026-08-13T02:13:02.931800+00:00
4107-9012,Signify,Philips Fairy Light,269,-,2026-08-13T02:13:02.931800+00:00
4107-9016,Signify,Philips Ceiling,268,-,2026-08-13T02:13:02.931800+00:00
4107-9017,Signify,Philips Ceiling,268,9290032267 (Philips),2026-08-13T02:13:02.931800+00:00
4107-9018,Signify,Philips Ceiling,269,-,2026-08-13T02:13:02.931800+00:00
4107-9020,Signify,Philips Candle,268,9290024487B (Philips),2026-08-13T02:13:02.931800+00:00
4107-9021,Signify,WiZ Candle,268,9290024487B (WiZ),2026-08-13T02:13:02.931800+00:00
4107-9022,Signify,Philips Candle,269,9290024488C (Philips),2026-08-13T02:13:02.931800+00:00
4107-9023,Signify,WiZ Candle,269,9290024488C (WiZ),2026-08-13T02:13:02.931800+00:00
4107-9024,Signify,Philips P45,269,9290034997A (Philips),2026-08-13T02:13:02.931800+00:00
4107-9025,Signify,Philips P45,269,9290034997A (WiZ),2026-08-13T02:13:02.931800+00:00
4107-9026,Signify,Philips P45,269,9290034998A (Philips),2026-08-13T02:13:02.931800+00:00
4107-9027,Signify,WiZ P45,269,9290034998A (WiZ),2026-08-13T02:13:02.931800+00:00
4107-9028,Signify,WiZ LED Strip RGBICWW,269,9290047097 (WiZ),2026-08-13T02:13:02.931800+00:00
4107-9029,Signify,WiZ LED Strip RGBICWW,269,9290047098 (WiZ),2026-08-13T02:13:02.931800+00:00
4107-9030,Signify,WiZ LED Strip RGBICWW,269,9290047099 (WiZ),2026-08-13T02:13:02.931800+00:00
4107-9031,Signify,WiZ LED Strip RGBICWW,269,9290047100 (WiZ),2026-08-13T02:13:02.931800+00:00
4107-9032,Signify,WiZ LED Strip RGBICWW,269,9290047101 (WiZ),2026-08-13T02:13:02.931800+00:00
4107-9033,Signify,WiZ LED Strip RGBICWW,269,9290047102 (WiZ),2026-08-13T02:13:02.931800+00:00
4107-9034,Signify,Philips LED Strip RGBICWW,269,9290047097 (Philips),2026-08-13T02:13:02.931800+00:00
4107-9035,Signify,Philips LED Strip RGBICWW,269,9290047098 (Philips),2026-08-13T02:13:02.931800+00:00
4107-9036,Signify,Philips LED Strip RGBICWW,269,9290047099 (Philips),2026-08-13T02:13:02.931800+00:00
4107-9037,Signify,Philips LED Strip RGBICWW,269,9290047100 (Philips),2026-08-13T02:13:02.931800+00:00
4107-9038,Signify,Philips LED Strip RGBICWW,269,9290047101 (Philips),2026-08-13T02:13:02.931800+00:00
4107-9039,Signify,Philips LED Strip RGBICWW,269,9290047102 (Philips),2026-08-13T02:13:02.931800+00:00
4107-9040,Signify,Philips Color Strip,269,9290041399 (Philips),2026-08-13T02:13:02.931800+00:00
4107-9041,Signify,Philips Color Strip,269,9290041401 (Philips),2026-08-13T02:13:02.931800+00:00
4107-9042,Signify,Philips Wall Light Classic,269,9290033521 (Philips),2026-08-13T02:13:02.931800+00:00
4107-9043,Signify,Philips ELPAS Wall,269,9290032475 (Philips),2026-08-13T02:13:02.931800+00:00
4107-9044,Signify,Philips Ceiling,268,9290026851 (Philips),2026-08-13T02:13:02.931800+00:00
4107-9045,Signify,Philips Color Strip,269,9290041268 (Philips),2026-08-13T02:13:02.931800+00:00
4107-9046,Signify,Philips Color Strip,269,9290041270 (Philips),2026-08-13T02:13:02.931800+00:00
4107-9054,Signify,Philips Squire Lite,269,9290047760 (Philips),2026-08-13T02:13:02.931800+00:00
4107-9062,Signify,Philips Squire Lite,269,9290047768 (Philips),2026-08-13T02:13:02.931800+00:00
4107-9085,Signify,Philips Fairy String Light,269,9290047105 (Philips),2026-08-13T02:13:02.931800+00:00
4107-9086,Signify,Philips Fairy String Light,269,9290047106 (Philips),2026-08-13T02:13:02.931800+00:00
4107-9156,Signify,Philips A19,268,9290023831D (Philips),2026-08-13T02:13:02.931800+00:00
4107-9158,Signify,Philips BR30,268,9290023832D (Philips),2026-08-13T02:13:02.931800+00:00
4107-9160,Signify,Philips A19,269,9290023833E (Philips),2026-08-13T02:13:02.931800+00:00
4107-9162,Signify,Philips BR30,269,9290023834E (Philips),2026-08-13T02:13:02.931800+00:00
4107-9164,Signify,Philips A60 E27,269,9290036010B (Philips),2026-08-13T02:13:02.931800+00:00
4107-9168,Signify,Philips A60 B22,269,9290036020B (Philips),2026-08-13T02:13:02.931800+00:00
4107-9172,Signify,Philips G95 E27,269,9290036047B (Philips),2026-08-13T02:13:02.931800+00:00
4107-9176,Signify,Philips A60 E27,268,9290037819A (Philips),2026-08-13T02:13:02.931800+00:00
4107-9180,Signify,Philips A60 B22,268,9290037820A (Philips),2026-08-13T02:13:02.931800+00:00
4107-9184,Signify,Philips G95 E27,268,9290037821A (Philips),2026-08-13T02:13:02.931800+00:00
4107-9199,Signify,Philips GU10,269,9290037723 (Philips),2026-08-13T02:13:02.931800+00:00
4107-9262,Signify,Philips Smart Plug,266,9290024277A (Philips),2026-08-13T02:13:02.931800+00:00
4107-9263,Signify,Philips Smart Plug,266,9290024278A (Philips),2026-08-13T02:13:02.931800+00:00
4107-9266,Signify,Philips Downlight,269,9290047913 (Philips),2026-08-13T02:13:02.931800+00:00
4107-9268,Signify,Philips Ceiling,269,9290047560 (Philips),2026-08-13T02:13:02.931800+00:00
4107-9269,Signify,Philips Ceiling,269,9290047561 (Philips),2026-08-13T02:13:02.931800+00:00
4107-9270,Signify,WiZ A E27,268,9290037819X (WiZ),2026-08-13T02:13:02.931800+00:00
4107-9271,Signify,Philips A E27,268,9290037819X (Philips),2026-08-13T02:13:02.931800+00:00
4107-9272,Signify,WiZ A E27,269,9290036010AX (WiZ),2026-08-13T02:13:02.931800+00:00
4107-9273,Signify,Philips A E27,269,9290036010AX (Philips),2026-08-13T02:13:02.931800+00:00
4107-9274,Signify,WiZ G95 E27,268,9290037821X (WiZ),2026-08-13T02:13:02.931800+00:00
4107-9275,Signify,Philips G95 E27,268,9290037821X (Philips),2026-08-13T02:13:02.931800+00:00
4107-9276,Signify,WiZ G95 E27,269,9290036047AX (WiZ),2026-08-13T02:13:02.931800+00:00
4107-9277,Signify,Philips G95 E27,269,9290036047AX (Philips),2026-08-13T02:13:02.931800+00:00
4107-9278,Signify,Philips A19,269,9290023833F (Philips),2026-08-13T02:13:02.931800+00:00
4107-9281,Signify,Philips A19,268,9290023831E (Philips),2026-08-13T02:13:02.931800+00:00
4107-9283,Signify,Philips BR30,268,9290023832E (Philips),2026-08-13T02:13:02.931800+00:00
4107-9285,Signify,Philips BR30,269,9290023834F (Philips),2026-08-13T02:13:02.931800+00:00
4107-9287,Signify,Philips A E27,269,9290036010C (Philips),2026-08-13T02:13:02.931800+00:00
4107-9289,Signify,Philips A E27,269,9290036010CX (Philips),2026-08-13T02:13:02.931800+00:00
4107-9291,Signify,Philips A B22,269,9290036020C (Philips),2026-08-13T02:13:02.931800+00:00
4107-9293,Signify,Philips A B22,269,9290036020CX (Philips),2026-08-13T02:13:02.931800+00:00
4107-9295,Signify,Philips G95 E27,269,9290036047C (Philips),2026-08-13T02:13:02.931800+00:00
4107-9297,Signify,Philips G95 E27,269,9290036047CX (Philips),2026-08-13T02:13:02.931800+00:00
4107-9299,Signify,Philips A E27,268,9290037819B (Philips),2026-08-13T02:13:02.931800+00:00
4107-9301,Signify,Philips A E27,268,9290037819BX (Philips),2026-08-13T02:13:02.931800+00:00
4107-9303,Signify,Philips A B22,268,9290037820B (Philips),2026-08-13T02:13:02.931800+00:00
4107-9305,Signify,Philips A B22,268,9290037820BX (Philips),2026-08-13T02:13:02.931800+00:00
4107-9306,Signify,Philips A E26,268,9290038025B (Philips),2026-08-13T02:13:02.931800+00:00
4107-9308,Signify,Philips G95 E27,268,9290037821B (Philips),2026-08-13T02:13:02.931800+00:00
4107-9310,Signify,Philips G95 E27,268,9290037821BX (Philips),2026-08-13T02:13:02.931800+00:00
4107-9311,Signify,Philips Downlight,269,9290047783 (Philips),2026-08-13T02:13:02.931800+00:00
4107-9312,Signify,Philips Downlight,269,9290047786 (Philips),2026-08-13T02:13:02.931800+00:00
4107-9313,Signify,Philips Downlight,269,9290047787 (Philips),2026-08-13T02:13:02.931800+00:00
4107-9319,Signify,Philips Mobile,269,9290032115 (Philips),2026-08-13T02:13:02.931800+00:00
4107-9320,Signify,Philips Ceiling,268,9290032269 (Philips),2026-08-13T02:13:02.931800+00:00
4107-9322,Signify,Philips Color Strip,269,9290046217 (Philips),2026-08-13T02:13:02.931800+00:00
4107-9323,Signify,Philips Color Strip,269,9290041257 (Philips),2026-08-13T02:13:02.931800+00:00
4107-9325,Signify,Philips Color Strip,269,9290041258 (Philips),2026-08-13T02:13:02.931800+00:00
4107-9326,Signify,Philips Color Strip,269,9290046762 (Philips),2026-08-13T02:13:02.931800+00:00
4107-9327,Signify,Philips Color Strip,269,9290041400 (Philips),2026-08-13T02:13:02.931800+00:00
4107-9328,Signify,Philips Color Strip,269,9290041402 (Philips),2026-08-13T02:13:02.931800+00:00
4107-9329,Signify,Philips Color Strip,269,9290041260 (Philips),2026-08-13T02:13:02.931800+00:00
4107-9330,Signify,Philips Color Strip,269,9290041266 (Philips),2026-08-13T02:13:02.931800+00:00
4107-9331,Signify,Philips Color Strip,269,9290041261 (Philips),2026-08-13T02:13:02.931800+00:00
4107-9332,Signify,Philips Color Strip,269,9290046761 (Philips),2026-08-13T02:13:02.931800+00:00
4107-9333,Signify,Philips Neon Strip,269,9290041263 (Philips),2026-08-13T02:13:02.931800+00:00
4107-9377,Signify,Philips Ceiling,268,9290032487 (Philips),2026-08-13T02:13:02.931800+00:00
4107-9387,Signify,Philips Downlight,269,9290032947 (Philips),2026-08-13T02:13:02.931800+00:00
4107-9388,Signify,Philips Downlight,269,9290032948 (Philips),2026-08-13T02:13:02.931800+00:00
4107-9394,Signify,Philips Downlight,269,9290033129 (Philips),2026-08-13T02:13:02.931800+00:00
4107-9405,Signify,Philips Multi-color Neon Strip,269,9290041396 (Philips),2026-08-13T02:13:02.931800+00:00
4107-9407,Signify,Philips Color Strip,269,9290041404 (Philips),2026-08-13T02:13:02.931800+00:00
4107-9413,Signify,Philips Color Strip,269,9290046218 (Philips),2026-08-13T02:13:02.931800+00:00
4107-9414,Signify,Philips Color Strip,269,9290047193 (Philips),2026-08-13T02:13:02.931800+00:00
4107-9415,Signify,Philips Color Strip,269,9290047194 (Philips),2026-08-13T02:13:02.931800+00:00
4107-9430,Signify,Philips Color Strip,269,9290041271 (Philips),2026-08-13T02:13:02.931800+00:00
4107-9434,Signify,Philips Color Strip,269,9290046923 (Philips),2026-08-13T02:13:02.931800+00:00
4107-9448,Signify,Philips Fairy String Light,269,9290047988 (Philips),2026-08-13T02:13:02.931800+00:00
4107-9516,Signify,Philips Ceiling,269,9290048157 (Philips),2026-08-13T02:13:02.931800+00:00
4107-9517,Signify,Philips Ceiling,268,9290049161 (Philips),2026-08-13T02:13:02.931800+00:00
4107-9518,Signify,Philips Ceiling,269,9290048159 (Philips),2026-08-13T02:13:02.931800+00:00
4107-9519,Signify,Philips Ceiling,268,9290049163 (Philips),2026-08-13T02:13:02.931800+00:00
4107-9520,Signify,Philips Ceiling,269,9290048158 (Philips),2026-08-13T02:13:02.931800+00:00
4107-9521,Signify,Philips Ceiling,268,9290049162 (Philips),2026-08-13T02:13:02.931800+00:00
4107-9522,Signify,Philips Ceiling,269,9290048160 (Philips),2026-08-13T02:13:02.931800+00:00
4107-9523,Signify,Philips Ceiling,268,9290049164 (Philips),2026-08-13T02:13:02.931800+00:00
4107-24576,Signify,HALO Flood (ESF),269,- ,2026-08-13T02:13:02.931800+00:00
4107-24578,Signify,HALO Motion Flood (ESF),269,- ,2026-08-13T02:13:02.931800+00:00
4107-24580,Signify,HALO Dual Zone Canless 6,269,- ,2026-08-13T02:13:02.931800+00:00
4107-24581,Signify,HALO Dual Zone Canless 4,269,- ,2026-08-13T02:13:02.931800+00:00
4107-24582,Signify,HALO Dual Zone 56,269,- ,2026-08-13T02:13:02.931800+00:00
4107-24583,Signify,HALO Dual Zone 4,269,- ,2026-08-13T02:13:02.931800+00:00
4107-24584,Signify,HALO Downlight (RLDM),269,- ,2026-08-13T02:13:02.931800+00:00
4107-24585,Signify,HALO Downlight (RLDM),269,- ,2026-08-13T02:13:02.931800+00:00
4107-24586,Signify,HALO Adjustable (RADM),269,- ,2026-08-13T02:13:02.931800+00:00
4107-24587,Signify,HALO Adjustable (RADM),269,- ,2026-08-13T02:13:02.931800+00:00
4107-24588,Signify,Metalux 1x4 Flat Panel,269,-,2026-08-13T02:13:02.931800+00:00
4107-24589,Signify,HALO SlimEdge 4,269,HLBWZC4,2026-08-13T02:13:02.931800+00:00
4107-24590,Signify,HALO SlimEdge 6,269,HLBWZC6,2026-08-13T02:13:02.931800+00:00
4107-32769,Signify,PDTS8001,14,913703092309,2026-08-13T02:13:02.931800+00:00
4107-32785,Signify,PDDEGS8011,14,913703371509,2026-08-13T02:13:02.931800+00:00
4125-1,Fortune Brands,Yale Assure Matter Module,10,Ayr-mod-mt1-usa,2026-08-13T02:13:02.931800+00:00
4125-32774,Fortune Brands,Spider GDO,65535,123456789ABCDE6,2026-08-13T02:13:02.931800+00:00
4125-33040,Fortune Brands,Yale Smart Lock with Matter,10,YRD510-MT1-ASH,2026-08-13T02:13:02.931800+00:00
4125-33296,Fortune Brands,Yale Smart Lock with Matter,10,YRD510-MT1-SNW,2026-08-13T02:13:02.931800+00:00
4125-33552,Fortune Brands,Yale Smart Lock with Matter,10,YRD510-MT1-BLK,2026-08-13T02:13:02.931800+00:00
4129-1,Legrand Group,Netatmo Smart 2-in-1 Sensor,263,NAS01,2026-08-13T02:13:02.931800+00:00
4129-3,Legrand Group,Smart Lights Smart Plug,266,WWMP10,2026-08-13T02:13:02.931800+00:00
4129-4,Legrand Group,Smart Lights Outdoor Plug,266,WWMP31,2026-08-13T02:13:02.931800+00:00
4129-5,Legrand Group,Radiant Smart Switch,256,WWMRL10WH,2026-08-13T02:13:02.931800+00:00
4129-6,Legrand Group,Radiant Smart LED Dimmer,257,WWMRL51WH,2026-08-13T02:13:02.931800+00:00
4129-7,Legrand Group,Radiant Smart Receptacle,266,WWMRR15WH,2026-08-13T02:13:02.931800+00:00
4129-8,Legrand Group,Netatmo Thermo Hub,14,NTG01,2026-08-13T02:13:02.931800+00:00
4142-8192,LG Electronics,LG Temp and Humidity Sensor,770,TMSTAA4W,2026-08-13T02:13:02.931800+00:00
4142-8208,LG Electronics,LG Air Quality Sensor,44,TMSA2A4W,2026-08-13T02:13:02.931800+00:00
4142-8224,LG Electronics,LG Door and Window Sensor,21,TMSDAA4W,2026-08-13T02:13:02.931800+00:00
4142-8240,LG Electronics,LG Motion Sensor,263,TMSMAA4W,2026-08-13T02:13:02.931800+00:00
4142-8704,LG Electronics,LG Smart Wall Switch (1 Button),256,TMCS1W4W,2026-08-13T02:13:02.931800+00:00
4142-8705,LG Electronics,LG Smart Wall Switch (2 Button),256,TMCS2W4W,2026-08-13T02:13:02.931800+00:00
4142-8706,LG Electronics,LG Smart Wall Switch (3 Button),256,TMCS3W4W,2026-08-13T02:13:02.931800+00:00
4142-8784,LG Electronics,LG Smart Button (1 Button),15,TMCB1B4W,2026-08-13T02:13:02.931800+00:00
4142-8785,LG Electronics,LG Smart Button (2 Button),15,TMCB2B4W,2026-08-13T02:13:02.931800+00:00
4142-8800,LG Electronics,LG Smart Plug,266,TMCP114W,2026-08-13T02:13:02.931800+00:00
4161-1,STMicroelectronics,STM32WB55MM-DK,257,-,2026-08-13T02:13:02.931800+00:00
4169-5632,Silicon Labs,RS9116 Wi-Fi NCP SoCs,257, RS9116X-SB-EVK1,2026-08-13T02:13:02.931800+00:00
4169-9216,Silicon Labs,EFR32MG24X,256,xG24-RB4187C,2026-08-13T02:13:02.931800+00:00
4190-9987,Schneider Electric,PenTest2,14,9987,2026-08-13T02:13:02.931800+00:00
4190-13678,Schneider Electric,New testProduct 1,11,1,2026-08-13T02:13:02.931800+00:00
4190-17577,Schneider Electric,Elko One Thermostat,769,123456,2026-08-13T02:13:02.931800+00:00
4190-17622,Schneider Electric,Wiser Hub 2nd Generation,14,-,2026-08-13T02:13:02.931800+00:00
4190-17623,Schneider Electric,Wiser Hub 2nd Generation,14,1,2026-08-13T02:13:02.931800+00:00
4190-17624,Schneider Electric,Wiser Hub 2nd Generation,14,1,2026-08-13T02:13:02.931800+00:00
4190-17625,Schneider Electric,Wiser Hub 2nd Generation,14,1,2026-08-13T02:13:02.931800+00:00
4190-17629,Schneider Electric,Wiser Hub 2nd Generation,14,1,2026-08-13T02:13:02.931800+00:00
4190-17635,Schneider Electric,Wiser Hub 2nd Generation,14,1,2026-08-13T02:13:02.931800+00:00
4190-17636,Schneider Electric,Wiser Hub 2nd Generation,14,1,2026-08-13T02:13:02.931800+00:00
4190-17637,Schneider Electric,Wiser Hub 2nd Generation,14,1,2026-08-13T02:13:02.931800+00:00
4190-17638,Schneider Electric,Wiser Hub 2nd Generation,14,1,2026-08-13T02:13:02.931800+00:00
4190-17639,Schneider Electric,Wiser Hub 2nd Generation,14,1,2026-08-13T02:13:02.931800+00:00
4190-17647,Schneider Electric,Temperature/Humidity Sensor,770,-,2026-08-13T02:13:02.931800+00:00
4190-18866,Schneider Electric,Energy Data Processor Wired,1296,-,2026-08-13T02:13:02.931800+00:00
4190-18867,Schneider Electric,Energy Data Processor Wireless,1296,-,2026-08-13T02:13:02.931800+00:00
4190-18902,Schneider Electric,Square D WiFi Switch,266,SQR141U1XXWM,2026-08-13T02:13:02.931800+00:00
4190-18903,Schneider Electric,Square D WiFi Dimmer,267,SQR226U1XXWM,2026-08-13T02:13:02.931800+00:00
4190-18904,Schneider Electric,Square D Wifi Receptacle,266,SQR441U1XXWM,2026-08-13T02:13:02.931800+00:00
4216-1,ntve home,ntve home Smart Thermostat,769,NST8001,2026-08-13T02:13:02.931800+00:00
4240-4098,Green Energy Options,SeeZero Display,14,PCK-CN,2026-08-13T02:13:02.931800+00:00
4240-8193,Green Energy Options,SeeZero Thermostat,770,PCK-HC,2026-08-13T02:13:02.931800+00:00
4251-4096,Leviton,Decora Smart Wi-Fi 2nd Gen Dimmer,257,D26HD,2026-08-13T02:13:02.931800+00:00
4251-4097,Leviton,Decora Smart Wi-Fi 2nd Gen Switch,256,D215S,2026-08-13T02:13:02.931800+00:00
4251-4098,Leviton,Decora Smart Wi-Fi 2nd Gen Mini Plug-In Dimmer,257,D23LP,2026-08-13T02:13:02.931800+00:00
4251-4099,Leviton,Decora Smart Wi-Fi 2nd Gen Mini Plug-In Switch,266,D215P,2026-08-13T02:13:02.931800+00:00
4251-4100,Leviton,Decora Smart Wi-Fi 2nd Gen Outlet,256,D215R,2026-08-13T02:13:02.931800+00:00
4251-4101,Leviton,Decora Smart Wi-Fi Fan Speed Controller,43,D24SF,2026-08-13T02:13:02.931800+00:00
4251-4102,Leviton,Decora Smart Wi-Fi Motion Sensing Dimmer,257,D2MSD,2026-08-13T02:13:02.931800+00:00
4251-4103,Leviton,Decora Smart Wi-Fi Scene Controller Switch,15,D2SCS,2026-08-13T02:13:02.931800+00:00
4251-4105,Leviton,Decora Smart Wi-Fi 2nd Gen Outdoor Plug-In Switch,266,D215O,2026-08-13T02:13:02.931800+00:00
4251-4107,Leviton,D2ELV Decora Smart Wi-Fi ELV Dimmer,257,D2ELV,2026-08-13T02:13:02.931800+00:00
4251-4108,Leviton,VM2D3 Decora Evolve Smart Dimmer Module,257,VM2D3,2026-08-13T02:13:02.931800+00:00
4251-4109,Leviton,VM2S1 Decora Evolve Smart Switch Module,256,VM2S1,2026-08-13T02:13:02.931800+00:00
4251-4110,Leviton,Decora Smart Wi-Fi  Dimmer for 0-10V LED,257,D2710,2026-08-13T02:13:02.931800+00:00
4251-4112,Leviton,Decora Smart Wi-Fi 3nd Gen Dimmer,257,D36HD,2026-08-13T02:13:02.931800+00:00
4251-4113,Leviton,Decora Smart Wi-Fi 3nd Gen Switch,256,D315S,2026-08-13T02:13:02.931800+00:00
4304-32773,Qorvo,Qorvo QPG6105 DK Matter Light,269,GP17810,2026-08-13T02:13:02.931800+00:00
4334-1766,UEI,Carrier Smart Thermostat with InteliSense,769,TSTATCCIEWF-01,2026-08-13T02:13:02.931800+00:00
4334-2048,UEI,Carrier Smart Thermostat,769,TSTATCCEWF-01,2026-08-13T02:13:02.931800+00:00
4338-24832,ubisys,ubisys G1,14,1014,2026-08-13T02:13:02.931800+00:00
4364-52685,(unknown vendor 4364),MT 10V 2-CH CONV/220-240,269,AM526850055,2026-08-13T02:13:02.931800+00:00
4381-1,Comcast Communications,Comcast Gateway,1,XB7,2026-08-13T02:13:02.931800+00:00
4388-1,Jasco Products Company LLC,Philips Smart Plug-In,266,JDT3793W/37,2026-08-13T02:13:02.931800+00:00
4388-683,Jasco Products Company LLC,Enbrighten Yard Stake,266,81200,2026-08-13T02:13:02.931800+00:00
4388-684,Jasco Products Company LLC,Enbrighten 2-Outlet Wi-Fi Plug,266,81200,2026-08-13T02:13:02.931800+00:00
4388-685,Jasco Products Company LLC,Enbrighten 2-Outlet Wi-Fi Plug,266,81198,2026-08-13T02:13:02.931800+00:00
4388-761,Jasco Products Company LLC,Enbrighten Micro Plug,266,81197,2026-08-13T02:13:02.931800+00:00
4388-1374,Jasco Products Company LLC,Enbrighten Plug-in Dimmer Receiver,267,62720,2026-08-13T02:13:02.931800+00:00
4388-1501,Jasco Products Company LLC,Enbrighten Indoor Plug-in Receiver,266,62717/62719/62721,2026-08-13T02:13:02.931800+00:00
4388-1503,Jasco Products Company LLC,Enbrighten Outdoor Plug-in Receiver,266,62718,2026-08-13T02:13:02.931800+00:00
4388-1750,Jasco Products Company LLC,JascoPro Series RGBWW A19 Bulb,269,81886,2026-08-13T02:13:02.931800+00:00
4388-1752,Jasco Products Company LLC,JascoPro Series RGBWW BR30 Bulb,269,81889,2026-08-13T02:13:02.931800+00:00
4388-1753,Jasco Products Company LLC,JascoPro Series RGBWW Retrofit Downlight,269,81902,2026-08-13T02:13:02.931800+00:00
4388-1754,Jasco Products Company LLC,JascoPro Series RGBWW Surface Mount Light,269,81901,2026-08-13T02:13:02.931800+00:00
4388-1789,Jasco Products Company LLC,JascoPro Series Rocker Switch,256,81919,2026-08-13T02:13:02.931800+00:00
4388-1813,Jasco Products Company LLC,JascoProSeries EmergencyFlash SingleButton,256,81915,2026-08-13T02:13:02.931800+00:00
4388-1827,Jasco Products Company LLC,JascoProSeries 4Button Scene Controller,256,81914,2026-08-13T02:13:02.931800+00:00
4388-1843,Jasco Products Company LLC,JascoProSeries 1-Outlet Tether Plug-In,266,81910,2026-08-13T02:13:02.931800+00:00
4388-2116,Jasco Products Company LLC,JascoPro Series 1 Grounded Outlet,266,81913,2026-08-13T02:13:02.931800+00:00
4388-2152,Jasco Products Company LLC,Enbrighten In-wall Switch,256,80976,2026-08-13T02:13:02.931800+00:00
4388-2383,Jasco Products Company LLC,JascoPro RGBWW Wafer Light 6inch,269,81898,2026-08-13T02:13:02.931800+00:00
4388-2384,Jasco Products Company LLC,JascoPro RGBWW Wafer Light 4inch,269,81895,2026-08-13T02:13:02.931800+00:00
4388-2385,Jasco Products Company LLC,JascoPro Matter RGBWW B10 Bulb,269,82966,2026-08-13T02:13:02.931800+00:00
4388-2425,Jasco Products Company LLC,Enbrighten In-Wall Dimmer,267,80977,2026-08-13T02:13:02.931800+00:00
4388-2499,Jasco Products Company LLC,Enbrighten Smart Switch,256,84130,2026-08-13T02:13:02.931800+00:00
4388-2568,Jasco Products Company LLC,Enbrighten In-Wall Countdown Dim,267,80978,2026-08-13T02:13:02.931800+00:00
4388-2569,Jasco Products Company LLC,Enbrighten In-Wall 4hr Dimmer,267,80979,2026-08-13T02:13:02.931800+00:00
4388-2570,Jasco Products Company LLC,Enbrighten In-Wall Motion Switch,267,80980,2026-08-13T02:13:02.931800+00:00
4388-2671,Jasco Products Company LLC,Enbrighten RGBWW BR30 Bulb,269,84910,2026-08-13T02:13:02.931800+00:00
4388-2672,Jasco Products Company LLC,Enbrighten RGBWW A19 Bulb,269,79122,2026-08-13T02:13:02.931800+00:00
4388-2673,Jasco Products Company LLC,Enbrighten RGBWW Surface Mount Light,269,85109,2026-08-13T02:13:02.931800+00:00
4388-2674,Jasco Products Company LLC,Enbrighten RGBWW Retrofit Downlight,269,83731,2026-08-13T02:13:02.931800+00:00
4388-2750,Jasco Products Company LLC,Enbrighten Wi-Fi Plug 2 Outlet,266,81912,2026-08-13T02:13:02.931800+00:00
4388-2868,Jasco Products Company LLC,JascoPro CCT Candelabra Bulb,269,83229,2026-08-13T02:13:02.931800+00:00
4388-2934,Jasco Products Company LLC,Enbrighten Vibe Matter Wi-Fi In-Wall Smart Dimmer,267,51500,2026-08-13T02:13:02.931800+00:00
4405-13,dresden elektronik,FLS-M,269,600121,2026-08-13T02:13:02.931800+00:00
4442-53,Nanoleaf,Essentials BR30,269,NL53,2026-08-13T02:13:02.931800+00:00
4442-54,Nanoleaf,Essentials GU10,269,NL54,2026-08-13T02:13:02.931800+00:00
4442-65,Nanoleaf,Essentials Downlight,269,NL65,2026-08-13T02:13:02.931800+00:00
4442-67,Nanoleaf,Essentials A19-A60,269,NL67,2026-08-13T02:13:02.931800+00:00
4442-68,Nanoleaf,Essentials Lightstrip,269,NL68,2026-08-13T02:13:02.931800+00:00
4442-71,Nanoleaf,Essentials Holiday String Lights,269,NL71,2026-08-13T02:13:02.931800+00:00
4442-72,Nanoleaf,Nanoleaf Indoor Lights,269,NL72,2026-08-13T02:13:02.931800+00:00
4442-73,Nanoleaf,Nanoleaf Outdoor Lights,269,NL73,2026-08-13T02:13:02.931800+00:00
4442-75,Nanoleaf,Essentials Wifi Smart Light,269,NL75,2026-08-13T02:13:02.931800+00:00
4442-77,Nanoleaf,Multicolor Ceiling Light,269,NL77,2026-08-13T02:13:02.931800+00:00
4442-257,Nanoleaf,Secretlab ErgoArch Light Bar,269,SQSL01,2026-08-13T02:13:02.931800+00:00
4442-1809,Nanoleaf,Essentials Holiday String Lights,269,NL71K1,2026-08-13T02:13:02.931800+00:00
4447-1000,Aqara,Test Switch,1,1,2026-08-13T02:13:02.931800+00:00
4447-1007,Aqara,Test Switch1,1,1,2026-08-13T02:13:02.931800+00:00
4447-2049,Aqara,Aqara Test Product 0801,14,AG045,2026-08-13T02:13:02.931800+00:00
4447-2050,Aqara,Aqara Hub,14,AG035,2026-08-13T02:13:02.931800+00:00
4447-2051,Aqara,Aqara Hub,14,AG042,2026-08-13T02:13:02.931800+00:00
4447-2052,Aqara,Aqara Hub,14,AG046,2026-08-13T02:13:02.931800+00:00
4447-2055,Aqara,Aqara Hub M200,14,AG047,2026-08-13T02:13:02.931800+00:00
4447-2056,Aqara,Aqara Hub M300,14,AG048,2026-08-13T02:13:02.931800+00:00
4447-2061,Aqara,DIN Rail Hub AX100M,14,AG049,2026-08-13T02:13:02.931800+00:00
4447-2062,Aqara,Aqara Test Product 080e,14,AG050,2026-08-13T02:13:02.931800+00:00
4447-2063,Aqara,Panel Hub AX100S,14,AG051,2026-08-13T02:13:02.931800+00:00
4447-2064,Aqara,Panel Hub S200,14,AG052,2026-08-13T02:13:02.931800+00:00
4447-2067,Aqara,Aqara 0813,14,AG054,2026-08-13T02:13:02.931800+00:00
4447-2068,Aqara,Aqara  Hub AX200M,14,AG055,2026-08-13T02:13:02.931800+00:00
4447-2074,Aqara,Aqara-081a,14,AK216,2026-08-13T02:13:02.931800+00:00
4447-2076,Aqara,Aqara-081C,14,AG046,2026-08-13T02:13:02.931800+00:00
4447-2077,Aqara,Aqara-081D,14,AG041,2026-08-13T02:13:02.931800+00:00
4447-4098,Aqara,Aqara Smart Plug T2,266,AP022,2026-08-13T02:13:02.931800+00:00
4447-4099,Aqara,Aqara Light Switch H2,256,AK175,2026-08-13T02:13:02.931800+00:00
4447-4100,Aqara,Aqara Light Switch H2,256,AK176,2026-08-13T02:13:02.931800+00:00
4447-4101,Aqara,Aqara Light Switch H2,256,AK177,2026-08-13T02:13:02.931800+00:00
4447-4102,Aqara,Aqara Dimmer Switch H2,257,AK178,2026-08-13T02:13:02.931800+00:00
4447-4103,Aqara,Aqara Light Switch H2,256,AK179,2026-08-13T02:13:02.931800+00:00
4447-4104,Aqara,Aqara Light Switch H2,256,AK180,2026-08-13T02:13:02.931800+00:00
4447-4105,Aqara,Aqara Light Switch H2,256,AK181,2026-08-13T02:13:02.931800+00:00
4447-4106,Aqara,Aqara Dimmer Switch H2,257,AK105,2026-08-13T02:13:02.931800+00:00
4447-4109,Aqara,Aqara Shutter Switch H2,514,AK199,2026-08-13T02:13:02.931800+00:00
4447-4110,Aqara,Wall Outlet H2 UK,266,AK191,2026-08-13T02:13:02.931800+00:00
4447-4112,Aqara,Presence Switch H2 US,256,AK196,2026-08-13T02:13:02.931800+00:00
4447-4113,Aqara,Presence Switch H2 US,256,AK197,2026-08-13T02:13:02.931800+00:00
4447-4114,Aqara,Presence Switch H2 US,256,AK198,2026-08-13T02:13:02.931800+00:00
4447-4139,Aqara,Aqara Test Product 4139,15,AR029,2026-08-13T02:13:02.931800+00:00
4447-4145,Aqara,Touchscreen Switch S100,256,AK179,2026-08-13T02:13:02.931800+00:00
4447-4150,Aqara,Aqara Light Switch H2,256,AK206,2026-08-13T02:13:02.931800+00:00
4447-4152,Aqara,Power Plug H2 EU,266,AP026,2026-08-13T02:13:02.931800+00:00
4447-4154,Aqara,Power Plug H2 EU（RGB）,266,AP026,2026-08-13T02:13:02.931800+00:00
4447-4156,Aqara,Aqara Test Product 103C,266,AP027,2026-08-13T02:13:02.931800+00:00
4447-4158,Aqara,Outdoor Plug H2 EU (RGB),266,AP027,2026-08-13T02:13:02.931800+00:00
4447-4160,Aqara,Power Plug H2 UK,266,AP028,2026-08-13T02:13:02.931800+00:00
4447-4162,Aqara,Power Plug H2 UK（RGB）,266,AP028,2026-08-13T02:13:02.931800+00:00
4447-4164,Aqara,Aqara Test Product 1044,266,AP029,2026-08-13T02:13:02.931800+00:00
4447-4166,Aqara,Aqara Test Product 1046,266,AP029,2026-08-13T02:13:02.931800+00:00
4447-4250,Aqara,Aqara-109A,15,AK217,2026-08-13T02:13:02.931800+00:00
4447-4251,Aqara,Aqara-109B,15,AK218,2026-08-13T02:13:02.931800+00:00
4447-4252,Aqara,Aqara-109C,15,AK219,2026-08-13T02:13:02.931800+00:00
4447-4270,Aqara,"Light Switch H2 JP (2 Buttons, 1 Channel)",256,AK212,2026-08-13T02:13:02.931800+00:00
4447-4271,Aqara,"Light Switch H2 JP (4 Buttons, 2 Channels)",256,AK213,2026-08-13T02:13:02.931800+00:00
4447-6145,Aqara,Aqara Smart Light,269,AL228,2026-08-13T02:13:02.931800+00:00
4447-6146,Aqara,Aqara Smart Light,268,AL228,2026-08-13T02:13:02.931800+00:00
4447-6147,Aqara,Aqara Smart Light,269,AL229,2026-08-13T02:13:02.931800+00:00
4447-6148,Aqara,Aqara Smart Light,268,AL229,2026-08-13T02:13:02.931800+00:00
4447-6149,Aqara,Aqara Smart Light,269,AL230,2026-08-13T02:13:02.931800+00:00
4447-6150,Aqara,Aqara Smart Light,268,AL230,2026-08-13T02:13:02.931800+00:00
4447-6152,Aqara,Smart Constant Current Driver T3,268,AL232,2026-08-13T02:13:02.931800+00:00
4447-6173,Aqara,Outdoor String Lights H1,269,AL250,2026-08-13T02:13:02.931800+00:00
4447-6175,Aqara,Permanent Outdoor Lights H1,269,AL251,2026-08-13T02:13:02.931800+00:00
4447-6177,Aqara,Floor Lamp T1,269,AL252,2026-08-13T02:13:02.931800+00:00
4447-6179,Aqara,Spotlight H1,269,AL253,2026-08-13T02:13:02.931800+00:00
4447-6180,Aqara,Light Strip Driver Module H1,269,AL255,2026-08-13T02:13:02.931800+00:00
4447-6181,Aqara,Aqara Test Product 1825,268,AL241,2026-08-13T02:13:02.931800+00:00
4447-6182,Aqara,LED Bulb T2 RGB CTT,269,AL256,2026-08-13T02:13:02.931800+00:00
4447-6183,Aqara,LED Strip T2,269,AL258,2026-08-13T02:13:02.931800+00:00
4447-6184,Aqara,LED Bulb T2,268,AL257,2026-08-13T02:13:02.931800+00:00
4447-6185,Aqara,LED Downlight T2 RGB,0,AL259,2026-08-13T02:13:02.931800+00:00
4447-6215,Aqara,LED Downlight T2,0,AL259,2026-08-13T02:13:02.931800+00:00
4447-6302,Aqara,Aqara-189E,269,AL241,2026-08-13T02:13:02.931800+00:00
4447-6303,Aqara,Aqara-189F,269,AL206,2026-08-13T02:13:02.931800+00:00
4447-8194,Aqara,Aqara Door and Window Sensor P2,21,AS056,2026-08-13T02:13:02.931800+00:00
4447-8195,Aqara,Aqara Motion and Light Sensor P2,263,AS057,2026-08-13T02:13:02.931800+00:00
4447-8196,Aqara,Aqara Climate Sensor W100,770,AA016,2026-08-13T02:13:02.931800+00:00
4447-8197,Aqara,Presence Multi-Sensor FP300,263,AS077,2026-08-13T02:13:02.931800+00:00
4447-8198,Aqara,Aqara Test Product 2006,21,AS073,2026-08-13T02:13:02.931800+00:00
4447-8201,Aqara,Aqara Spatial Multi-Sensor FP400,263,AS093,2026-08-13T02:13:02.931800+00:00
4447-8203,Aqara,Multi-State Sensor P100,21,AS080,2026-08-13T02:13:02.931800+00:00
4447-8206,Aqara,Presence Multi-Sensor FP310,263,AS077,2026-08-13T02:13:02.931800+00:00
4447-8225,Aqara,Spatial Multi-Sensor FP400,263,AS093,2026-08-13T02:13:02.931800+00:00
4447-8243,Aqara,Aqara Test Product 2033,118,AS081,2026-08-13T02:13:02.931800+00:00
4447-8258,Aqara,Aqara 2042,118,AS088,2026-08-13T02:13:02.931800+00:00
4447-8260,Aqara,Presence Sensor PR330P,263,AS090,2026-08-13T02:13:02.931800+00:00
4447-8262,Aqara,Aqara 2046,263,AS091,2026-08-13T02:13:02.931800+00:00
4447-8264,Aqara,Aqara-2048,263,AS094,2026-08-13T02:13:02.931800+00:00
4447-10241,Aqara,Aqara Smart Lock U300,10,AD030,2026-08-13T02:13:02.931800+00:00
4447-10242,Aqara,Aqara Smart Lock U200,10,AD040,2026-08-13T02:13:02.931800+00:00
4447-10244,Aqara,Aqara Smart Lock U400,10,AD051,2026-08-13T02:13:02.931800+00:00
4447-10245,Aqara,Aqara Smart Lock J200 Set,10,AD056,2026-08-13T02:13:02.931800+00:00
4447-10247,Aqara,Aqara Smart Lock U200 Lite,10,AD065,2026-08-13T02:13:02.931800+00:00
4447-10253,Aqara,Aqara Smart Lock J200,10,AD066,2026-08-13T02:13:02.931800+00:00
4447-10254,Aqara,Aqara Smart Gate Lock U500,10,AD071,2026-08-13T02:13:02.931800+00:00
4447-10255,Aqara,Aqara Smart Rim Lock U500,10,AD072,2026-08-13T02:13:02.931800+00:00
4447-10256,Aqara,Aqara Smart Glass Door Lock U500,10,AD073,2026-08-13T02:13:02.931800+00:00
4447-10257,Aqara,Aqara 2811,10,AD074,2026-08-13T02:13:02.931800+00:00
4447-10314,Aqara,Aqara Smart Lock U600,10,AD077,2026-08-13T02:13:02.931800+00:00
4447-10318,Aqara,Aqara Test Product 284e,10,AD078,2026-08-13T02:13:02.931800+00:00
4447-10331,Aqara,Aqara Test Product 285B,10,AD079,2026-08-13T02:13:02.931800+00:00
4447-10346,Aqara,Aqara Smart Lock U200 US,10,AD075,2026-08-13T02:13:02.931800+00:00
4447-10357,Aqara,Aqara-2875,10,AD083,2026-08-13T02:13:02.931800+00:00
4447-12291,Aqara,Aqara Camera Hub,14,AC020,2026-08-13T02:13:02.931800+00:00
4447-12307,Aqara,Aqara Camera Hub G350,14,AC031,2026-08-13T02:13:02.931800+00:00
4447-12308,Aqara,Aqara Test Product 3014,15,AC031,2026-08-13T02:13:02.931800+00:00
4447-12316,Aqara,Aqara Test Product 301c,322,AC037,2026-08-13T02:13:02.931800+00:00
4447-12321,Aqara,Aqara-3021,322,AC041,2026-08-13T02:13:02.931800+00:00
4447-12322,Aqara,Aqara 3022,322,AC041,2026-08-13T02:13:02.931800+00:00
4447-14338,Aqara,Aqara Test Product 3802,514,AM063,2026-08-13T02:13:02.931800+00:00
4447-14348,Aqara,Aqara Test Product 380C,266,AM066,2026-08-13T02:13:02.931800+00:00
4447-14363,Aqara,Blind Tilt Controller C100,514,AM069,2026-08-13T02:13:02.931800+00:00
4447-14365,Aqara,Day Night Honeycomb Blinds,514,AM075,2026-08-13T02:13:02.931800+00:00
4447-14386,Aqara,Aqara-3832,3832,AM074,2026-08-13T02:13:02.931800+00:00
4447-16386,Aqara,Aqara Voice Mate H1,15,AR028,2026-08-13T02:13:02.931800+00:00
4447-16401,Aqara,Aqara Test Product 4011,15,AR029,2026-08-13T02:13:02.931800+00:00
4447-18433,Aqara,Aqara Thermostat Hub W200,769,AA014,2026-08-13T02:13:02.931800+00:00
4447-18435,Aqara,Aqara Floor Heating Thermostat W500,769,AA016,2026-08-13T02:13:02.931800+00:00
4447-18437,Aqara,Radiator Thermostat W600,769,AA014,2026-08-13T02:13:02.931800+00:00
4447-18446,Aqara,Aqara Smart Thermostat W400,769,AA012,2026-08-13T02:13:02.931800+00:00
4447-18454,Aqara,Aqara-4816,769,AA027,2026-08-13T02:13:02.931800+00:00
4447-18455,Aqara,Aqara Test Product 4817,769,AA028,2026-08-13T02:13:02.931800+00:00
4447-18456,Aqara,Aqara Test Product 4818,769,AA029,2026-08-13T02:13:02.931800+00:00
4447-20481,Aqara,Aqara Smart Lock U200,10,AD041,2026-08-13T02:13:02.931800+00:00
4447-63489,Aqara,Aqara Matter Test Device,256,Aqara Matter Test Device,2026-08-13T02:13:02.931800+00:00
4448-36865,Sengled,Sengled Multicolor A19 Bulb,269,2233D10000028,2026-08-13T02:13:02.931800+00:00
4448-36866,Sengled,Sengled Multicolor A19 Bulb,269,2233D10000028,2026-08-13T02:13:02.931800+00:00
4448-36867,Sengled,Sengled Multicolor A19 Bulb,269,2233D10000028,2026-08-13T02:13:02.931800+00:00
4448-36868,Sengled,Sengled Multicolor A19 Bulb,269,2233D10000028,2026-08-13T02:13:02.931800+00:00
4448-36869,Sengled,Sengled Multicolor A19 Bulb,269,2233D10000028,2026-08-13T02:13:02.931800+00:00
4448-36870,Sengled,Sengled Multicolor A19 Bulb,269,2233D10000028,2026-08-13T02:13:02.931800+00:00
4448-36873,Sengled,Sengled Multicolor bulb ,269,2413D100003345,2026-08-13T02:13:02.931800+00:00
4448-36880,Sengled,Sengled Smart Matter A60 bulb,269,2233D10000028,2026-08-13T02:13:02.931800+00:00
4448-36881,Sengled,Sengled Wi-Fi Plug,266,2313D5000048,2026-08-13T02:13:02.931800+00:00
4448-36884,Sengled,Sengled Smart Matter A60 bulb,269,2233D10000028,2026-08-13T02:13:02.931800+00:00
4448-36885,Sengled,Sengled Wi-Fi Plug,266,2313D5000048,2026-08-13T02:13:02.931800+00:00
4448-36886,Sengled,Sengled Wi-Fi Plug,266,2313D5000048,2026-08-13T02:13:02.931800+00:00
4448-36888,Sengled,Sengled Smart color bulb,269,2233D10000028,2026-08-13T02:13:02.931800+00:00
4448-36889,Sengled,Sengled Smart Plug,266,2313D5000048,2026-08-13T02:13:02.931800+00:00
4448-36896,Sengled,Sengled Smart Plug,266,2333D1000000023,2026-08-13T02:13:02.931800+00:00
4448-36897,Sengled,Sengled Smart Plug,266,2333D1000000023,2026-08-13T02:13:02.931800+00:00
4448-36898,Sengled,Sengled Smart Plug,266,2333D1000000023,2026-08-13T02:13:02.931800+00:00
4448-36899,Sengled,Sengled Smart Color bulb,269,2333D1000000023,2026-08-13T02:13:02.931800+00:00
4448-36900,Sengled,Sengled Smart Color bulb,269,2333D1000000023,2026-08-13T02:13:02.931800+00:00
4448-36901,Sengled,Sengled Smart Color bulb,269,2333D1000000023,2026-08-13T02:13:02.931800+00:00
4456-1000,Leedarson,Smart RGBTW Bulb,269,LS0101811266,2026-08-13T02:13:02.931800+00:00
4456-1002,Leedarson,Smart RGBTW Bulb,269,OS0100811267,2026-08-13T02:13:02.931800+00:00
4456-1003,Leedarson,Smart RGBTW Bulb,269,LS0101911266,2026-08-13T02:13:02.931800+00:00
4456-1004,Leedarson,Smart RGBTW Bulb,269,OS0101411267,2026-08-13T02:13:02.931800+00:00
4456-1005,Leedarson,Smart RGBTW Bulb,269,LS01009110,2026-08-13T02:13:02.931800+00:00
4456-1006,Leedarson,Smart RGBTW Bulb,269,OS01006110,2026-08-13T02:13:02.931800+00:00
4456-1007,Leedarson,Smart RGBTW Bulb,269,OS0100411267,2026-08-13T02:13:02.931800+00:00
4456-1008,Leedarson,Smart RGBTW Bulb,269,OS01005110,2026-08-13T02:13:02.931800+00:00
4456-1009,Leedarson,Smart RGBTW Bulb,269,OS0400111261,2026-08-13T02:13:02.931800+00:00
4456-1010,Leedarson,Smart RGBTW Bulb,269,OS0200111260,2026-08-13T02:13:02.931800+00:00
4456-1011,Leedarson,Smart RGBTW Bulb,269,LS0101911261,2026-08-13T02:13:02.931800+00:00
4456-1012,Leedarson,Smart RGBTW Bulb,269,LS0102011261,2026-08-13T02:13:02.931800+00:00
4456-1013,Leedarson,Smart RGBTW Bulb,269,LS0102111261,2026-08-13T02:13:02.931800+00:00
4456-1014,Leedarson,Smart RGBTW Bulb,269,LS0102511267,2026-08-13T02:13:02.931800+00:00
4456-1015,Leedarson,Smart RGBTW Bulb,269,OS010188266,2026-08-13T02:13:02.931800+00:00
4456-1016,Leedarson,Smart RGBTW Bulb,269,MS0100411267,2026-08-13T02:13:02.931800+00:00
4456-1017,Leedarson,Smart Bulb,268,LS0102411267,2026-08-13T02:13:02.931800+00:00
4456-1018,Leedarson,Smart Bulb,268,OS010127267,2026-08-13T02:13:02.931800+00:00
4456-1019,Leedarson,Smart Bulb,268,LS010127266,2026-08-13T02:13:02.931800+00:00
4456-1020,Leedarson,Smart Bulb,268,OS010107267,2026-08-13T02:13:02.931800+00:00
4456-1021,Leedarson,Smart Bulb,268,LS010137266,2026-08-13T02:13:02.931800+00:00
4456-1022,Leedarson,Smart Bulb,268,OS010177266,2026-08-13T02:13:02.931800+00:00
4456-1023,Leedarson,Smart Dimmer Switch,267,LC09001246,2026-08-13T02:13:02.931800+00:00
4456-1024,Leedarson,Smart Plug,266,LC09003256,2026-08-13T02:13:02.931800+00:00
4456-1025,Leedarson,Smart RGBTW Bulb,269,MS10001117,2026-08-13T02:13:02.931800+00:00
4456-1026,Leedarson,Smart RGBTW Bulb,269,MS1002117,2026-08-13T02:13:02.931800+00:00
4456-1027,Leedarson,Smart Bulb,268,MS4800177,2026-08-13T02:13:02.931800+00:00
4456-1028,Leedarson,Smart Bulb,268,CS1000177,2026-08-13T02:13:02.931800+00:00
4456-1029,Leedarson,Smart RGBTW Bulb,269,CS10003117,2026-08-13T02:13:02.931800+00:00
4456-1030,Leedarson,Smart RGBTW Bulb,269,CS10005117,2026-08-13T02:13:02.931800+00:00
4456-1033,Leedarson,Smart Bulb,268,OL7300471,2026-08-13T02:13:02.931800+00:00
4456-1034,Leedarson,Smart Bulb,268,ML7300471,2026-08-13T02:13:02.931800+00:00
4456-1035,Leedarson,Smart Bulb,268,MS1000177,2026-08-13T02:13:02.931800+00:00
4456-1036,Leedarson,Smart Bulb,268,OL7300271,2026-08-13T02:13:02.931800+00:00
4456-1037,Leedarson,Smart Bulb,268,OL7300371,2026-08-13T02:13:02.931800+00:00
4456-1038,Leedarson,Smart Bulb,268,ML7300571,2026-08-13T02:13:02.931800+00:00
4456-1039,Leedarson,Smart Bulb,268,MS4700176,2026-08-13T02:13:02.931800+00:00
4456-1041,Leedarson,Smart Bulb,268,ML7300171,2026-08-13T02:13:02.931800+00:00
4456-1042,Leedarson,Smart Bulb,268,WL100070303,2026-08-13T02:13:02.931800+00:00
4456-1043,Leedarson,Smart Bulb,268,ML8400116,2026-08-13T02:13:02.931800+00:00
4456-1044,Leedarson,Smart Bulb,268,OS010071266,2026-08-13T02:13:02.931800+00:00
4456-1045,Leedarson,Smart Bulb,268,WL100070113,2026-08-13T02:13:02.931800+00:00
4456-1046,Leedarson,Smart Bulb,268,OL8400111,2026-08-13T02:13:02.931800+00:00
4456-1047,Leedarson,Smart Bulb,268,ML8400211,2026-08-13T02:13:02.931800+00:00
4456-1060,Leedarson,Smart Plug,266,MC09001256,2026-08-13T02:13:02.931800+00:00
4456-1061,Leedarson,Smart Plug,266,OC17001257,2026-08-13T02:13:02.931800+00:00
4456-1062,Leedarson,Smart Plug,266,LC09004251,2026-08-13T02:13:02.931800+00:00
4456-1063,Leedarson,Smart Plug,266,LC09005253,2026-08-13T02:13:02.931800+00:00
4456-1064,Leedarson,Smart Plug,266,MC09008251,2026-08-13T02:13:02.931800+00:00
4456-1065,Leedarson,Smart Plug,266,MC09007253,2026-08-13T02:13:02.931800+00:00
4456-1066,Leedarson,Smart Plug,266,OC09001211,2026-08-13T02:13:02.931800+00:00
4456-1067,Leedarson,Smart Plug,266,OC09001216,2026-08-13T02:13:02.931800+00:00
4456-1068,Leedarson,Smart Plug,266,HPP-A11XF,2026-08-13T02:13:02.931800+00:00
4456-1069,Leedarson,Smart Plug,266,8A-PL-W-C1-03,2026-08-13T02:13:02.931800+00:00
4456-1070,Leedarson,Smart Plug,266,HPP-F11C-Z,2026-08-13T02:13:02.931800+00:00
4456-1071,Leedarson,Smart Plug,266,HPP-G11S-WB,2026-08-13T02:13:02.931800+00:00
4456-1072,Leedarson,Smart Plug,266,HPP-I31A-WB,2026-08-13T02:13:02.931800+00:00
4456-1073,Leedarson,Smart Plug,266,HPP-N11X-Z,2026-08-13T02:13:02.931800+00:00
4456-1089,Leedarson,Smart Plug,266,WC0900181,2026-08-13T02:13:02.931800+00:00
4456-1090,Leedarson,Smart Plug,266,WC0900186,2026-08-13T02:13:02.931800+00:00
4456-1102,Leedarson,Smart Plug,266,WC0900184,2026-08-13T02:13:02.931800+00:00
4456-32773,Leedarson,A19 Smart RGB Led Bulb,269,MS0100211327,2026-08-13T02:13:02.931800+00:00
4456-36864,Leedarson,Matter over Thread Plug,266,MC110019306,2026-08-13T02:13:02.931800+00:00
4456-36865,Leedarson,Matter over Thread Plug ,266,MC09009253,2026-08-13T02:13:02.931800+00:00
4456-36866,Leedarson,Matter over Thread Plug ,266,MC09006251,2026-08-13T02:13:02.931800+00:00
4456-36867,Leedarson,Matter over Thread Plug ,266,LC0900684,2026-08-13T02:13:02.931800+00:00
4456-36889,Leedarson,Ceiling Light,268,1070913006,2026-08-13T02:13:02.931800+00:00
4456-36896,Leedarson,Ceiling Light,268,1070913007,2026-08-13T02:13:02.931800+00:00
4456-36897,Leedarson,Ceiling Light ,268,1070913008,2026-08-13T02:13:02.931800+00:00
4456-65000,Leedarson,On/Off Output,267,On/Off Output,2026-08-13T02:13:02.931800+00:00
4456-65001,Leedarson,On/Off Output,267,On/Off Output,2026-08-13T02:13:02.931800+00:00
4456-65002,Leedarson,On/Off Output,267,On/Off Output,2026-08-13T02:13:02.931800+00:00
4456-65003,Leedarson,On/Off Output,267,On/Off Output,2026-08-13T02:13:02.931800+00:00
4456-65004,Leedarson,On/Off Output,267,On/Off Output,2026-08-13T02:13:02.931800+00:00
4456-65005,Leedarson,On/Off Output,267,On/Off Output,2026-08-13T02:13:02.931800+00:00
4456-65006,Leedarson,On/Off Output,267,On/Off Output,2026-08-13T02:13:02.931800+00:00
4456-65007,Leedarson,On/Off Output,267,On/Off Output,2026-08-13T02:13:02.931800+00:00
4456-65008,Leedarson,On/Off Output,267,On/Off Output,2026-08-13T02:13:02.931800+00:00
4456-65009,Leedarson,On/Off Output,267,On/Off Output,2026-08-13T02:13:02.931800+00:00
4456-65010,Leedarson,On/Off Output,267,On/Off Output,2026-08-13T02:13:02.931800+00:00
4469-4097,D-Link,D-Link Smart Home Gateway,14,MS30,2026-08-13T02:13:02.931800+00:00
4469-4098,D-Link,D-Link Smart Home Gateway,14,MS30N,2026-08-13T02:13:02.931800+00:00
4469-4099,D-Link,D-Link Smart Home Gateway,14,MS60,2026-08-13T02:13:02.931800+00:00
4469-8193,D-Link,D-Link Wi-Fi Smart Plug,266,DSP-W11M,2026-08-13T02:13:02.931800+00:00
4469-8194,D-Link,D-Link Wi-Fi Smart Plug,266,PM-01M,2026-08-13T02:13:02.931800+00:00
4469-8195,D-Link,D-Link Wi-Fi Smart Plug,266,PM-01M,2026-08-13T02:13:02.931800+00:00
4469-8196,D-Link,D-Link Wi-Fi Smart Plug,266,PM-01M,2026-08-13T02:13:02.931800+00:00
4469-8197,D-Link,D-Link Wi-Fi Smart Plug,266,PM-01M,2026-08-13T02:13:02.931800+00:00
4472-8193,WNC Corporation,WNC Air Quality Sensor,44,WNC Air Quality Sensor,2026-08-13T02:13:02.931800+00:00
4474-785,Insta GmbH,Push Button Module,15,57010000,2026-08-13T02:13:02.931800+00:00
4476-4096,IKEA of Sweden,GRILLPLATS plug,266,E2491,2026-08-13T02:13:02.931800+00:00
4476-4097,IKEA of Sweden,TOFSMYGGA plug black/outdoor,266, E2435-NA,2026-08-13T02:13:02.931800+00:00
4476-4098,IKEA of Sweden,TOFSMYGGA plug black/outdoor,266,E2435-EU,2026-08-13T02:13:02.931800+00:00
4476-8192,IKEA of Sweden,BILRESA dual button,15,E2622,2026-08-13T02:13:02.931800+00:00
4476-8193,IKEA of Sweden,BILRESA scroll wheel,15,E2704,2026-08-13T02:13:02.931800+00:00
4476-12288,IKEA of Sweden,MYGGSPRAY wrlss mtn sensor,263,E2494,2026-08-13T02:13:02.931800+00:00
4476-12289,IKEA of Sweden,ALPSTUGA air quality monitor,44,E2495,2026-08-13T02:13:02.931800+00:00
4476-12292,IKEA of Sweden,ALPSTUGA air quality monitor,44,E2495-JP,2026-08-13T02:13:02.931800+00:00
4476-32768,IKEA of Sweden,BILRESA scroll wheel,15,E2490,2026-08-13T02:13:02.931800+00:00
4476-32769,IKEA of Sweden,BILRESA dual button,15,E2489,2026-08-13T02:13:02.931800+00:00
4476-32771,IKEA of Sweden,DIRIGERA,14,505.034.09,2026-08-13T02:13:02.931800+00:00
4476-32773,IKEA of Sweden,TIMMERFLOTTE temp/hmd sensor,770,E2314,2026-08-13T02:13:02.931800+00:00
4476-32774,IKEA of Sweden,KLIPPBOK water leak sensor,67,E2493,2026-08-13T02:13:02.931800+00:00
4476-32775,IKEA of Sweden,MYGGBETT door/window sensor,21,E2492,2026-08-13T02:13:02.931800+00:00
4476-36864,IKEA of Sweden,KAJPLATS E27 WS globe 470lm,268,LED2406G4,2026-08-13T02:13:02.931800+00:00
4476-36865,IKEA of Sweden,KAJPLATS E27 WS globe 1055lm,268,LED2407G8,2026-08-13T02:13:02.931800+00:00
4476-36866,IKEA of Sweden,KAJPLATS GU10 WS 575lm,268,LED2403R5,2026-08-13T02:13:02.931800+00:00
4476-36867,IKEA of Sweden,KAJPLATS E27 WS globe 1521lm,268,LED2408G10,2026-08-13T02:13:02.931800+00:00
4476-36868,IKEA of Sweden,KAJPLATS E14 WS globe 806lm,268,LED2404G6,2026-08-13T02:13:02.931800+00:00
4476-36869,IKEA of Sweden,KAJPLATS E27 CWS globe 1055lm,269,LED2405G8,2026-08-13T02:13:02.931800+00:00
4476-36870,IKEA of Sweden,KAJPLATS E14 CWS globe 806lm,269,LED2409G6,2026-08-13T02:13:02.931800+00:00
4476-36871,IKEA of Sweden,KAJPLATS GU10 CWS 575lm,269,LED2410R5,2026-08-13T02:13:02.931800+00:00
4476-36872,IKEA of Sweden,KAJPLATS E14 WS B38 CL 470lm,268,36872,2026-08-13T02:13:02.931800+00:00
4476-36873,IKEA of Sweden,KAJPLATS E27 WS G95 clear 806lm,268,LED2401G5,2026-08-13T02:13:02.931800+00:00
4476-36874,IKEA of Sweden,KAJPLATS E27 WS G60 clear 470lm,268,LED2411G3,2026-08-13T02:13:02.931800+00:00
4476-36879,IKEA of Sweden,VARMBLIXT pendant lamp,269,E2516,2026-08-13T02:13:02.931800+00:00
4476-36880,IKEA of Sweden,VARMBLIXT table/wall lamp,269,E2499,2026-08-13T02:13:02.931800+00:00
4476-36881,IKEA of Sweden,KAJPLATS E26 WS globe 450lm,268,LED2406G4NA,2026-08-13T02:13:02.931800+00:00
4476-36882,IKEA of Sweden,KAJPLATS E26 WS globe 1100lm,268,LED2407G8NA,2026-08-13T02:13:02.931800+00:00
4476-36883,IKEA of Sweden,KAJPLATS GU10 WS 575lm,268,LED2403R5NA,2026-08-13T02:13:02.931800+00:00
4476-36884,IKEA of Sweden, KAJPLATS E26 WS globe 1600lm,268,LED2408G10NA,2026-08-13T02:13:02.931800+00:00
4476-36885,IKEA of Sweden,KAJPLATS E12 WS globe 800lm,268,LED2404G6NA,2026-08-13T02:13:02.931800+00:00
4476-36886,IKEA of Sweden,KAJPLATS E26 CWS globe 1100lm,269,LED2405G8NA,2026-08-13T02:13:02.931800+00:00
4476-36887,IKEA of Sweden,KAJPLATS E12 CWS globe 800lm,269,LED2409G6NA,2026-08-13T02:13:02.931800+00:00
4476-36888,IKEA of Sweden,KAJPLATS GU10 CWS 575lm,269,LED2410R5NA,2026-08-13T02:13:02.931800+00:00
4476-36889,IKEA of Sweden,KAJPLATS E12 WS B38 CL 450lm,268,LED2402C3NA,2026-08-13T02:13:02.931800+00:00
4476-36891,IKEA of Sweden,DUBBELKISEL 30W,257,E2512,2026-08-13T02:13:02.931800+00:00
4476-36893,IKEA of Sweden,DUBBELKISEL 30W NA,257,E2513,2026-08-13T02:13:02.931800+00:00
4478-64257,Feibit,Matter Gateway,14,80B0,2026-08-13T02:13:02.931800+00:00
4488-257,TP-Link,Tapo Mini Plug,266,P125M,2026-08-13T02:13:02.931800+00:00
4488-258,TP-Link,Tapo Smart Wi-Fi Power Strip,266,P300,2026-08-13T02:13:02.931800+00:00
4488-259,TP-Link,Tapo Smart Outdoor Plug,266,P400M,2026-08-13T02:13:02.931800+00:00
4488-260,TP-Link,Tapo Smart Wi-Fi Lamp Dimmer Kit,267,P135,2026-08-13T02:13:02.931800+00:00
4488-513,TP-Link,Tapo Smart Wi-Fi Light Switch,256,S505,2026-08-13T02:13:02.931800+00:00
4488-514,TP-Link,Tapo Smart Wi-Fi Dimmer Switch,257,S505D,2026-08-13T02:13:02.931800+00:00
4489-828,LEDVANCE,Ledvance Matter Classic A RGBW,269,AC52856,2026-08-13T02:13:02.931800+00:00
4489-829,LEDVANCE,Ledvance Matter Classic A RGBW,269,AC52855,2026-08-13T02:13:02.931800+00:00
4489-831,LEDVANCE,Ledvance Matter Classic A RGBW,269,AC52854,2026-08-13T02:13:02.931800+00:00
4489-832,LEDVANCE,Ledvance Matter Classic A RGBW,269,AC55417,2026-08-13T02:13:02.931800+00:00
4489-833,LEDVANCE,Ledvance Matter Classic B P RGBW,269,AC52857,2026-08-13T02:13:02.931800+00:00
4489-835,LEDVANCE,Ledvance Matter Classic B P RGBW,269,AC52858,2026-08-13T02:13:02.931800+00:00
4489-843,LEDVANCE,Ledvance Matter Filament RGBW,269,AC52863,2026-08-13T02:13:02.931800+00:00
4489-844,LEDVANCE,Ledvance Matter Filament RGBW,269,AC52861,2026-08-13T02:13:02.931800+00:00
4489-845,LEDVANCE,Ledvance Matter Filament RGBW,269,AC52862,2026-08-13T02:13:02.931800+00:00
4489-1120,LEDVANCE,Ledvance Matter PAR16 RGBW,269,AC52860,2026-08-13T02:13:02.931800+00:00
4489-1121,LEDVANCE,Ledvance Matter Classic G RGBW,269,AC52859,2026-08-13T02:13:02.931800+00:00
4489-1372,LEDVANCE,SMART WIFI MAT PLUG EU WH,266,AC61269,2026-08-13T02:13:02.931800+00:00
4489-1587,LEDVANCE,SMART COMPACT OUTDOOR PLUG EU,266,AC61273,2026-08-13T02:13:02.931800+00:00
4489-2176,LEDVANCE,SMART WIFI MAT PLUG EU BK,266,AC61270,2026-08-13T02:13:02.931800+00:00
4489-2193,LEDVANCE,SMART WIFI MAT WALL SWITCH 2G,256,AC72625,2026-08-13T02:13:02.931800+00:00
4489-2194,LEDVANCE,SMART WIFI MAT WALL SWITCH 1G,256,AC72624,2026-08-13T02:13:02.931800+00:00
4489-2350,LEDVANCE,SMART MAT FLOORCORN140 MGC BK,269,AC67087,2026-08-13T02:13:02.931800+00:00
4489-2351,LEDVANCE,SMART MAT FLOORCORN200 MGC BK,269,AC67089,2026-08-13T02:13:02.931800+00:00
4489-2352,LEDVANCE,SMART MAT FLOORCORN140 MGC WT,269,AC67088,2026-08-13T02:13:02.931800+00:00
4489-2353,LEDVANCE,SMART MAT FLOORCORN200 MGC WT,269,AC67090,2026-08-13T02:13:02.931800+00:00
4489-2377,LEDVANCE,LEDVANCE MATTER PLUG CH,266,AC67037,2026-08-13T02:13:02.931800+00:00
4489-2473,LEDVANCE,MATTER FLEX RGBTW EU,269,AC65248,2026-08-13T02:13:02.931800+00:00
4489-2514,LEDVANCE,SMART MAT ORBIS DL 200 TW WT,268,AC70745,2026-08-13T02:13:02.931800+00:00
4489-2518,LEDVANCE,SMART MAT ORBIS DL 400 TW WT,268,AC70746,2026-08-13T02:13:02.931800+00:00
4489-2519,LEDVANCE,SMART MAT ORBIS DL SQ400 TW WT,268,AC70747,2026-08-13T02:13:02.931800+00:00
4489-2564,LEDVANCE,OSRAM MATTER PLUG UK,266,AC69715,2026-08-13T02:13:02.931800+00:00
4489-2676,LEDVANCE,SMART MAT G60 DIM FIL 827 E27,257,AC73896,2026-08-13T02:13:02.931800+00:00
4489-2678,LEDVANCE,SMART MAT E60 DIM FIL 827 E27,257,AC73895,2026-08-13T02:13:02.931800+00:00
4489-2681,LEDVANCE,SMART MAT A60 DIM FIL 827 E27,257,AC73901,2026-08-13T02:13:02.931800+00:00
4489-2682,LEDVANCE,SMART MAT P40 DIM FIL 827 E14,257,AC73903,2026-08-13T02:13:02.931800+00:00
4489-2684,LEDVANCE,SMART MAT G53 DIM FILGD 824 E27,257,AC73900,2026-08-13T02:13:02.931800+00:00
4489-2685,LEDVANCE,SMART MAT E53 DIM FILGD 824 E27,257,AC73899,2026-08-13T02:13:02.931800+00:00
4489-2686,LEDVANCE,SMART MAT A53 DIM FILGD 824 E27,257,AC73898,2026-08-13T02:13:02.931800+00:00
4489-2687,LEDVANCE,SMART MAT B40 DIM FIL 827 E14,257,AC73897,2026-08-13T02:13:02.931800+00:00
4489-2711,LEDVANCE,SMART MAT A100 TW 827 FR E27,268,AC73907,2026-08-13T02:13:02.931800+00:00
4489-2712,LEDVANCE,SMART MAT G95 100 TW 827 E27,268,AC78912,2026-08-13T02:13:02.931800+00:00
4489-2713,LEDVANCE,SMART MAT A60 TW 827 FR E27,268,AC73904,2026-08-13T02:13:02.931800+00:00
4489-2715,LEDVANCE,SMART MAT B40 TW 827 FR E14,268,AC73908,2026-08-13T02:13:02.931800+00:00
4489-2716,LEDVANCE,SMART MAT P40 TW 827 FR E14,268,AC73909,2026-08-13T02:13:02.931800+00:00
4489-2725,LEDVANCE,SMART MAT PAR16 RGBW GU10,269,AC73915,2026-08-13T02:13:02.931800+00:00
4489-2726,LEDVANCE,SMART MAT PAR16 TW 827 GU10,268,AC73910,2026-08-13T02:13:02.931800+00:00
4489-2727,LEDVANCE,SMART MAT PAR16 DIM GU10,257,AC73894,2026-08-13T02:13:02.931800+00:00
4489-2755,LEDVANCE,SMART MAT A60 RGBW 827 FR E27,269,AC73911,2026-08-13T02:13:02.931800+00:00
4489-2756,LEDVANCE,SMART MAT A100 RGBW 827 FR E27,269,AC73914,2026-08-13T02:13:02.931800+00:00
4489-2757,LEDVANCE,SMART MAT P40 RGBW 827 FR E27,269,AC73916,2026-08-13T02:13:02.931800+00:00
4489-2763,LEDVANCE,SMART MAT A60 RGBW 827 FR B22D,269,AC73912,2026-08-13T02:13:02.931800+00:00
4489-2764,LEDVANCE,SMART MAT G95 RGBW 827 FR E27,269,AC74761,2026-08-13T02:13:02.931800+00:00
4489-2765,LEDVANCE,SMART MAT P40 RGBW 827 FR E14,269,AC74760,2026-08-13T02:13:02.931800+00:00
4489-2766,LEDVANCE,SMART MAT B40 RGBW 827 FR E14,269,AC74759,2026-08-13T02:13:02.931800+00:00
4489-2774,LEDVANCE,SMART MAT A40 FIL RGBW 827 E27,269,AC75700,2026-08-13T02:13:02.931800+00:00
4489-2775,LEDVANCE,SMART MAT E40 FIL RGBW 827 E27,269,AC75701,2026-08-13T02:13:02.931800+00:00
4489-2776,LEDVANCE,SMART MAT G40 FIL RGBW 827 E27,269,AC75702,2026-08-13T02:13:02.931800+00:00
4489-2777,LEDVANCE,SMART MAT P300 RGBW 827 MAGFIL E27,269,AC75692,2026-08-13T02:13:02.931800+00:00
4489-2778,LEDVANCE,SMART MAT W250 RGBW 827 MAGFIL E27,269,AC75693,2026-08-13T02:13:02.931800+00:00
4489-2779,LEDVANCE,SMART MAT WG200 RGBW 827 MAGFIL E27,269,AC75694,2026-08-13T02:13:02.931800+00:00
4489-2780,LEDVANCE,SMART MAT B280 RGBW 827 MAGFIL E27,269,AC75695,2026-08-13T02:13:02.931800+00:00
4489-2781,LEDVANCE,SMART MAT P300 RGBW 818 MAGAM E27,269,AC75696,2026-08-13T02:13:02.931800+00:00
4489-2836,LEDVANCE,SMART MAT A75 TW 827 FR E27,268,AC73906,2026-08-13T02:13:02.931800+00:00
4489-2837,LEDVANCE,SMART MAT A75 RGBW 827 FR E27,269,AC73913,2026-08-13T02:13:02.931800+00:00
4489-2949,LEDVANCE,SMART WIFI MAT SPIRAL 500 TW,268,AC82487,2026-08-13T02:13:02.931800+00:00
4489-2957,LEDVANCE,SMART WIFI MAT TRACKSP OSAKA TW,268,AC82481,2026-08-13T02:13:02.931800+00:00
4489-2963,LEDVANCE,SMART WIFI MAT FLOOD 100W RGBW,269,AC82667,2026-08-13T02:13:02.931800+00:00
4489-2969,LEDVANCE,SMART MAT PLANON PLUS 120X30TW,268,AC82258,2026-08-13T02:13:02.931800+00:00
4489-2970,LEDVANCE,SMART MAT PLANON FL60X60 RGBTW,269,AC82271,2026-08-13T02:13:02.931800+00:00
4489-2971,LEDVANCE,SMART MAT PLANON FL 80X10TW,268,AC82269,2026-08-13T02:13:02.931800+00:00
4489-2972,LEDVANCE,SMART MAT PLANON PLUS60X60RGBW,269,AC82265,2026-08-13T02:13:02.931800+00:00
4489-2973,LEDVANCE,SMART MAT PLANON PLUS45X45RGBW,269,AC82270,2026-08-13T02:13:02.931800+00:00
4489-2974,LEDVANCE,SMART MAT PLANON PLUS60X30RGBW,269,AC82263,2026-08-13T02:13:02.931800+00:00
4489-2984,LEDVANCE,SMART MAT PLANON PLUS120X30RGBW,269,AC82259,2026-08-13T02:13:02.931800+00:00
4489-2985,LEDVANCE,SMART MAT PLANON PLUS 30X30 TW,268,AC82268,2026-08-13T02:13:02.931800+00:00
4489-2987,LEDVANCE,SMART MAT PLANON PLUS 45X45 TW,268,AC82267,2026-08-13T02:13:02.931800+00:00
4489-2990,LEDVANCE,SMART MAT PLANON PLUS 60X30 TW,268,AC82266,2026-08-13T02:13:02.931800+00:00
4489-2991,LEDVANCE,SMART MAT PLANON PLUS 60X60 TW,268,AC82261,2026-08-13T02:13:02.931800+00:00
4489-2992,LEDVANCE,SMART MAT PLANON PLUS30X30RGBW,269,AC82262,2026-08-13T02:13:02.931800+00:00
4489-2993,LEDVANCE,SMART MAT PLANON FL 30X30 TW,268,AC82272,2026-08-13T02:13:02.931800+00:00
4489-2994,LEDVANCE,SMART MAT PLANON FL 120X30 TW,268,AC82260,2026-08-13T02:13:02.931800+00:00
4489-2995,LEDVANCE,SMART MAT PLANON FL 120X10 TW,268,AC82264,2026-08-13T02:13:02.931800+00:00
4489-2997,LEDVANCE,SMART WIFI MAT DL SLIM 85 TW WT,268,AC82253,2026-08-13T02:13:02.931800+00:00
4489-2998,LEDVANCE,SMART WIFI MAT DL SLIM 120 TW,268,AC82256,2026-08-13T02:13:02.931800+00:00
4489-2999,LEDVANCE,SMART WIFI MAT DL SLIM 225 TW,268,AC82255,2026-08-13T02:13:02.931800+00:00
4489-3000,LEDVANCE,SMART WIFI MAT SP 86 100DEGRGBTW,269,AC82254,2026-08-13T02:13:02.931800+00:00
4489-3001,LEDVANCE,SMART WIFI MAT SP170 110DEGRGBTW,269,AC82257,2026-08-13T02:13:02.931800+00:00
4489-3003,LEDVANCE,SMART WIFI MAT STEA485RD RGBTW,269,AC82670,2026-08-13T02:13:02.931800+00:00
4489-3014,LEDVANCE,SMART MAT PLANONFLSPARK45X45TW,268,AC82480,2026-08-13T02:13:02.931800+00:00
4489-3016,LEDVANCE,SMART OUTD MAT BEAMADJWALL RGBTW,269,AC82608,2026-08-13T02:13:02.931800+00:00
4489-3018,LEDVANCE,SMART WFMTDECORWALLWOOD210X110TW,268,AC82482,2026-08-13T02:13:02.931800+00:00
4489-3019,LEDVANCE,SMART MATDECORWALLTWIST230X127TW,268,AC82483,2026-08-13T02:13:02.931800+00:00
4489-3020,LEDVANCE,SMART MATDECORWALLTWIST230X127TW,268,AC82484,2026-08-13T02:13:02.931800+00:00
4489-3021,LEDVANCE,SMART WIFI MAT AQUA280X160IP44TW,268,AC82485,2026-08-13T02:13:02.931800+00:00
4489-3022,LEDVANCE,SMART WIFI MAT AQUA200X200IP44TW,268,AC82486,2026-08-13T02:13:02.931800+00:00
4489-3023,LEDVANCE,SMART WIFI MAT MAGNET 600X300 TW,268,AC82488,2026-08-13T02:13:02.931800+00:00
4489-3024,LEDVANCE,SMART WIFI MAT DUPLO 580 IP44 TW,268,AC82489,2026-08-13T02:13:02.931800+00:00
4489-3025,LEDVANCE,SMART WIFI MAT CYLINDER 450 TW,268,AC82490,2026-08-13T02:13:02.931800+00:00
4489-3026,LEDVANCE,SMART WIFI MAT WAVE300X300IP44TW,268,AC82491,2026-08-13T02:13:02.931800+00:00
4489-3027,LEDVANCE,SMART MAT DECORWALLSWAN300X150TW,268,AC82492,2026-08-13T02:13:02.931800+00:00
4489-3028,LEDVANCE,SMART MAT DISC 400 IP44 TW,268,AC82493,2026-08-13T02:13:02.931800+00:00
4489-3029,LEDVANCE,SMART WIFI MAT DUPLO 450 IP44 TW,268,AC82494,2026-08-13T02:13:02.931800+00:00
4489-3030,LEDVANCE,SMART WIFI MAT MAGNET 450X450 TW,268,AC82495,2026-08-13T02:13:02.931800+00:00
4489-3031,LEDVANCE,SMART WIFI MAT MAGNET 600X300 TW,268,AC82496,2026-08-13T02:13:02.931800+00:00
4489-3032,LEDVANCE,SMART WIFI MAT BATH W400 IP44 TW,268,AC82497,2026-08-13T02:13:02.931800+00:00
4489-3033,LEDVANCE,SMART WIFI MAT BATH W300 IP44 TW,268,AC82498,2026-08-13T02:13:02.931800+00:00
4489-3034,LEDVANCE,SMART WIFI MAT DISC 300 IP44 TW,268,AC82499,2026-08-13T02:13:02.931800+00:00
4489-3035,LEDVANCE,SMART WIFI MAT DUPLO 300 IP44 TW,268,AC82500,2026-08-13T02:13:02.931800+00:00
4489-3036,LEDVANCE,SMART WFMTDECORWALLSWAN200X200TW,268,AC82501,2026-08-13T02:13:02.931800+00:00
4489-3037,LEDVANCE,SMART WIFI MAT MAGNET 300X300 TW,268,AC82502,2026-08-13T02:13:02.931800+00:00
4489-3047,LEDVANCE,SMART WIFI MAT TRACKSP OSAKA TW,268,AC82479,2026-08-13T02:13:02.931800+00:00
4489-3048,LEDVANCE,SMART WIFI MAT TRACKSP CIRCLE TW,268,AC82477,2026-08-13T02:13:02.931800+00:00
4489-3049,LEDVANCE,SMART WIFI MAT TRACKSP CIRCLE TW,268,AC82478,2026-08-13T02:13:02.931800+00:00
4489-3055,LEDVANCE,SMART WIFI MAT FLOOD 50W RGBW,269,AC82665,2026-08-13T02:13:02.931800+00:00
4489-3056,LEDVANCE,SMART WIFI MAT FLOOD 10W RGBW,269,AC82669,2026-08-13T02:13:02.931800+00:00
4489-3057,LEDVANCE,SMART WIFI MAT FLOOD 20W RGBW,269,AC82668,2026-08-13T02:13:02.931800+00:00
4489-3058,LEDVANCE,SMART WIFI MAT FLOOD 30W RGBW,269,AC82666,2026-08-13T02:13:02.931800+00:00
4489-3059,LEDVANCE,SMART WIFI MAT CLARIA 490RGBTW ,269,AC82671,2026-08-13T02:13:02.931800+00:00
4489-4097,LEDVANCE,OSRAM PLANON SLIM,269,OSRAM PLANON SLIM,2026-08-13T02:13:02.931800+00:00
4489-4572,LEDVANCE,OSRAM GISELA,269,OSRAM GISELA,2026-08-13T02:13:02.931800+00:00
4489-4573,LEDVANCE,OSRAM IRIS,269,OSRAM IRIS,2026-08-13T02:13:02.931800+00:00
4489-61441,LEDVANCE,OSRAM MATTER CLASSIC A 60W,269,AC69227,2026-08-13T02:13:02.931800+00:00
4489-61442,LEDVANCE,OSRAM MATTER CLASSIC A 100W,269,AC69228,2026-08-13T02:13:02.931800+00:00
4489-61443,LEDVANCE,OSRAM MATTER PLUG EU WH,266,plug,2026-08-13T02:13:02.931800+00:00
4489-61444,LEDVANCE,OSRAM MATTER PLUG UK,266,AC78272,2026-08-13T02:13:02.931800+00:00
4492-4096,Midea Group,Bladeless Fan,266,1,2026-08-13T02:13:02.931800+00:00
4492-8192,Midea Group,Midea Portable Air Conditioner,769,1,2026-08-13T02:13:02.931800+00:00
4492-8193,Midea Group,Midea Portable Air Conditioner,769,1,2026-08-13T02:13:02.931800+00:00
4492-8194,Midea Group,Midea Portable Air Conditioner,769,1,2026-08-13T02:13:02.931800+00:00
4492-8195,Midea Group,Midea Portable Air Conditioner,769,1,2026-08-13T02:13:02.931800+00:00
4492-8196,Midea Group,Midea Portable Air Conditioner,769,1,2026-08-13T02:13:02.931800+00:00
4492-8197,Midea Group,Midea Portable Air Conditioner,769,1,2026-08-13T02:13:02.931800+00:00
4492-8198,Midea Group,Midea Portable Air Conditioner,769,1,2026-08-13T02:13:02.931800+00:00
4492-8199,Midea Group,Midea Portable Air Conditioner,769,1,2026-08-13T02:13:02.931800+00:00
4492-8200,Midea Group,Midea Portable Air Conditioner,769,1,2026-08-13T02:13:02.931800+00:00
4492-8201,Midea Group,Midea Portable Air Conditioner,769,1,2026-08-13T02:13:02.931800+00:00
4492-8202,Midea Group,Midea Portable Air Conditioner,769,1,2026-08-13T02:13:02.931800+00:00
4492-8226,Midea Group,Midea_AC,769,1,2026-08-13T02:13:02.931800+00:00
4492-8227,Midea Group,Midea window Air Conditioner ,769,1,2026-08-13T02:13:02.931800+00:00
4492-8228,Midea Group,Midea window Air Conditioner ,769,1,2026-08-13T02:13:02.931800+00:00
4492-8229,Midea Group,Midea window Air Conditioner ,769,1,2026-08-13T02:13:02.931800+00:00
4492-8230,Midea Group,Midea window Air Conditioner ,769,1,2026-08-13T02:13:02.931800+00:00
4492-8231,Midea Group,Midea window Air Conditioner ,769,1,2026-08-13T02:13:02.931800+00:00
4492-8232,Midea Group,Midea Portable Air Conditioner,769,1,2026-08-13T02:13:02.931800+00:00
4492-8233,Midea Group,Midea Portable Air Conditioner,769,1,2026-08-13T02:13:02.931800+00:00
4492-8240,Midea Group,Midea window Air Conditioner ,769,1,2026-08-13T02:13:02.931800+00:00
4492-8241,Midea Group,Midea window Air Conditioner ,769,1,2026-08-13T02:13:02.931800+00:00
4492-8242,Midea Group,Midea window Air Conditioner ,769,1,2026-08-13T02:13:02.931800+00:00
4492-8243,Midea Group,Midea window Air Conditioner ,769,1,2026-08-13T02:13:02.931800+00:00
4492-8244,Midea Group,Midea window Air Conditioner ,769,1,2026-08-13T02:13:02.931800+00:00
4492-8245,Midea Group,Midea window Air Conditioner ,769,1,2026-08-13T02:13:02.931800+00:00
4492-8246,Midea Group,Midea Portable Air Conditioner,769,1,2026-08-13T02:13:02.931800+00:00
4492-8247,Midea Group,Midea Portable Air Conditioner,769,1,2026-08-13T02:13:02.931800+00:00
4492-8248,Midea Group,Midea Portable Air Conditioner,769,1,2026-08-13T02:13:02.931800+00:00
4492-8249,Midea Group,Midea window Air Conditioner,769,1,2026-08-13T02:13:02.931800+00:00
4492-8256,Midea Group,Midea window Air Conditioner ,769,1,2026-08-13T02:13:02.931800+00:00
4492-8257,Midea Group,Midea window Air Conditioner ,769,1,2026-08-13T02:13:02.931800+00:00
4492-8258,Midea Group,Midea window Air Conditioner ,769,1,2026-08-13T02:13:02.931800+00:00
4492-8259,Midea Group,Midea window Air Conditioner ,769,1,2026-08-13T02:13:02.931800+00:00
4492-8260,Midea Group,Midea Portable Air Conditioner,769,1,2026-08-13T02:13:02.931800+00:00
4492-8261,Midea Group,Midea window Air Conditioner ,769,1,2026-08-13T02:13:02.931800+00:00
4492-8262,Midea Group,Midea window Air Conditioner ,769,1,2026-08-13T02:13:02.931800+00:00
4492-8263,Midea Group,Midea window Air Conditioner ,769,1,2026-08-13T02:13:02.931800+00:00
4492-8264,Midea Group,Midea window Air Conditioner ,769,1,2026-08-13T02:13:02.931800+00:00
4492-8265,Midea Group,Midea Window Air Conditioner,769,1,2026-08-13T02:13:02.931800+00:00
4492-8266,Midea Group,Midea window Air Conditioner ,769,1,2026-08-13T02:13:02.931800+00:00
4492-8268,Midea Group,Midea window Air Conditioner ,769,1,2026-08-13T02:13:02.931800+00:00
4492-8269,Midea Group,Midea window Air Conditioner ,769,1,2026-08-13T02:13:02.931800+00:00
4492-8270,Midea Group,Midea window Air Conditioner ,769,1,2026-08-13T02:13:02.931800+00:00
4492-8271,Midea Group,Midea window Air Conditioner ,769,1,2026-08-13T02:13:02.931800+00:00
4492-8272,Midea Group,Midea window Air Conditioner ,769,1,2026-08-13T02:13:02.931800+00:00
4492-8273,Midea Group,Midea window Air Conditioner ,769,1,2026-08-13T02:13:02.931800+00:00
4492-8274,Midea Group,Midea window Air Conditioner ,769,1,2026-08-13T02:13:02.931800+00:00
4492-8275,Midea Group,Midea window Air Conditioner ,769,1,2026-08-13T02:13:02.931800+00:00
4492-8276,Midea Group,Midea window Air Conditioner ,769,1,2026-08-13T02:13:02.931800+00:00
4492-8278,Midea Group,Midea window Air Conditioner ,769,1,2026-08-13T02:13:02.931800+00:00
4492-8279,Midea Group,Midea window Air Conditioner ,769,1,2026-08-13T02:13:02.931800+00:00
4492-16385,Midea Group,Midea Washer,115,1,2026-08-13T02:13:02.931800+00:00
4492-16400,Midea Group,Midea Dryer,124,1,2026-08-13T02:13:02.931800+00:00
4492-16432,Midea Group,Midea Washer,115,1,2026-08-13T02:13:02.931800+00:00
4492-20480,Midea Group,Midea Built-In Dishwasher,117,1,2026-08-13T02:13:02.931800+00:00
4492-24577,Midea Group,J15,116,1,2026-08-13T02:13:02.931800+00:00
4614-1,EME Americas,TQ1 Smart Thermostat,769,TQ1,2026-08-13T02:13:02.931800+00:00
4614-17,EME Americas,TQX Smart Thermostat,769,TQX,2026-08-13T02:13:02.931800+00:00
4617-12306,Bosch,Radiator Thermostat II [+M],769,EU12306,2026-08-13T02:13:02.931800+00:00
4617-12307,Bosch,Motion Detector II [+M],263,BSEN-M2D,2026-08-13T02:13:02.931800+00:00
4617-12308,Bosch,SH Matter Bridge,14,SH-MB-1,2026-08-13T02:13:02.931800+00:00
4617-12309,Bosch,Door/Window Contact II [+M],21,EU12309,2026-08-13T02:13:02.931800+00:00
4617-12310,Bosch,Plug Compact [+M],266,BSP-FD,2026-08-13T02:13:02.931800+00:00
4617-32768,Bosch,Climate 7000i,114,7733702574,2026-08-13T02:13:02.931800+00:00
4617-32769,Bosch,Climate 7000i,114,7733702576,2026-08-13T02:13:02.931800+00:00
4617-32770,Bosch,Climate 7000i,114,7733702578,2026-08-13T02:13:02.931800+00:00
4617-32771,Bosch,Climate 7000i,114,7733702580,2026-08-13T02:13:02.931800+00:00
4617-32772,Bosch,Climate 7000i,114,7733702582,2026-08-13T02:13:02.931800+00:00
4617-32773,Bosch,Climate 7000i,114,7733703050,2026-08-13T02:13:02.931800+00:00
4617-32774,Bosch,Climate 7000i,114,7733703051,2026-08-13T02:13:02.931800+00:00
4617-32775,Bosch,Climate 7000i,114,7733703052,2026-08-13T02:13:02.931800+00:00
4617-32776,Bosch,Climate 7000i,114,7733703053,2026-08-13T02:13:02.931800+00:00
4617-32777,Bosch,Climate 7000i,114,7733703054,2026-08-13T02:13:02.931800+00:00
4617-32778,Bosch,Climate 7000i,114,7733703055,2026-08-13T02:13:02.931800+00:00
4617-32779,Bosch,Climate 7000i,114,7733703056,2026-08-13T02:13:02.931800+00:00
4617-32780,Bosch,Climate 7000i,114,7733703057,2026-08-13T02:13:02.931800+00:00
4617-32781,Bosch,Climate 7000i,114,7733703058,2026-08-13T02:13:02.931800+00:00
4617-32782,Bosch,Climate 7000i,114,7733703059,2026-08-13T02:13:02.931800+00:00
4617-32784,Bosch,IP Gateway G10-3,114,7736606771,2026-08-13T02:13:02.931800+00:00
4617-32785,Bosch,Climate Series 7000i,114,7736604250,2026-08-13T02:13:02.931800+00:00
4617-32786,Bosch,Climate Series 7000i,114,7736606215,2026-08-13T02:13:02.931800+00:00
4617-32787,Bosch,Logacool AC186i,114,7736604604,2026-08-13T02:13:02.931800+00:00
4617-32788,Bosch,Logacool AC186i,114,7736606216,2026-08-13T02:13:02.931800+00:00
4617-32800,Bosch,Logacool AC186i,114,7733702819,2026-08-13T02:13:02.931800+00:00
4617-32801,Bosch,Logacool AC186i,114,7733702821,2026-08-13T02:13:02.931800+00:00
4617-32802,Bosch,Logacool AC186i,114,7733702823,2026-08-13T02:13:02.931800+00:00
4617-32803,Bosch,Logacool AC186i,114,7733702825,2026-08-13T02:13:02.931800+00:00
4617-32804,Bosch,Logacool AC186i,114,7733702827,2026-08-13T02:13:02.931800+00:00
4617-32805,Bosch,Logacool AC186i,114,7733703060,2026-08-13T02:13:02.931800+00:00
4617-32806,Bosch,Logacool AC186i,114,7733703061,2026-08-13T02:13:02.931800+00:00
4617-32807,Bosch,Logacool AC186i,114,7733703062,2026-08-13T02:13:02.931800+00:00
4617-32808,Bosch,Logacool AC186i,114,7733703063,2026-08-13T02:13:02.931800+00:00
4617-32809,Bosch,Logacool AC186i,114,7733703064,2026-08-13T02:13:02.931800+00:00
4617-32816,Bosch,Aero 700,114,7733703757,2026-08-13T02:13:02.931800+00:00
4617-32817,Bosch,Aero 700,114,7733703759,2026-08-13T02:13:02.931800+00:00
4617-32818,Bosch,Aero 700,114,7733703763,2026-08-13T02:13:02.931800+00:00
4617-32819,Bosch,Aero 700,114,7733703765,2026-08-13T02:13:02.931800+00:00
4617-32832,Bosch,Climate 7100i,114,7733703739,2026-08-13T02:13:02.931800+00:00
4617-32833,Bosch,Climate 7100i,114,7733703741,2026-08-13T02:13:02.931800+00:00
4617-32834,Bosch,Climate 7100i,114,7733703745,2026-08-13T02:13:02.931800+00:00
4617-32835,Bosch,Climate 7100i,114,7733703747,2026-08-13T02:13:02.931800+00:00
4617-32836,Bosch,Climate 7100i,114,7733703751,2026-08-13T02:13:02.931800+00:00
4617-32837,Bosch,Climate 7100i,114,7733703753,2026-08-13T02:13:02.931800+00:00
4617-33026,Bosch,Air 2000i,45,7733703375,2026-08-13T02:13:02.931800+00:00
4617-33028,Bosch,Air 4000i,45,7733703376,2026-08-13T02:13:02.931800+00:00
4617-33030,Bosch,Air 6000i,45,7733703377,2026-08-13T02:13:02.931800+00:00
4619-4097,HEIMAN,Heiman smart motion sensor,263,101010520,2026-08-13T02:13:02.931800+00:00
4619-4098,HEIMAN,Heiman smart CO sensor,118,100000001,2026-08-13T02:13:02.931800+00:00
4619-4099,HEIMAN,Heiman smart smoke sensor,17,100000001,2026-08-13T02:13:02.931800+00:00
4619-4101,HEIMAN,Heiman smart plug,266,0001,2026-08-13T02:13:02.931800+00:00
4619-4102,HEIMAN,Heiman smart smoke sensor,118,100000002,2026-08-13T02:13:02.931800+00:00
4619-4103,HEIMAN,Heiman smart CO sensor,118,100000001,2026-08-13T02:13:02.931800+00:00
4619-4104,HEIMAN,Heiman smart water leakage sensor,67,0001,2026-08-13T02:13:02.931800+00:00
4619-4115,HEIMAN,Air quality sensor,44,0001,2026-08-13T02:13:02.931800+00:00
4619-4116,HEIMAN,Air quality sensor,44,0001,2026-08-13T02:13:02.931800+00:00
4619-4117,HEIMAN,smart remote,15,0001,2026-08-13T02:13:02.931800+00:00
4619-4129,HEIMAN,Heiman smart smoke sensor,118,0001,2026-08-13T02:13:02.931800+00:00
4619-4130,HEIMAN,Heiman smart water leakage sensor,67,0001,2026-08-13T02:13:02.931800+00:00
4619-4131,HEIMAN,Smart Repeater,266,0001,2026-08-13T02:13:02.931800+00:00
4619-4132,HEIMAN,Heiman smart smoke sensor,118,100000001,2026-08-13T02:13:02.931800+00:00
4619-4145,HEIMAN,Heiman smart door sensor,21,100000001,2026-08-13T02:13:02.931800+00:00
4619-4192,HEIMAN,Heiman smart Humidity&Temperature Sensor,770,100000001,2026-08-13T02:13:02.931800+00:00
4633-1,ORVIBO,Smart Dimmer Switch,257,1,2026-08-13T02:13:02.931800+00:00
4633-5,ORVIBO,Mixpad D1,257,1,2026-08-13T02:13:02.931800+00:00
4633-42,ORVIBO,MixPad M2,14,1,2026-08-13T02:13:02.931800+00:00
4633-50,ORVIBO,MixPad 7,14,1,2026-08-13T02:13:02.931800+00:00
4633-51,ORVIBO,MixPad X,14,1,2026-08-13T02:13:02.931800+00:00
4633-66,ORVIBO,MixPad 12,14,1,2026-08-13T02:13:02.931800+00:00
4644-257,Sunricher,MT-RGBCCT,269,H-1224-0101,2026-08-13T02:13:02.931800+00:00
4644-258,Sunricher,MT-CCT,268,H-1224-0102,2026-08-13T02:13:02.931800+00:00
4644-259,Sunricher,MT-SL-DIM,257,H-1224-0103,2026-08-13T02:13:02.931800+00:00
4644-260,Sunricher,MT-SL-ONOFF,256,H-1224-0104,2026-08-13T02:13:02.931800+00:00
4644-262,Sunricher,MT-DOOR-SENSOR,21,H-1224-0106,2026-08-13T02:13:02.931800+00:00
4644-263,Sunricher,MT-SWITCH,15,H-1224-0107,2026-08-13T02:13:02.931800+00:00
4644-265,Sunricher,MT-WATER-LEAK-DETECTOR,67,H-1224-0109,2026-08-13T02:13:02.931800+00:00
4644-1025,Sunricher,matter Bridge,14,H-1224-0401,2026-08-13T02:13:02.931800+00:00
4653-40961,AduroSmart,GZ5,14,81912,2026-08-13T02:13:02.931800+00:00
4662-14336,Allegion,Schlage Sense Pro,10,BE889WB,2026-08-13T02:13:02.931800+00:00
4662-35328,Allegion,Gainsborough Freestyle Smart Wi-Fi Trilock,10,"GFSW8901AURBSC, GFSW8951AURMB",2026-08-13T02:13:02.931800+00:00
4665-2373,Immax,Immax NEO Gateway,14,07117-5,2026-08-13T02:13:02.931800+00:00
4665-4501,Immax,Immax NEO Gateway,14,07117-5,2026-08-13T02:13:02.931800+00:00
4673-32846,Samjin,AI Home KIT,14,IA70001-AAK01,2026-08-13T02:13:02.931800+00:00
4689-3304,Neonlite Distribution Ltd.,Wi-Fi A60 Filament Bulb,268,LG292047/mt/wf/tw-CSv00,2026-08-13T02:13:02.931800+00:00
4689-3307,Neonlite Distribution Ltd.,Smart Bulb RGBW,269,LG291080/mt/wf/ec-OPv00,2026-08-13T02:13:02.931800+00:00
4701-59,Tuya,TUYA Wi-Fi Filament Light,268,TY-W-DSD-D1-X1,2026-08-13T02:13:02.931800+00:00
4701-64,Tuya,smart light,269,TYWP1,2026-08-13T02:13:02.931800+00:00
4701-89,Tuya,Wi-Fi Smart Light,268,TY-W-DSD-D1-X1,2026-08-13T02:13:02.931800+00:00
4701-112,Tuya,Smart Wired Gateway Pro,14,THP10-Z-X,2026-08-13T02:13:02.931800+00:00
4701-242,Tuya,TYUSCB2SP1,266,TYUSCB2SP1,2026-08-13T02:13:02.931800+00:00
4701-244,Tuya,TYEUCB2SP2,266,TYEUCB2SP2,2026-08-13T02:13:02.931800+00:00
4701-245,Tuya,TYFRCB2SP3,266,TYFRCB2SP3,2026-08-13T02:13:02.931800+00:00
4701-246,Tuya,Wi-Fi Smart light,269,TYWX2,2026-08-13T02:13:02.931800+00:00
4701-247,Tuya,TYUKCB2SP4,266,TYUKCB2SP4,2026-08-13T02:13:02.931800+00:00
4701-249,Tuya,TYCHCB2SP5,266,TYCHCB2SP5,2026-08-13T02:13:02.931800+00:00
4701-251,Tuya,TYITCB2SP6,266,TYITCB2SP6,2026-08-13T02:13:02.931800+00:00
4701-253,Tuya,TYDKCB2SP7,266,TYDKCB2SP7,2026-08-13T02:13:02.931800+00:00
4701-255,Tuya,TYAUSCB2SP8,266,TYAUSCB2SP8,2026-08-13T02:13:02.931800+00:00
4701-256,Tuya,TYARCB2SP9,266,TYARCB2SP9,2026-08-13T02:13:02.931800+00:00
4701-257,Tuya,TY matter bulb,269,TY-X7,2026-08-13T02:13:02.931800+00:00
4701-258,Tuya,TYBRCB2SP10,266,TYBRCB2SP10,2026-08-13T02:13:02.931800+00:00
4701-260,Tuya,TYZACB2SP11,266,TYZACB2SP11,2026-08-13T02:13:02.931800+00:00
4701-261,Tuya,TYILCB2SP12,266,TYILCB2SP12,2026-08-13T02:13:02.931800+00:00
4701-262,Tuya,TYJPCB2SP13,266,TYJPCB2SP13,2026-08-13T02:13:02.931800+00:00
4701-263,Tuya,TYCHNCB2SP14,266,TYCHNCB2SP14,2026-08-13T02:13:02.931800+00:00
4701-278,Tuya,TY-W-DJ-RGBCW-CB3L-X23,269,X23,2026-08-13T02:13:02.931800+00:00
4701-299,Tuya,TY-W-DJ-RGBCW-CB3L-X44,256,个,2026-08-13T02:13:02.931800+00:00
4701-300,Tuya,TY-W-DJ-RGBCW-CB3L-X45,269,TY-W-DJ-RGBCW-CB3L-X45,2026-08-13T02:13:02.931800+00:00
4701-304,Tuya,Thread Smart Light,269,TYTX2,2026-08-13T02:13:02.931800+00:00
4701-404,Tuya,Wi-Fi-Matter-5-11,256,个,2026-08-13T02:13:02.931800+00:00
4701-456,Tuya,Matter PIR Motion Sensor,263,MD100-T,2026-08-13T02:13:02.931800+00:00
4701-457,Tuya,Door Window Sensor_Thread,21,DS100-T,2026-08-13T02:13:02.931800+00:00
4701-635,Tuya,Matter Plug,266,Smart Plug,2026-08-13T02:13:02.931800+00:00
4701-721,Tuya,Matter Lite,269,Smart Light,2026-08-13T02:13:02.931800+00:00
4701-847,Tuya,Door Window Sensor_Thread,21,GS325M,2026-08-13T02:13:02.931800+00:00
4701-848,Tuya,Thread PIR,263,GS307M,2026-08-13T02:13:02.931800+00:00
4701-866,Tuya,smart  plug  ,266,matter-1,2026-08-13T02:13:02.931800+00:00
4701-886,Tuya,matter,256,matter,2026-08-13T02:13:02.931800+00:00
4701-902,Tuya,Smart Wired Gateway Pro,14,THP10-Z-X,2026-08-13T02:13:02.931800+00:00
4701-903,Tuya,Smart Wired Gateway Pro,14,THP10-Z-X,2026-08-13T02:13:02.931800+00:00
4701-1389,Tuya,Smart Light,268,TY-T-DJ-D2-X1,2026-08-13T02:13:02.931800+00:00
4701-1433,Tuya,Matter Wi-Fi Light Switch,256,TY-W-KG-ONOFF-CBU-S2,2026-08-13T02:13:02.931800+00:00
4701-1434,Tuya,Matter Wi-Fi Light Switch,256,TY-W-KG-ONOFF-CBU-S3,2026-08-13T02:13:02.931800+00:00
4701-1435,Tuya,Matter Wi-Fi Light Switch,256,TY-W-KG-ONOFF-CBU-S4,2026-08-13T02:13:02.931800+00:00
4701-1436,Tuya,Matter Wi-Fi Light Switch,256,TY-W-KG-ONOFF-CBU-S5,2026-08-13T02:13:02.931800+00:00
4701-1437,Tuya,Matter Wi-Fi Light Switch,256,TY-W-KG-ONOFF-CBU-S6,2026-08-13T02:13:02.931800+00:00
4701-1438,Tuya,Matter Wi-Fi Light Switch,256,TY-W-KG-ONOFF-CBU-S7,2026-08-13T02:13:02.931800+00:00
4701-1439,Tuya,Matter Wi-Fi Light Switch,256,TY-W-KG-ONOFF-CBU-S8,2026-08-13T02:13:02.931800+00:00
4701-1440,Tuya,Matter Wi-Fi Light Switch,256,TY-W-KG-ONOFF-CBU-S9,2026-08-13T02:13:02.931800+00:00
4701-1441,Tuya,Matter Wi-Fi Light Switch,256,TY-W-KG-ONOFF-CBU-S10,2026-08-13T02:13:02.931800+00:00
4701-1442,Tuya,Matter Wi-Fi Light Switch,256,TY-W-KG-ONOFF-CBU-S11,2026-08-13T02:13:02.931800+00:00
4701-1443,Tuya,Matter Wi-Fi Light Switch,256,TY-W-KG-ONOFF-CBU-S12,2026-08-13T02:13:02.931800+00:00
4701-1686,Tuya,Smart Thermostat,769,BHT-006MT,2026-08-13T02:13:02.931800+00:00
4701-1687,Tuya,Matter Wi-Fi Light Switch,256,TY-W-KG-ONOFF-CBU-S1,2026-08-13T02:13:02.931800+00:00
4701-1798,Tuya,Smart Light,269,Matter,2026-08-13T02:13:02.931800+00:00
4701-2262,Tuya,matter_thread_5wayslight,257,light,2026-08-13T02:13:02.931800+00:00
4701-2448,Tuya,Smart M Gateway,14,THP23-ZB-X,2026-08-13T02:13:02.931800+00:00
4701-2498,Tuya,Smart Door Lock,10,LD05-T,2026-08-13T02:13:02.931800+00:00
4701-2592,Tuya,TY-US-CB2S-1E-S1,266,TY-US-CB2S-1E-S1,2026-08-13T02:13:02.931800+00:00
4701-2594,Tuya,TY-EU-CB2S-1E-S2,266,TY-EU-CB2S-1E-S2,2026-08-13T02:13:02.931800+00:00
4701-2595,Tuya,TY-FR-CB2S-1E-S3,266,TY-FR-CB2S-1E-S3,2026-08-13T02:13:02.931800+00:00
4701-2596,Tuya,TY-UK-CB2S-1E-S4,266,TY-UK-CB2S-1E-S4,2026-08-13T02:13:02.931800+00:00
4701-2641,Tuya,t1-light-matter,101,t1-light-matter,2026-08-13T02:13:02.931800+00:00
4701-3322,Tuya,Wi-Fi Bulb RGBCW,269,TY-W-DJ-T1-X1,2026-08-13T02:13:02.931800+00:00
4701-3381,Tuya,Smart Control Panel L,14,TPP05-Z(US),2026-08-13T02:13:02.931800+00:00
4701-3411,Tuya,Smart Door Lock,10,LD05-T,2026-08-13T02:13:02.931800+00:00
4701-3432,Tuya,TY-EU-T12S-P2,266,TY-EU-T12S-P2,2026-08-13T02:13:02.931800+00:00
4701-3436,Tuya,TY-IL-T12S-P6,266,TY-IL-T12S-P6,2026-08-13T02:13:02.931800+00:00
4701-3456,Tuya,TY-EU-T12S-1E-S2,266,TY-EU-T12S-1E-S2,2026-08-13T02:13:02.931800+00:00
4701-3460,Tuya,TY-IT-T12S-1E-S6,266,TY-IT-T12S-1E-S6,2026-08-13T02:13:02.931800+00:00
4701-3603,Tuya,Wi-Fi Light Switch,256,TY-W-KG-ONOFF-T1-S1,2026-08-13T02:13:02.931800+00:00
4701-3604,Tuya,Wi-Fi Light Switch,256,TY-W-KG-ONOFF-T1-S2,2026-08-13T02:13:02.931800+00:00
4701-3605,Tuya,Wi-Fi Light Switch,256,TY-W-KG-ONOFF-T1-S3,2026-08-13T02:13:02.931800+00:00
4701-3606,Tuya,Wi-Fi Light Switch,256,TY-W-KG-ONOFF-T1-S4,2026-08-13T02:13:02.931800+00:00
4701-3607,Tuya,Wi-Fi Light Switch,256,TY-W-KG-ONOFF-T1-S5,2026-08-13T02:13:02.931800+00:00
4701-3608,Tuya,Wi-Fi Light Switch,256,TY-W-KG-ONOFF-T1-S6,2026-08-13T02:13:02.931800+00:00
4701-3609,Tuya,Wi-Fi Light Switch,256,TY-W-KG-ONOFF-T1-S7,2026-08-13T02:13:02.931800+00:00
4701-3610,Tuya,Wi-Fi Light Switch,256,TY-W-KG-ONOFF-T1-S8,2026-08-13T02:13:02.931800+00:00
4701-3611,Tuya,Wi-Fi Light Switch,256,TY-W-KG-ONOFF-T1-S9,2026-08-13T02:13:02.931800+00:00
4701-3612,Tuya,Wi-Fi Light Switch,256,TY-W-KG-ONOFF-T1-S10,2026-08-13T02:13:02.931800+00:00
4701-3613,Tuya,Wi-Fi Light Switch,256,TY-W-KG-ONOFF-T1-S11,2026-08-13T02:13:02.931800+00:00
4701-3614,Tuya,Wi-Fi Light Switch,256,TY-W-KG-ONOFF-T1-S12,2026-08-13T02:13:02.931800+00:00
4701-4229,Tuya,Wi-Fi Double RGBCW Downlight,269,TY-W-10TD-T1-D2-X1,2026-08-13T02:13:02.931800+00:00
4701-4290,Tuya,Tuya_TRU_Test,269,MOT0002-TRU,2026-08-13T02:13:02.931800+00:00
4701-4958,Tuya,Smart Bluetooth Gateway,14,THP01-B-X,2026-08-13T02:13:02.931800+00:00
4701-5135,Tuya,matter_light,269,light,2026-08-13T02:13:02.931800+00:00
4711-2712,"ARC Technology Co., Ltd. ",Matter On/Off plug,266,W4YCR-2300,2026-08-13T02:13:02.931800+00:00
4711-6808,"ARC Technology Co., Ltd. ",Matter Dimmer Plug,267,W4YCR-200,2026-08-13T02:13:02.931800+00:00
4718-1,Xiaomi,Matter-OT Dual Connectivity Module,257,AS057,2026-08-13T02:13:02.931800+00:00
4718-2,Xiaomi,Xiaomi Smart LED Bulb,269,9290041709,2026-08-13T02:13:02.931800+00:00
4718-4,Xiaomi,Xiaomi Self-Install Smart Lock,10,BHR07XDGL,2026-08-13T02:13:02.931800+00:00
4718-5,Xiaomi,Xiaomi Self-Install Smart Lock,10,BHR07XEJP,2026-08-13T02:13:02.931800+00:00
4718-10,Xiaomi,111,11,111,2026-08-13T02:13:02.931800+00:00
4724-2712,Trust International BV,MACC-2300,266,MACC-2300,2026-08-13T02:13:02.931800+00:00
4724-2713,Trust International BV,MACM-1800,266,MACM-1800,2026-08-13T02:13:02.931800+00:00
4724-2714,Trust International BV,MAGC-2300,266,MAGC-2300,2026-08-13T02:13:02.931800+00:00
4724-2715,Trust International BV,MACC-2300,266,MACC-2300,2026-08-13T02:13:02.931800+00:00
4724-6808,Trust International BV,MACC-200,267,MACC-200,2026-08-13T02:13:02.931800+00:00
4724-6809,Trust International BV,MACM-250,267,MACM-250,2026-08-13T02:13:02.931800+00:00
4724-6810,Trust International BV,MAWD-250,257,MAWD-250,2026-08-13T02:13:02.931800+00:00
4724-10904,Trust International BV,MASUN-W1000,515,MASUN-W1000,2026-08-13T02:13:02.931800+00:00
4736-769,Siterwell,Radiator thermostats,769,GS365M,2026-08-13T02:13:02.931800+00:00
4736-847,Siterwell,Door Window Sensor_Thread,21,GS325M,2026-08-13T02:13:02.931800+00:00
4736-848,Siterwell,Thread PIR,263,GS307M,2026-08-13T02:13:02.931800+00:00
4736-32788,Siterwell,Smart Smoke Alarm,118,GS529M,2026-08-13T02:13:02.931800+00:00
4736-32789,Siterwell,Smart Carbon Monoxide Alarm,118,GS828M,2026-08-13T02:13:02.931800+00:00
4736-32790,Siterwell,GS886A-MTAT,118,GS886A-MTAT,2026-08-13T02:13:02.931800+00:00
4738-1,SEI,SEI Door and Window Sensor,21,MOT125T,2026-08-13T02:13:02.931800+00:00
4738-2,SEI,SEI Water Leak Sensor,67,MOT128T,2026-08-13T02:13:02.931800+00:00
4738-3,SEI,SEI Presence and Light Sensor,263,MOT129S,2026-08-13T02:13:02.931800+00:00
4738-5,SEI,SEI Smoke sensor,118,MOT000S,2026-08-13T02:13:02.931800+00:00
4738-6,SEI,SEI 60G millimeter-wave radar,263,MOT119Q,2026-08-13T02:13:02.931800+00:00
4738-7,SEI,SEI Gas sensor,118,MOT000S1,2026-08-13T02:13:02.931800+00:00
4738-20482,SEI,1080P Wired Camera(Ref1) ,14,SG683A,2026-08-13T02:13:02.931800+00:00
4738-20483,SEI,1080P Wired Camera(Ref1) ,14,SG683B,2026-08-13T02:13:02.931800+00:00
4738-20498,SEI,2K Wired Camera(Ref2),14,SG684B,2026-08-13T02:13:02.931800+00:00
4738-20499,SEI,2K Wired Camera(Ref2),14,SG684A,2026-08-13T02:13:02.931800+00:00
4738-20753,SEI,2K Floodlight(Ref2) ,14,SG685B,2026-08-13T02:13:02.931800+00:00
4738-20754,SEI,2K Floodlight(Ref2) ,14,SG685A,2026-08-13T02:13:02.931800+00:00
4738-21009,SEI,2K Battery Doorbell,14,SG294A,2026-08-13T02:13:02.931800+00:00
4738-21010,SEI,2K Battery Doorbell,14,SG294F,2026-08-13T02:13:02.931800+00:00
4738-21011,SEI,2K Battery Doorbell,14,SG294B,2026-08-13T02:13:02.931800+00:00
4738-21012,SEI,2K Battery Doorbell,14,SG294G,2026-08-13T02:13:02.931800+00:00
4738-21505,SEI,2K Battery Indoor&Outdoor Camera,14,SG681B,2026-08-13T02:13:02.931800+00:00
4738-21507,SEI,2K Battery Indoor&Outdoor Camera,14,SG681H,2026-08-13T02:13:02.931800+00:00
4738-21508,SEI,2K Battery Indoor&Outdoor Camera,14,SG681F,2026-08-13T02:13:02.931800+00:00
4738-21509,SEI,2K Battery Indoor&Outdoor Camera,14,SG681D,2026-08-13T02:13:02.931800+00:00
4738-24577,SEI,Smart Speaker,14,A113X2WALM,2026-08-13T02:13:02.931800+00:00
4738-24578,SEI,Homa Loom Speaker,14,SK113X2BE,2026-08-13T02:13:02.931800+00:00
4738-24579,SEI,Homa Loom Mini Speaker,14,SK113X2AA,2026-08-13T02:13:02.931800+00:00
4738-28673,SEI,Chime hub,326,MOT273M,2026-08-13T02:13:02.931800+00:00
4738-28674,SEI,Chime hub,326,MOT306M-WM,2026-08-13T02:13:02.931800+00:00
4738-28675,SEI,Chime hub,326,MOT273M-O2UK,2026-08-13T02:13:02.931800+00:00
4738-28676,SEI,Chime hub,326,MOT314M,2026-08-13T02:13:02.931800+00:00
4741-3,Hager Group,Domovea server plus,14,TJAS471,2026-08-13T02:13:02.931800+00:00
4741-4,Hager Group,Domovea server basic,14,TJAS671,2026-08-13T02:13:02.931800+00:00
4741-5,Hager Group,Application Module Push Button 1-gang for Matter system used on Power Modules,14,WAC1010,2026-08-13T02:13:02.931800+00:00
4741-6,Hager Group,Application Module Push Button 2-gang for Matter system used on Power Modules,14,WAC1020,2026-08-13T02:13:02.931800+00:00
4741-7,Hager Group,Application Module PIR,14,WAC1061,2026-08-13T02:13:02.931800+00:00
4741-8,Hager Group,Surface Mounted Push Button,15,WAC2010,2026-08-13T02:13:02.931800+00:00
4741-9,Hager Group,Surface Mounted Push Button,15,WAC2020,2026-08-13T02:13:02.931800+00:00
4741-10,Hager Group,Application Module PIR,14,WAC1062,2026-08-13T02:13:02.931800+00:00
4741-12,Hager Group,Matter Rotary Dimmer,257,WAC4010,2026-08-13T02:13:02.931800+00:00
4742-1,CoolKit,Smart Color Light,269,-,2026-08-13T02:13:02.931800+00:00
4742-2,CoolKit,Smart Plug-in Unit,266,0000000000000000000000000000001,2026-08-13T02:13:02.931800+00:00
4742-11,CoolKit,Wi-Fi Switch,266,00000000000000000000000000000001,2026-08-13T02:13:02.931800+00:00
4742-12,CoolKit,Wi-Fi Switch,266,00000000000000000000000000000001,2026-08-13T02:13:02.931800+00:00
4742-13,CoolKit,Wi-Fi Switch,266,00000000000000000000000000000001,2026-08-13T02:13:02.931800+00:00
4742-35,CoolKit,eWeLink Smart Bridge,14,ZBBridge-U,2026-08-13T02:13:02.931800+00:00
4742-36,CoolKit,eWeLink Smart Bridge,14,0000000000000000000000000000000,2026-08-13T02:13:02.931800+00:00
4742-125,CoolKit,Color Temperature Light,268,-,2026-08-13T02:13:02.931800+00:00
4742-205,CoolKit,WiFi Smart Switch,514,00000000000000000000000000000001,2026-08-13T02:13:02.931800+00:00
4742-241,CoolKit,Smart Plug-In Unit,266,-,2026-08-13T02:13:02.931800+00:00
4742-242,CoolKit,Air Quality Monitor,44,-,2026-08-13T02:13:02.931800+00:00
4742-61441,CoolKit,Smart Plug-in Unit,266,0000000000000000000000000000001,2026-08-13T02:13:02.931800+00:00
4745-770,Lidl Stiftung & Co. KG,Smart Plug,266,HG10491,2026-08-13T02:13:02.931800+00:00
4745-774,Lidl Stiftung & Co. KG,Smart Plug,266,HG10491-FR,2026-08-13T02:13:02.931800+00:00
4746-4097,Changhong Network,CH Smart Plug,266,12,2026-08-13T02:13:02.931800+00:00
4746-4098,Changhong Network,Door Sensor,21,-,2026-08-13T02:13:02.931800+00:00
4751-32918,EGLO,RGBCCT Light Controller,269,110355,2026-08-13T02:13:02.931800+00:00
4751-32929,EGLO,RGBCCT Light Controller,269,902186,2026-08-13T02:13:02.931800+00:00
4751-32930,EGLO,RGBCCT Light Controller,269,902184,2026-08-13T02:13:02.931800+00:00
4751-32944,EGLO,RGBCCT Light Controller,269,901513,2026-08-13T02:13:02.931800+00:00
4751-32962,EGLO,RGBCCT Light Controller,269,901832,2026-08-13T02:13:02.931800+00:00
4751-33174,EGLO,RGBCCT Light Controller,269,110408,2026-08-13T02:13:02.931800+00:00
4751-33216,EGLO,RGBCCT Light Controller,269,110271,2026-08-13T02:13:02.931800+00:00
4751-33537,EGLO,RGBCCT Light Controller,269,901888,2026-08-13T02:13:02.931800+00:00
4751-33538,EGLO,RGBCCT Light Controller,269,901864,2026-08-13T02:13:02.931800+00:00
4757-1,FRITZ!,FRITZ!OS Matter Bridge,22,,2026-08-13T02:13:02.931800+00:00
4757-265,FRITZ!,FRITZ!OS Matter Bridge,22,,2026-08-13T02:13:02.931800+00:00
4762-512,Delta Dore Rademacher,Smart universal beltwinder,514,8100000,2026-08-13T02:13:02.931800+00:00
4767-1,Level Home,Level Lock+ (Matter),10,B05,2026-08-13T02:13:02.931800+00:00
4767-3,Level Home,Level Bolt (Matter),10,B12,2026-08-13T02:13:02.931800+00:00
4767-4,Level Home,Level Lock Pro,10,B05,2026-08-13T02:13:02.931800+00:00
4767-5,Level Home,Level Lock (Matter),10,B12,2026-08-13T02:13:02.931800+00:00
4874-67,Eve,Eve Light Switch (Europe),256,20EBW1701,2026-08-13T02:13:02.931800+00:00
4874-77,Eve,Eve Door & Window,21,20EBN9901,2026-08-13T02:13:02.931800+00:00
4874-79,Eve,Eve Thermo,769,20EBP1701,2026-08-13T02:13:02.931800+00:00
4874-80,Eve,Eve Energy (Europe),266,20EBO8301,2026-08-13T02:13:02.931800+00:00
4874-83,Eve,Eve Energy (U.S. & Canada),266,20EBU4101,2026-08-13T02:13:02.931800+00:00
4874-84,Eve,Eve Energy (U.K.),266,20EBT8601,2026-08-13T02:13:02.931800+00:00
4874-85,Eve,Eve MotionBlinds,514,20CAA9901,2026-08-13T02:13:02.931800+00:00
4874-87,Eve,Eve Weather,770,20EBS9901,2026-08-13T02:13:02.931800+00:00
4874-89,Eve,Eve Motion,263,20EBY9901,2026-08-13T02:13:02.931800+00:00
4874-93,Eve,Eve Light Switch (U.S. & Canada),256,20ECE4101,2026-08-13T02:13:02.931800+00:00
4874-94,Eve,Eve Energy (Australia),266,20ECF6001,2026-08-13T02:13:02.931800+00:00
4874-96,Eve,Eve Shutter Switch,514,20ECI1701,2026-08-13T02:13:02.931800+00:00
4874-98,Eve,Eve MotionBlinds,514,20CAB9901,2026-08-13T02:13:02.931800+00:00
4874-99,Eve,Eve MotionBlinds,514,20CAC9901,2026-08-13T02:13:02.931800+00:00
4874-100,Eve,Eve MotionBlinds for Curtains,514,20CAH9901,2026-08-13T02:13:02.931800+00:00
4874-104,Eve,Eve Thermo Control,770,20ECK9901,2026-08-13T02:13:02.931800+00:00
4874-105,Eve,Eve Energy Outlet (U.S. & Canada),266,20ECN4101,2026-08-13T02:13:02.931800+00:00
4874-106,Eve,Eve Energy (Switzerland),266,20ECL1301,2026-08-13T02:13:02.931800+00:00
4874-107,Eve,Eve Energy Outdoor (Europe),266,20ECM8301,2026-08-13T02:13:02.931800+00:00
4874-109,Eve,Eve MotionBlinds,514,20CAD9901,2026-08-13T02:13:02.931800+00:00
4874-110,Eve,Eve MotionBlinds,514,20CAF9901,2026-08-13T02:13:02.931800+00:00
4874-111,Eve,Eve MotionBlinds,514,20CAJ9901,2026-08-13T02:13:02.931800+00:00
4874-112,Eve,Eve MotionBlinds,514,20CAG9901,2026-08-13T02:13:02.931800+00:00
4874-113,Eve,Eve MotionBlinds,514,20CAM9901,2026-08-13T02:13:02.931800+00:00
4874-114,Eve,Eve MotionBlinds,514,20CAI9901,2026-08-13T02:13:02.931800+00:00
4874-115,Eve,Eve MotionBlinds,514,20CAE9901,2026-08-13T02:13:02.931800+00:00
4874-121,Eve,Eve Dimmer Switch (U.S. & Canada),257,20ECQ4101,2026-08-13T02:13:02.931800+00:00
4874-124,Eve,Eve MotionBlinds,514,20CAN9901,2026-08-13T02:13:02.931800+00:00
4874-125,Eve,Eve Thermo,769,20ECD1701,2026-08-13T02:13:02.931800+00:00
4874-127,Eve,Eve Thermostat,769,20ECT1701,2026-08-13T02:13:02.931800+00:00
4874-36865,Eve,free@home System Access Point 2.0,14,2CKA006200A0154,2026-08-13T02:13:02.931800+00:00
4874-36870,Eve,"OneTouch 7""",14,2TMA320050W0001,2026-08-13T02:13:02.931800+00:00
4877-256,BouffaloLab,BL602 Wi-Fi Relay,266,0100,2026-08-13T02:13:02.931800+00:00
4877-257,BouffaloLab,BL602 Wi-Fi Plug,266,0101,2026-08-13T02:13:02.931800+00:00
4877-258,BouffaloLab,Bouffalo Bridge,14,0102,2026-08-13T02:13:02.931800+00:00
4877-259,BouffaloLab,Bouffalo Color Light,269,0103,2026-08-13T02:13:02.931800+00:00
4882-1,Yeelight,Yeelight Smart Lamp,269,-,2026-08-13T02:13:02.931800+00:00
4882-2,Yeelight,Yeelight Pro Gateway,14,-,2026-08-13T02:13:02.931800+00:00
4882-4,Yeelight,Yeelight Smart LED Strip Lights,269,YLYDD-0095,2026-08-13T02:13:02.931800+00:00
4882-6,Yeelight,Yeelight LED Screen Light Bar | Libra 2,269,YLFWD-0024,2026-08-13T02:13:02.931800+00:00
4882-7,Yeelight,Yeelight Smart Bulb,269,YLQPD-0024,2026-08-13T02:13:02.931800+00:00
4882-8,Yeelight,Yeelight Smart LED Strip Lights,269,Yeelight Smart LED Strip Lights,2026-08-13T02:13:02.931800+00:00
4882-9,Yeelight,Yeelight Smart LED Strip Lights,269,YLYDD-0096,2026-08-13T02:13:02.931800+00:00
4882-13,Yeelight,Smart Switch,15,YP-0819,2026-08-13T02:13:02.931800+00:00
4882-14,Yeelight,Smart Switch,15,YP-0820,2026-08-13T02:13:02.931800+00:00
4882-15,Yeelight,Smart Switch,15,YP-0821,2026-08-13T02:13:02.931800+00:00
4882-16,Yeelight,Smart Switch,15,YP-0823,2026-08-13T02:13:02.931800+00:00
4882-21,Yeelight,Smart Switch,15,YP-0866,2026-08-13T02:13:02.931800+00:00
4882-22,Yeelight,Smart Switch,15,YP-0867,2026-08-13T02:13:02.931800+00:00
4882-23,Yeelight,Smart Switch,15,YP-0868,2026-08-13T02:13:02.931800+00:00
4882-24,Yeelight,Smart Switch,15,YP-0869,2026-08-13T02:13:02.931800+00:00
4882-26,Yeelight,Yeelight Smart Lamp,269,YP-0878,2026-08-13T02:13:02.931800+00:00
4882-29,Yeelight,Smart Switch,15,YP-0816,2026-08-13T02:13:02.931800+00:00
4882-30,Yeelight,Smart Switch,15,YP-0817,2026-08-13T02:13:02.931800+00:00
4882-31,Yeelight,Smart Switch,15,YP-0818,2026-08-13T02:13:02.931800+00:00
4882-32,Yeelight,Smart Swtich,15,YP-0822,2026-08-13T02:13:02.931800+00:00
4882-33,Yeelight,Yeelight Smart Ceiling Fan,0,YP-0963,2026-08-13T02:13:02.931800+00:00
4886-6657,Realtek,AmebaD,269,RTL8721DM,2026-08-13T02:13:02.931800+00:00
4886-6689,Realtek,AmebaZ2 ,269,RTL8720CM,2026-08-13T02:13:02.931800+00:00
4889-1,Mitsubishi Electric US,Wireless Interface 4,769,PAC,2026-08-13T02:13:02.931800+00:00
4890-4096,Resideo,FocusPro S200 / X2S Smart Thermostat,769,TH2320WF4010,2026-08-13T02:13:02.931800+00:00
4890-4097,Resideo,FocusPro S200 / X2S Smart Thermostat,769,TH2320WF4011,2026-08-13T02:13:02.931800+00:00
4890-4098,Resideo,FocusPro S200 / X2S Smart Thermostat,769,TH2110WF4008,2026-08-13T02:13:02.931800+00:00
4890-4099,Resideo,FocusPro S200 / X2S Smart Thermostat,769,RTH2CWF,2026-08-13T02:13:02.931800+00:00
4890-4100,Resideo,FocusPro S200 / X2S Smart Thermostat,769,RTHC2CWF,2026-08-13T02:13:02.931800+00:00
4890-4101,Resideo,FocusPro S200 / X2S Smart Thermostat,769,RTH2SMC,2026-08-13T02:13:02.931800+00:00
4890-4352,Resideo,ElitePRO/X8/X7 Smart Thermostat,769,THX1200W5/U,2026-08-13T02:13:02.931800+00:00
4890-4353,Resideo,ElitePRO/X8/X7 Smart Thermostat,769,YTHX1200W5/U,2026-08-13T02:13:02.931800+00:00
4890-4416,Resideo,ElitePRO/X8/X7 Smart Thermostat,769,THX1200B6/U,2026-08-13T02:13:02.931800+00:00
4890-4417,Resideo,ElitePRO/X8/X7 Smart Thermostat,769,YTHX1200B6/U,2026-08-13T02:13:02.931800+00:00
4890-4480,Resideo,ElitePRO/X8/X7 Smart Thermostat,769,X8VMC8B/U,2026-08-13T02:13:02.931800+00:00
4890-4481,Resideo,ElitePRO/X8/X7 Smart Thermostat,769,X8VMC8BC/U,2026-08-13T02:13:02.931800+00:00
4890-4482,Resideo,ElitePRO/X8/X7 Smart Thermostat,769,X8VWF10B/U,2026-08-13T02:13:02.931800+00:00
4890-4544,Resideo,ElitePRO/X8/X7 Smart Thermostat,769,X8VWF7W/U,2026-08-13T02:13:02.931800+00:00
4890-4545,Resideo,ElitePRO/X8/X7 Smart Thermostat,769,X8VWF7WC/U,2026-08-13T02:13:02.931800+00:00
4890-4546,Resideo,ElitePRO/X8/X7 Smart Thermostat,769,X8VMC9W/U,2026-08-13T02:13:02.931800+00:00
4890-4608,Resideo,ElitePRO/X8/X7 Smart Thermostat,769,YTHX1200W7/U,2026-08-13T02:13:02.931800+00:00
4890-4609,Resideo,ElitePRO/X8/X7 Smart Thermostat,769,THX1200W7S/U​,2026-08-13T02:13:02.931800+00:00
4890-4672,Resideo,ElitePRO/X8/X7 Smart Thermostat,769,YTHX1200B8/U,2026-08-13T02:13:02.931800+00:00
4890-4673,Resideo,ElitePRO/X8/X7 Smart Thermostat,769,THX1200B8S/U​,2026-08-13T02:13:02.931800+00:00
4890-4736,Resideo,ElitePRO/X8/X7 Smart Thermostat,769,THX1100W3/U​,2026-08-13T02:13:02.931800+00:00
4890-4800,Resideo,ElitePRO/X8/X7 Smart Thermostat,769,THX1100B4/U​,2026-08-13T02:13:02.931800+00:00
4890-4864,Resideo,ElitePRO/X8/X7 Smart Thermostat,769,X8SWF5W/U,2026-08-13T02:13:02.931800+00:00
4890-4928,Resideo,ElitePRO/X8/X7 Smart Thermostat,769,X8SMC6B/U,2026-08-13T02:13:02.931800+00:00
4890-4992,Resideo,ElitePRO/X8/X7 Smart Thermostat,769,THX1000W1/U​,2026-08-13T02:13:02.931800+00:00
4890-5056,Resideo,ElitePRO/X8/X7 Smart Thermostat,769,THX1000B2/U​,2026-08-13T02:13:02.931800+00:00
4890-5120,Resideo,ElitePRO/X8/X7 Smart Thermostat,769,X7SWF3W/U,2026-08-13T02:13:02.931800+00:00
4890-5121,Resideo,ElitePRO/X8/X7 Smart Thermostat,769,X7SWF4WC/U,2026-08-13T02:13:02.931800+00:00
4890-5184,Resideo,ElitePRO/X8/X7 Smart Thermostat,769,X7SMC4B/U,2026-08-13T02:13:02.931800+00:00
4890-5185,Resideo,ElitePRO/X8/X7 Smart Thermostat,769,X7SMC4BC/U,2026-08-13T02:13:02.931800+00:00
4890-5248,Resideo,ElitePRO/X8/X7 Smart Thermostat,769,X7BWF1W/U,2026-08-13T02:13:02.931800+00:00
4890-5312,Resideo,ElitePRO/X8/X7 Smart Thermostat,769,X7BMC2B/U,2026-08-13T02:13:02.931800+00:00
4890-5376,Resideo,ElitePRO/X8/X7 Smart Thermostat,769,THX900W1/U​,2026-08-13T02:13:02.931800+00:00
4890-5440,Resideo,ElitePRO/X8/X7 Smart Thermostat,769,THX900B2/U​,2026-08-13T02:13:02.931800+00:00
4890-5504,Resideo,ElitePRO/X8/X7 Smart Thermostat,769,C4-SMART-THERM,2026-08-13T02:13:02.931800+00:00
4891-2,Espressif Systems,ESP32-C Series,269,ESP32C,2026-08-13T02:13:02.931800+00:00
4891-4096,Espressif Systems,WiFi LED Lamp - Full Color,269,ESP32C3Bulb,2026-08-13T02:13:02.931800+00:00
4891-4098,Espressif Systems,ESP32 C2 Bulb,269,ESP32C2Bulb,2026-08-13T02:13:02.931800+00:00
4891-4100,Espressif Systems,Smart lightbulb,269,Smartlightbulb,2026-08-13T02:13:02.931800+00:00
4891-4116,Espressif Systems,ACK Wi-Fi RGBCW Light,269,RGBCW Light,2026-08-13T02:13:02.931800+00:00
4891-4149,Espressif Systems,Smart lightbulb,268,-,2026-08-13T02:13:02.931800+00:00
4891-8193,Espressif Systems,Thread plug in,266,SmartPlug,2026-08-13T02:13:02.931800+00:00
4891-8202,Espressif Systems,Smart Plug,266,SmartPlug,2026-08-13T02:13:02.931800+00:00
4891-8204,Espressif Systems,Smart Plug,266,SmartPlug,2026-08-13T02:13:02.931800+00:00
4891-8205,Espressif Systems,Smart Plug,266,SmartPlug,2026-08-13T02:13:02.931800+00:00
4891-8234,Espressif Systems,Wi-Fi Plug On/Off,266,SmartPlug,2026-08-13T02:13:02.931800+00:00
4891-8290,Espressif Systems,Thread 4-Channel Switch On/Off,266,SmartPlug,2026-08-13T02:13:02.931800+00:00
4891-14337,Espressif Systems,Window Covering,514,WindowCovering,2026-08-13T02:13:02.931800+00:00
4894-1,CAME S.p.A.,QBEDFMB3 SMART HOME GATEWAY ETHERNET,14,QBEDFMB3,2026-08-13T02:13:02.931800+00:00
4894-2,CAME S.p.A.,TH/ONE WIFI WALL CRONOTER. 230V,769,TH/ONE 230V,2026-08-13T02:13:02.931800+00:00
4894-3,CAME S.p.A.,TH/ONE THREAD WALL CHRONOTERMOSTAT BATT.,769,TH/ONE BATTERY,2026-08-13T02:13:02.931800+00:00
4895-257,Longan.link,LY-switch-WIFI4-NL,266,LY-SWWB0101,2026-08-13T02:13:02.931800+00:00
4895-258,Longan.link,LY-switch-WIFI4-NL,266,LY-SWWB0102,2026-08-13T02:13:02.931800+00:00
4895-259,Longan.link,LY-switch-WIFI4-NL,266,LY-SWWB0103,2026-08-13T02:13:02.931800+00:00
4895-260,Longan.link,LY-switch-WIFI4-NL,266,LY-SWWB0104,2026-08-13T02:13:02.931800+00:00
4895-321,Longan.link,JINK 8e switch series,266,JINK-SWTH01QT,2026-08-13T02:13:02.931800+00:00
4895-322,Longan.link,JINK 8e switch series,266,JINK-SWTH02QT,2026-08-13T02:13:02.931800+00:00
4895-323,Longan.link,JINK 8e switch series,266,JINK-SWTH03QT,2026-08-13T02:13:02.931800+00:00
4895-324,Longan.link,JINK 8e switch series,266,JINK-SWTH04QT,2026-08-13T02:13:02.931800+00:00
4895-325,Longan.link,JINK 8e switch series,266,JINK-SWTH05QT,2026-08-13T02:13:02.931800+00:00
4895-326,Longan.link,JINK 8e switch series,266,JINK-SWTH06QT,2026-08-13T02:13:02.931800+00:00
4895-513,Longan.link,LY-RGBW-W01,269,LY-RGBW-W01,2026-08-13T02:13:02.931800+00:00
4895-8192,Longan.link,LY-Thermostat-W01,769,LY-Thermostat-W01,2026-08-13T02:13:02.931800+00:00
4895-8209,Longan.link,LengCeoi HVAC Remote,769,LQ-HVAC-IR01,2026-08-13T02:13:02.931800+00:00
4895-12288,Longan.link,LY-WindowCover series,514,LY-CCWB01,2026-08-13T02:13:02.931800+00:00
4895-12289,Longan.link,LY-WindowCover series,514,LY-WM15M,2026-08-13T02:13:02.931800+00:00
4895-12290,Longan.link,LY-WindowCover series,514, LY-WM25M,2026-08-13T02:13:02.931800+00:00
4895-12291,Longan.link,LY-WindowCover series,514, LY-WM35M,2026-08-13T02:13:02.931800+00:00
4895-12292,Longan.link,LY-WindowCover series,514, LY-WM45M,2026-08-13T02:13:02.931800+00:00
4895-12293,Longan.link,LY-WindowCover series,514,LY-WM24M,2026-08-13T02:13:02.931800+00:00
4895-12294,Longan.link,LY-WindowCover series,514,LY-WM85M,2026-08-13T02:13:02.931800+00:00
4895-12295,Longan.link,LY-WindowCover series,514,LY-WM25,2026-08-13T02:13:02.931800+00:00
4895-12296,Longan.link,LY-WindowCover series,514,LY-WM28,2026-08-13T02:13:02.931800+00:00
4895-12297,Longan.link,LY-WindowCover series,514,LY-WM35,2026-08-13T02:13:02.931800+00:00
4895-12298,Longan.link,LY-WindowCover series,514,LY-WM45,2026-08-13T02:13:02.931800+00:00
4895-12299,Longan.link,LY-WindowCover series,514,LY-WM60,2026-08-13T02:13:02.931800+00:00
4895-12800,Longan.link,Magical.Homes Window Cover,514,LY-WCMT05S010,2026-08-13T02:13:02.931800+00:00
4895-12801,Longan.link,Magical.Homes Window Cover,514,LY-WCMT05S015,2026-08-13T02:13:02.931800+00:00
4895-12802,Longan.link,Magical.Homes Window Cover,514,LY-WCMTO5S025,2026-08-13T02:13:02.931800+00:00
4895-12803,Longan.link,Magical.Homes Window Cover,514,LY-WCMTO5S035,2026-08-13T02:13:02.931800+00:00
4895-12817,Longan.link,LY-Smart Shade,514,LY-WCMG24S,2026-08-13T02:13:02.931800+00:00
4895-12832,Longan.link,Magical.Homes Plug-in Window Cover,514,\LY-WCMT05R01,2026-08-13T02:13:02.931800+00:00
4897-2,SONOFF,Smart Plug-in Unit,266,-,2026-08-13T02:13:02.931800+00:00
4897-7,SONOFF,Wi-Fi Smart Plug,266,00000000000000000000000000000001,2026-08-13T02:13:02.931800+00:00
4897-11,SONOFF,SONOFF SwitchMan Smart Wall Switch,266,00000000000000000000000000000001,2026-08-13T02:13:02.931800+00:00
4897-12,SONOFF,SONOFF SwitchMan Smart Wall Switch,266,00000000000000000000000000000001,2026-08-13T02:13:02.931800+00:00
4897-13,SONOFF,SONOFF SwitchMan Smart Wall Switch,266,00000000000000000000000000000001,2026-08-13T02:13:02.931800+00:00
4897-15,SONOFF,SONOFF MINI-D Wi-Fi Smart Switch,266,00000000000000000000000000000001,2026-08-13T02:13:02.931800+00:00
4897-19,SONOFF,SONOFF SmartGarageDoorController,266,00000000000000000000000000000001,2026-08-13T02:13:02.931800+00:00
4897-20,SONOFF,SONOFF SmartGarageDoorController,266,00000000000000000000000000000001,2026-08-13T02:13:02.931800+00:00
4897-21,SONOFF,SONOFF SmartGarageDoorController,266,00000000000000000000000000000001,2026-08-13T02:13:02.931800+00:00
4897-36,SONOFF,Smart Home Hub,14,00000000000000000000000000,2026-08-13T02:13:02.931800+00:00
4897-116,SONOFF,Zigbee Bridge Ultra,14,ZBBridge-U,2026-08-13T02:13:02.931800+00:00
4897-117,SONOFF,NSPanel Pro,14,-,2026-08-13T02:13:02.931800+00:00
4897-118,SONOFF,NSPanel Pro Gen2,14,-,2026-08-13T02:13:02.931800+00:00
4897-119,SONOFF,Bridge Max,14,-,2026-08-13T02:13:02.931800+00:00
4897-120,SONOFF,Bridge Max Turbo,14,Bridge Max Turbo,2026-08-13T02:13:02.931800+00:00
4897-206,SONOFF,WiFi Smart Switch,514,00000000000000000000000000000001,2026-08-13T02:13:02.931800+00:00
4897-216,SONOFF,Smart Wall Switch,266,T6-3C-120M,2026-08-13T02:13:02.931800+00:00
4897-217,SONOFF,Smart Wall Switch,266,T6-2C-120M,2026-08-13T02:13:02.931800+00:00
4897-218,SONOFF,Smart Wall Switch,266,T6-1C-120M,2026-08-13T02:13:02.931800+00:00
4897-219,SONOFF,S61s,266,-,2026-08-13T02:13:02.931800+00:00
4897-220,SONOFF,S41s,266,-,2026-08-13T02:13:02.931800+00:00
4897-221,SONOFF,Basic DIN Rail,266,BASIC-1GSP,2026-08-13T02:13:02.931800+00:00
4897-222,SONOFF,Smart Plug,266,-,2026-08-13T02:13:02.931800+00:00
4897-236,SONOFF,Basic Gen5,266,BASIC-1GS,2026-08-13T02:13:02.931800+00:00
4897-241,SONOFF,Air Quality Monitor,44,SAWF-07P,2026-08-13T02:13:02.931800+00:00
4897-242,SONOFF,Air Quality Monitor,44,SAWF-08P,2026-08-13T02:13:02.931800+00:00
4897-257,SONOFF,Power Meter Switch,266,-,2026-08-13T02:13:02.931800+00:00
4897-267,SONOFF,WiFi Smart Switch,266,MINI-1GS,2026-08-13T02:13:02.931800+00:00
4897-268,SONOFF,MINI ONE PM,266,-,2026-08-13T02:13:02.931800+00:00
4897-292,SONOFF,MINI DIM,257,MINI DIM,2026-08-13T02:13:02.931800+00:00
4897-327,SONOFF,MINI PM,1296,-,2026-08-13T02:13:02.931800+00:00
4903-7110,Mill International AS, Mill Wi-Fi Panel Heater ,769,7090019823632,2026-08-13T02:13:02.931800+00:00
4903-7111,Mill International AS,Mill Wi-Fi Panel Heater,769,7090019823632,2026-08-13T02:13:02.931800+00:00
4903-7113,Mill International AS, Mill Wi-Fi Panel Heater ,769,7090019823632,2026-08-13T02:13:02.931800+00:00
4903-7114,Mill International AS,Mill Wi-Fi Panel Heater,769,7090019823632,2026-08-13T02:13:02.931800+00:00
4903-7115,Mill International AS,Mill Wi-Fi Panel Heater,769,7090019823632,2026-08-13T02:13:02.931800+00:00
4903-7116,Mill International AS,Mill Wi-Fi Panel Heater,769,7090019823632,2026-08-13T02:13:02.931800+00:00
4903-7117,Mill International AS,Mill Wi-Fi Panel Heater,769,7090019823632,2026-08-13T02:13:02.931800+00:00
4903-7118,Mill International AS,Mill Wi-Fi Panel Heater,769,7090019823632,2026-08-13T02:13:02.931800+00:00
4903-7119,Mill International AS,Mill Wi-Fi Panel Heater,769,7090019823632,2026-08-13T02:13:02.931800+00:00
4903-7120,Mill International AS,Mill Wi-Fi Panel Heater,769,7090019823632,2026-08-13T02:13:02.931800+00:00
4903-7121,Mill International AS,Mill Wi-Fi Panel Heater,769,7090019823632,2026-08-13T02:13:02.931800+00:00
4903-7122,Mill International AS,Mill Wi-Fi Panel Heater,769,7090019823632,2026-08-13T02:13:02.931800+00:00
4903-7123,Mill International AS,Mill Wi-Fi Panel Heater,769,7090019823632,2026-08-13T02:13:02.931800+00:00
4903-7124,Mill International AS,Mill Wi-Fi Panel Heater,769,7090019823632,2026-08-13T02:13:02.931800+00:00
4903-7125,Mill International AS,Mill Wi-Fi Panel Heater,769,7090019823632,2026-08-13T02:13:02.931800+00:00
4903-7126,Mill International AS,Mill Wi-Fi Panel Heater,769,7090019823632,2026-08-13T02:13:02.931800+00:00
4903-7127,Mill International AS,Mill Wi-Fi Panel Heater,769,7090019823632,2026-08-13T02:13:02.931800+00:00
4903-7128,Mill International AS,Mill Wi-Fi Panel Heater,769,7090019823632,2026-08-13T02:13:02.931800+00:00
4903-7129,Mill International AS,Mill Wi-Fi Panel Heater,769,7090019823632,2026-08-13T02:13:02.931800+00:00
4903-7130,Mill International AS,Mill Wi-Fi Panel Heater,769,7090019823632,2026-08-13T02:13:02.931800+00:00
4903-7131,Mill International AS,Mill Wi-Fi Panel Heater,769,7090019823632,2026-08-13T02:13:02.931800+00:00
4903-7132,Mill International AS,Mill Wi-Fi Panel Heater,769,7090019823632,2026-08-13T02:13:02.931800+00:00
4903-7133,Mill International AS,Mill Wi-Fi Panel Heater,769,7090019823632,2026-08-13T02:13:02.931800+00:00
4903-7134,Mill International AS,Mill Wi-Fi Panel Heater Gen4,769,7090019825414,2026-08-13T02:13:02.931800+00:00
4903-7135,Mill International AS,Mill Wi-Fi Panel Heater Gen4,769,7090019825414,2026-08-13T02:13:02.931800+00:00
4903-7136,Mill International AS,Mill Wi-Fi Panel Heater Gen4,769,7090019825414,2026-08-13T02:13:02.931800+00:00
4903-7137,Mill International AS,Mill Wi-Fi Panel Heater Gen4,769,7090019825414,2026-08-13T02:13:02.931800+00:00
4903-7138,Mill International AS,Mill Wi-Fi Panel Heater Gen4,769,7090019825414,2026-08-13T02:13:02.931800+00:00
4903-7139,Mill International AS,Mill Wi-Fi Panel Heater Gen4,769,7090019825414,2026-08-13T02:13:02.931800+00:00
4903-7140,Mill International AS,Mill Wi-Fi Panel Heater Gen4,769,7090019825414,2026-08-13T02:13:02.931800+00:00
4903-7141,Mill International AS,Mill Wi-Fi Panel Heater Gen4,769,7090019825414,2026-08-13T02:13:02.931800+00:00
4903-7142,Mill International AS,Mill Wi-Fi Panel Heater Gen4,769,7090019825414,2026-08-13T02:13:02.931800+00:00
4903-7143,Mill International AS,Mill Wi-Fi Panel Heater Gen4,769,7090019825414,2026-08-13T02:13:02.931800+00:00
4903-7144,Mill International AS,Mill Wi-Fi Panel Heater Gen4,769,7090019825414,2026-08-13T02:13:02.931800+00:00
4903-7145,Mill International AS,Mill Wi-Fi Panel Heater Gen4,769,7090019825414,2026-08-13T02:13:02.931800+00:00
4903-7146,Mill International AS,Mill Wi-Fi Panel Heater Gen4,769,7090019825414,2026-08-13T02:13:02.931800+00:00
4903-7147,Mill International AS,Mill Wi-Fi Panel Heater Gen4,769,7090019825414,2026-08-13T02:13:02.931800+00:00
4903-7148,Mill International AS,Mill Wi-Fi Panel Heater Gen4,769,7090019825414,2026-08-13T02:13:02.931800+00:00
4903-7149,Mill International AS,Mill Wi-Fi Panel Heater Gen4,769,7090019825414,2026-08-13T02:13:02.931800+00:00
4903-7150,Mill International AS,Mill Wi-Fi Panel Heater Gen4,769,7090019825414,2026-08-13T02:13:02.931800+00:00
4903-7151,Mill International AS,Mill Wi-Fi Panel Heater Gen4,769,7090019825414,2026-08-13T02:13:02.931800+00:00
4903-7152,Mill International AS,Mill Wi-Fi Panel Heater Gen4,769,7090019825414,2026-08-13T02:13:02.931800+00:00
4903-7153,Mill International AS,Mill Wi-Fi Panel Heater Gen4,769,7090019825414,2026-08-13T02:13:02.931800+00:00
4903-7154,Mill International AS,Mill Wi-Fi Panel Heater Gen4,769,7090019825414,2026-08-13T02:13:02.931800+00:00
4903-7155,Mill International AS,Mill Wi-Fi Panel Heater Gen4,769,7090019825414,2026-08-13T02:13:02.931800+00:00
4903-7156,Mill International AS,Mill Wi-Fi Panel Heater Gen4,769,7090019825414,2026-08-13T02:13:02.931800+00:00
4903-7157,Mill International AS,Mill Wi-Fi Panel Heater Gen4,769,7090019825414,2026-08-13T02:13:02.931800+00:00
4903-7158,Mill International AS,Mill Wi-Fi Panel Heater Gen4,769,7090019825414,2026-08-13T02:13:02.931800+00:00
4903-7159,Mill International AS,Mill Wi-Fi Panel Heater Gen4,769,7090019825414,2026-08-13T02:13:02.931800+00:00
4903-7473,Mill International AS,Mill Smart WiFi Plug,266,7090019824875,2026-08-13T02:13:02.931800+00:00
4903-7483,Mill International AS,Mill Smart WiFi Plug,266,7090019824875,2026-08-13T02:13:02.931800+00:00
4903-7594,Mill International AS, Mill Smart WiFi Floor Thermostat,769,7090019825568,2026-08-13T02:13:02.931800+00:00
4910-9985,Energetic,A19 Smart Bulb,269,PMECL9985,2026-08-13T02:13:02.931800+00:00
4910-9986,Energetic,A19 Smart Bulb,269,PMECL9986,2026-08-13T02:13:02.931800+00:00
4910-9987,Energetic,A19 Smart Bulb,269,PMECL9987,2026-08-13T02:13:02.931800+00:00
4910-9988,Energetic,A19 Smart Bulb,269,YGA03C77,2026-08-13T02:13:02.931800+00:00
4910-9989,Energetic,BR30 Smart Bulb,269,YGA08C58,2026-08-13T02:13:02.931800+00:00
4910-9990,Energetic,Smart Flush Mount,269,MXL1227,2026-08-13T02:13:02.931800+00:00
4910-18177,Energetic,A19 Smart Bulb,269,PMECL18177,2026-08-13T02:13:02.931800+00:00
4910-18178,Energetic,A19 Smart Bulb,269,PMECL18178,2026-08-13T02:13:02.931800+00:00
4910-18179,Energetic,Smart Flush Mount,269,PMECL18179,2026-08-13T02:13:02.931800+00:00
4910-25346,Energetic,SL luminaire - Tunable white,268,CLE1P2Tb,2026-08-13T02:13:02.931800+00:00
4910-26369,Energetic,SL luminaire - Full color,269,CLE1P7b,2026-08-13T02:13:02.931800+00:00
4910-26371,Energetic,SL luminaire - Full color,269,RS25F1b,2026-08-13T02:13:02.931800+00:00
4911-525,Yandex,Yandex Presence sensor,263,YNDX-00525,2026-08-13T02:13:02.931800+00:00
4911-551,Yandex,Yandex Bulb E27 CCT,268,YNDX-00551,2026-08-13T02:13:02.931800+00:00
4911-553,Yandex,Yandex Bulb E27 Bright,269,YNDX-00553,2026-08-13T02:13:02.931800+00:00
4911-554,Yandex,Yandex Bulb E27 Filament,268,YNDX-00554,2026-08-13T02:13:02.931800+00:00
4911-556,Yandex,Yandex Bulb GX53 Color,269,YNDX-00556,2026-08-13T02:13:02.931800+00:00
4911-557,Yandex,Yandex Bulb E14 Color,269,YNDX-00557,2026-08-13T02:13:02.931800+00:00
4911-558,Yandex,Yandex Bulb E27 Color,269,YNDX-00558,2026-08-13T02:13:02.931800+00:00
4911-559,Yandex,Yandex Bulb Gu10 Color,269,YNDX-00559,2026-08-13T02:13:02.931800+00:00
4915-1,Becker Antriebe,p44mbrd,14,p44mbrd,2026-08-13T02:13:02.931800+00:00
4916-2692,tcl-vendor,Smart TCL Portable AC,114,H7P38W,2026-08-13T02:13:02.931800+00:00
4916-2693,tcl-vendor,Smart TCL Portable AC,114,W10PH95-B5,2026-08-13T02:13:02.931800+00:00
4916-2696,tcl-vendor,Smart TCL Portable AC,114,H5P44W,2026-08-13T02:13:02.931800+00:00
4916-8929,tcl-vendor,TCL Window AC,769,1,2026-08-13T02:13:02.931800+00:00
4916-8935,tcl-vendor,TCL Window AC,769,1,2026-08-13T02:13:02.931800+00:00
4916-8953,tcl-vendor,TCL Window AC,769,1,2026-08-13T02:13:02.931800+00:00
4916-8954,tcl-vendor,TCL Window AC,769,1,2026-08-13T02:13:02.931800+00:00
4916-10400,tcl-vendor,TCL Portable AC,769,1,2026-08-13T02:13:02.931800+00:00
4916-10401,tcl-vendor,TCL Portable AC,769,1,2026-08-13T02:13:02.931800+00:00
4916-10402,tcl-vendor,TCL Portable AC,769,1,2026-08-13T02:13:02.931800+00:00
4916-10403,tcl-vendor,TCL Portable AC,769,1,2026-08-13T02:13:02.931800+00:00
4916-10404,tcl-vendor,TCL Portable AC,769,1,2026-08-13T02:13:02.931800+00:00
4916-10405,tcl-vendor,TCL Portable AC,769,1,2026-08-13T02:13:02.931800+00:00
4916-32768,tcl-vendor,TCL Dehumidifier,43,1,2026-08-13T02:13:02.931800+00:00
4916-32769,tcl-vendor,TCL Dehumidifier,43,1,2026-08-13T02:13:02.931800+00:00
4916-32770,tcl-vendor,TCL Dehumidifier,43,1,2026-08-13T02:13:02.931800+00:00
4916-35329,tcl-vendor,TCL D2 Pro Smart Lock,10,10000,2026-08-13T02:13:02.931800+00:00
4916-35330,tcl-vendor,TCL D2 Plus Smart Lock,10,10000,2026-08-13T02:13:02.931800+00:00
4916-35331,tcl-vendor,TCL D2 Smart Lock,10,10000,2026-08-13T02:13:02.931800+00:00
4916-35332,tcl-vendor,TCL D2L Smart Lock,10,10000,2026-08-13T02:13:02.931800+00:00
4917-1,Dexatek Technology,Smart Plug 3PIN TW,266,SA-7902,2026-08-13T02:13:02.931800+00:00
4917-2,Dexatek Technology,SIGMACASA Door & Window Sensor,21,SA-7903,2026-08-13T02:13:02.931800+00:00
4921-21,"GE Lighting, a Savant company",Cync Full Color Bulb,269,CLEDA199CD1MS,2026-08-13T02:13:02.931800+00:00
4921-22,"GE Lighting, a Savant company",Cync Reveal Full Color Light,269,CFIXRSCR6CRVDMS,2026-08-13T02:13:02.931800+00:00
4921-41,"GE Lighting, a Savant company",Cync Full Color Fixture,269,CFIXUNCBR12CRVDMS,2026-08-13T02:13:02.931800+00:00
4921-42,"GE Lighting, a Savant company",Cync Full Color Fixture,269,CFIXUNCBR18CRVDMS,2026-08-13T02:13:02.931800+00:00
4921-43,"GE Lighting, a Savant company",Cync Full Color Fixture,269,CFIXUNCBR24CRVDMS,2026-08-13T02:13:02.931800+00:00
4921-44,"GE Lighting, a Savant company",Cync Full Color Fixture,269,CFIXUNCPK03CRVDMS,2026-08-13T02:13:02.931800+00:00
4921-46,"GE Lighting, a Savant company",Cync Full Color Bulb,269,CFIXRSCR6CRVDMS,2026-08-13T02:13:02.931800+00:00
4921-64,"GE Lighting, a Savant company",Cync Indoor Plug,266,CPLGSTDBLW1MS,2026-08-13T02:13:02.931800+00:00
4921-68,"GE Lighting, a Savant company",Cync Smart Indoor Plug,266,CPLGSTDBLWM,2026-08-13T02:13:02.931800+00:00
4921-85,"GE Lighting, a Savant company",Dual Socket Smart Plug,266,CPLGID2BLW1MS,2026-08-13T02:13:02.931800+00:00
4921-86,"GE Lighting, a Savant company",Cync Smart Shop Light,269,CFIXSHP46CDMAT,2026-08-13T02:13:02.931800+00:00
4921-97,"GE Lighting, a Savant company",Cync Full Color Bulb,269,CLEDST196CDGSMS,2026-08-13T02:13:02.931800+00:00
4921-98,"GE Lighting, a Savant company",Cync Full Color Bulb,269,CLEDG256CDGSMS,2026-08-13T02:13:02.931800+00:00
4921-101,"GE Lighting, a Savant company",Cync Full Color Bulb,269,CLEDBC6CDMS,2026-08-13T02:13:02.931800+00:00
4921-102,"GE Lighting, a Savant company",Cync Full Color Bulb,269,CLEDBM6CDMS,2026-08-13T02:13:02.931800+00:00
4921-104,"GE Lighting, a Savant company",Cync Full Color Bulb,269,CLEDP3815CD1MS,2026-08-13T02:13:02.931800+00:00
4921-105,"GE Lighting, a Savant company",Cync Full Color Bulb,269,CLEDA2116CDMS,2026-08-13T02:13:02.931800+00:00
4921-107,"GE Lighting, a Savant company",Cync Reveal Full Color Light,269,CLEDA199CDRVMS,2026-08-13T02:13:02.931800+00:00
4921-108,"GE Lighting, a Savant company",Cync Reveal Full Color Light,269,CLEDR309CDRVMS,2026-08-13T02:13:02.931800+00:00
4921-109,"GE Lighting, a Savant company",Cync Reveal Full Color Light,269,CLEDA2116CDRVMS,2026-08-13T02:13:02.931800+00:00
4921-110,"GE Lighting, a Savant company",Cync Full Color Bulb,269,CSTR16CBDM,2026-08-13T02:13:02.931800+00:00
4921-111,"GE Lighting, a Savant company",Cync Outdoor Plug,266,CPLGOD2BLMS,2026-08-13T02:13:02.931800+00:00
4921-116,"GE Lighting, a Savant company",Cync Keypad Dimmer,257,CSWDMBLK3T1/MSWF,2026-08-13T02:13:02.931800+00:00
4921-117,"GE Lighting, a Savant company",Cync Keypad Dimmer,257,CSWDMOCK3T1/MSWF,2026-08-13T02:13:02.931800+00:00
4921-118,"GE Lighting, a Savant company",Cync On/Off Switch w Traveler,256,CSWONBLBT2/MSWF,2026-08-13T02:13:02.931800+00:00
4921-119,"GE Lighting, a Savant company",Cync On/Off Switch w Traveler,256,CSWONBLPT2/MSWF,2026-08-13T02:13:02.931800+00:00
4921-120,"GE Lighting, a Savant company",Cync On/Off Switch w Traveler,256,CSWONBLTT2/MSWF,2026-08-13T02:13:02.931800+00:00
4921-121,"GE Lighting, a Savant company",Cync Fan Switch,43,CSWFSBLK3T1/MSWF,2026-08-13T02:13:02.931800+00:00
4921-123,"GE Lighting, a Savant company",Cync Full Color Bulb,269,CSTR32CBDM,2026-08-13T02:13:02.931800+00:00
4921-124,"GE Lighting, a Savant company",Cync Keypad Dimmer,257,CSWDMBLK5T1/MSWF,2026-08-13T02:13:02.931800+00:00
4921-125,"GE Lighting, a Savant company",Cync Paddle Dimmer,257,CSWDMBLPT1/MSWF,2026-08-13T02:13:02.931800+00:00
4921-137,"GE Lighting, a Savant company",Cync Full Color A19,269,CLEDA199CDM,2026-08-13T02:13:02.931800+00:00
4921-171,"GE Lighting, a Savant company",Cync Full Color Bulb,269,CLEDA199CDMS,2026-08-13T02:13:02.931800+00:00
4921-172,"GE Lighting, a Savant company",Cync Indoor Smart Plug ,266,CPLGSTDBLWM,2026-08-13T02:13:02.931800+00:00
4921-173,"GE Lighting, a Savant company",Cync Full Color Bulb,269,CLEDR309CD1MS,2026-08-13T02:13:02.931800+00:00
4921-174,"GE Lighting, a Savant company",Cync Full Color Fixture,269,CFIXCNLR4C1MS,2026-08-13T02:13:02.931800+00:00
4921-175,"GE Lighting, a Savant company",Cync Full Color Fixture,269,CFIXCNLR6C1MS,2026-08-13T02:13:02.931800+00:00
4921-177,"GE Lighting, a Savant company",Cync Full Color Fixture,269,CFIXCNLR2CRVDMS,2026-08-13T02:13:02.931800+00:00
4921-180,"GE Lighting, a Savant company",Cync Full Color Fixture,269,CFIXCNLRH4CRVDMS,2026-08-13T02:13:02.931800+00:00
4921-181,"GE Lighting, a Savant company",Cync Full Color Fixture,269,CFIXCNLRH6CRVDMS,2026-08-13T02:13:02.931800+00:00
4921-182,"GE Lighting, a Savant company",Cync Full Color Bulb,269,CLEDA199CDGSMS,2026-08-13T02:13:02.931800+00:00
4921-240,"GE Lighting, a Savant company",Smart window covering,514,JCD25SLEU-1130-M,2026-08-13T02:13:02.931800+00:00
4921-241,"GE Lighting, a Savant company",Smart Window Covering,514,MT01-1325-069039,2026-08-13T02:13:02.931800+00:00
4923-1,WAREMA Renkhoff SE,Xeenos Go Aktor Jalousie UP,514,2086281,2026-08-13T02:13:02.931800+00:00
4923-2,WAREMA Renkhoff SE,Xeenos Go Aktor Rollladen UP,514,2086283,2026-08-13T02:13:02.931800+00:00
4923-3,WAREMA Renkhoff SE,Xeenos Go Aktor Switch 2K UP,256,2086284,2026-08-13T02:13:02.931800+00:00
4923-4,WAREMA Renkhoff SE,Xeenos Go Aktor Jalousie Plug,514,2086285,2026-08-13T02:13:02.931800+00:00
4923-5,WAREMA Renkhoff SE,Xeenos Go Aktor Rollladen Plug,514,2086286,2026-08-13T02:13:02.931800+00:00
4927-22561,ASR,ASR582x-HolaConWB01,257,ASR582x-HolaConWB01,2026-08-13T02:13:02.931800+00:00
4930-1000,Beken Corporation,Beken Light Bulb,256,1,2026-08-13T02:13:02.931800+00:00
4930-1001,Beken Corporation,BK7235 On/Off Lighting,256,BK7235 On/Off Lighting,2026-08-13T02:13:02.931800+00:00
4932-1009,Eltako,ELTAKO-ESR64NP-IPM,14,30064015,2026-08-13T02:13:02.931800+00:00
4932-1010,Eltako,ELTAKO-ESR64PF-IPM,14,30064021,2026-08-13T02:13:02.931800+00:00
4932-1053,Eltako,ELTAKO-EUD62NPN-IPM/110-240V,257,30062007,2026-08-13T02:13:02.931800+00:00
4932-1054,Eltako,ELTAKO-EUD64NPN-IPM,14,30064017,2026-08-13T02:13:02.931800+00:00
4932-1104,Eltako,ELTAKO-ESB64NP-IPM,14,30064019,2026-08-13T02:13:02.931800+00:00
4933-8193,Meross,MSH450,14,20010120,2026-08-13T02:13:02.931800+00:00
4933-16897,Meross,MS600,263,42010110,2026-08-13T02:13:02.931800+00:00
4933-16898,Meross,MS605,263,42020110,2026-08-13T02:13:02.931800+00:00
4933-40961,Meross,MSS115,266,A001A000,2026-08-13T02:13:02.931800+00:00
4933-40962,Meross,MSS315,266,A002B000,2026-08-13T02:13:02.931800+00:00
4933-40963,Meross,MSS315,266,A003C000,2026-08-13T02:13:02.931800+00:00
4933-40965,Meross,MSS315,266,A005D000,2026-08-13T02:13:02.931800+00:00
4933-40967,Meross,MSS315,266,A0071000,2026-08-13T02:13:02.931800+00:00
4933-40970,Meross,MSS315,266,A00AA100,2026-08-13T02:13:02.931800+00:00
4933-40978,Meross,MSS815,266,A0123100,2026-08-13T02:13:02.931800+00:00
4933-40987,Meross,MSS715,266,A01B3010,2026-08-13T02:13:02.931800+00:00
4933-40988,Meross,MOP320,266,A01CB200,2026-08-13T02:13:02.931800+00:00
4933-45057,Meross,MSP844,266,B001B000,2026-08-13T02:13:02.931800+00:00
4933-57345,Meross,MTS300,769,E001A000,2026-08-13T02:13:02.931800+00:00
4933-57346,Meross,MTS215,769,E002B000,2026-08-13T02:13:02.931800+00:00
4933-57347,Meross,MTS215B,769,E003B000,2026-08-13T02:13:02.931800+00:00
4933-57348,Meross,MTS155,769,E004B000,2026-08-13T02:13:02.931800+00:00
4933-57349,Meross,MTS220B,769,E005B000,2026-08-13T02:13:02.931800+00:00
4933-61441,Meross,MRS105,514,F001B110,2026-08-13T02:13:02.931800+00:00
4933-61447,Meross,MRS200,514,F007B100,2026-08-13T02:13:02.931800+00:00
4933-61453,Meross,MRS100,514,F00DB120,2026-08-13T02:13:02.931800+00:00
4934-8192,Rafael,Smart wall switch,259,N/A,2026-08-13T02:13:02.931800+00:00
4934-16398,Rafael,RT58X,257,A097,2026-08-13T02:13:02.931800+00:00
4938-1,Rollease Acmeda,Pulse Pro Hub,14,MT02-5401-050000,2026-08-13T02:13:02.931800+00:00
4940-2828,Simon Holding,Smart Plug WiFi 16A,266,IO-0000432-190,2026-08-13T02:13:02.931800+00:00
4942-1,tado,Smart Radiator Thermostat X,769,VA04,2026-08-13T02:13:02.931800+00:00
4942-2,tado,Smart Thermostat X,769,RU04,2026-08-13T02:13:02.931800+00:00
4942-3,tado,Wireless Temperature Sensor X,770,SU04,2026-08-13T02:13:02.931800+00:00
4942-6,tado,Wireless Temperature Sensor X,769,SU04,2026-08-13T02:13:02.931800+00:00
4942-7,tado,Smart Thermostat X,769,106522,2026-08-13T02:13:02.931800+00:00
4942-8,tado,Wireless Temperature Sensor X,769,106562,2026-08-13T02:13:02.931800+00:00
4942-9,tado,Smart Radiator Thermostat X,769,106541,2026-08-13T02:13:02.931800+00:00
4943-2,mediola,SH 2.0 Module for Window Covering,514,MSH-01-4M,2026-08-13T02:13:02.931800+00:00
4943-258,mediola,SG Radio Module,514,SG 11939,2026-08-13T02:13:02.931800+00:00
4943-514,mediola,SH 2.0 Module for Window Covering (MSH-01-2M-SG),514,MSH-01-2M-SG,2026-08-13T02:13:02.931800+00:00
4943-770,mediola,SH 2.0 Module for Window Covering (MSH-01-4M-SG),514,MSH-01-4M-SG,2026-08-13T02:13:02.931800+00:00
4943-1026,mediola,SH 2.0 Module for Window Covering (MSH-01-2M-CO),514,MSH-01-2M-CO,2026-08-13T02:13:02.931800+00:00
4943-1282,mediola,SH 2.0 Module for Window Covering (MSH-01-4M-CO),514,MSH-01-4M-CO,2026-08-13T02:13:02.931800+00:00
4943-1538,mediola,SH 2.0 Module for Window Covering (MSH-01-2M-GE),514,MSH-01-2M-GE,2026-08-13T02:13:02.931800+00:00
4943-1794,mediola,SH 2.0 Module for Window Covering (MSH-01-4M-GE),514,MSH-01-4M-GE,2026-08-13T02:13:02.931800+00:00
4943-2050,mediola,SH 2.0 Module for Window Covering (MSH-01-2M-EL),514,MSH-01-2M-EL,2026-08-13T02:13:02.931800+00:00
4943-2306,mediola,SH 2.0 Module for Window Covering (MSH-01-4M-EL),514,MSH-01-4M-EL,2026-08-13T02:13:02.931800+00:00
4943-5890,mediola,mediola Matter Bridge,14,MMB-01,2026-08-13T02:13:02.931800+00:00
4943-5891,mediola,MMB-001-48,14,MMB-001-48,2026-08-13T02:13:02.931800+00:00
4943-5892,mediola,MMB-001-4,14,MMB-001-4,2026-08-13T02:13:02.931800+00:00
4943-5896,mediola,MMB-001-8,14,MMB-001-8,2026-08-13T02:13:02.931800+00:00
4943-6024,mediola,MMB-001-88,14,MMB-001-88,2026-08-13T02:13:02.931800+00:00
4945-61171,HooRii Technology,HooRii Window Covering,514,1,2026-08-13T02:13:02.931800+00:00
4945-65503,HooRii Technology,HooRii Switch,259,1,2026-08-13T02:13:02.931800+00:00
4945-65504,HooRii Technology,HooRii Window Covering,514,1,2026-08-13T02:13:02.931800+00:00
4945-65507,HooRii Technology,Matter Smart Plug,266,Matter Smart Plug,2026-08-13T02:13:02.931800+00:00
4945-65516,HooRii Technology,HooRii Smoke CO Alarm,118,2,2026-08-13T02:13:02.931800+00:00
4945-65517,HooRii Technology,HooRii window Covering 002,514,HooRii window Covering 002,2026-08-13T02:13:02.931800+00:00
4945-65530,HooRii Technology,HooRii Occupancy Sensor,263,SD-OS-001,2026-08-13T02:13:02.931800+00:00
4945-65531,HooRii Technology,HooRii window Covering,514,CD-WC-001,2026-08-13T02:13:02.931800+00:00
4945-65532,HooRii Technology,HooRii Contact Sensor,21,SD-CS-001,2026-08-13T02:13:02.931800+00:00
4945-65533,HooRii Technology,HooRii Smart Plug,266,SP-OOP-002,2026-08-13T02:13:02.931800+00:00
4946-1,Hafele,Connect Matter Receiver,257,850.00.861,2026-08-13T02:13:02.931800+00:00
4946-2,Hafele,Connect Matter 2-way distributor,257,850.00.855,2026-08-13T02:13:02.931800+00:00
4946-3,Hafele,Connect Matter 2-way distr. TW,268,850.00.856,2026-08-13T02:13:02.931800+00:00
4946-4,Hafele,Connect Matter 2-way distr. TW2,268,850.00.857,2026-08-13T02:13:02.931800+00:00
4950-1,Lennox,Lennox S40 Smart Thermostat,769,107088,2026-08-13T02:13:02.931800+00:00
4950-2,Lennox,Lennox L40 Smart Thermostat,769,108275,2026-08-13T02:13:02.931800+00:00
4950-3,Lennox,Lennox S40 Smart Thermostat,769,108296,2026-08-13T02:13:02.931800+00:00
4950-772,Lennox,Lennox M40 Smart Thermostat,769,108750,2026-08-13T02:13:02.931800+00:00
4950-773,Lennox,Lennox E40 Smart Thermostat,769,108878,2026-08-13T02:13:02.931800+00:00
4950-774,Lennox,Allied CA4 Smart Thermostat,769,108927,2026-08-13T02:13:02.931800+00:00
4952-32769,Top Victory Investments Limited,Philips Smart TV,40,1,2026-08-13T02:13:02.931800+00:00
4952-32770,Top Victory Investments Limited,Philips Smart TV,40,1,2026-08-13T02:13:02.931800+00:00
4952-32771,Top Victory Investments Limited,Philips Smart TV,40,1,2026-08-13T02:13:02.931800+00:00
4952-32772,Top Victory Investments Limited,Philips Smart TV,40,1,2026-08-13T02:13:02.931800+00:00
4952-32773,Top Victory Investments Limited,Philips Smart TV,40,1,2026-08-13T02:13:02.931800+00:00
4952-32774,Top Victory Investments Limited,Philips Smart TV,40,1,2026-08-13T02:13:02.931800+00:00
4952-32775,Top Victory Investments Limited,Philips Smart TV,40,1,2026-08-13T02:13:02.931800+00:00
4952-32776,Top Victory Investments Limited,Philips Smart TV,40,1,2026-08-13T02:13:02.931800+00:00
4952-32777,Top Victory Investments Limited,Philips Smart TV,40,1,2026-08-13T02:13:02.931800+00:00
4952-32778,Top Victory Investments Limited,Philips Smart TV,40,1,2026-08-13T02:13:02.931800+00:00
4952-32779,Top Victory Investments Limited,Philips Smart TV,40,1,2026-08-13T02:13:02.931800+00:00
4952-36867,Top Victory Investments Limited,AOC Smart TV,40,1,2026-08-13T02:13:02.931800+00:00
4952-36869,Top Victory Investments Limited,AOC Smart TV,40,1,2026-08-13T02:13:02.931800+00:00
4952-36870,Top Victory Investments Limited,AOC Smart TV,40,1,2026-08-13T02:13:02.931800+00:00
4952-36871,Top Victory Investments Limited,AOC Smart TV,40,1,2026-08-13T02:13:02.931800+00:00
4952-36872,Top Victory Investments Limited,AOC Smart TV,40,1,2026-08-13T02:13:02.931800+00:00
4952-36873,Top Victory Investments Limited,AOC Smart TV,40,1,2026-08-13T02:13:02.931800+00:00
4952-36874,Top Victory Investments Limited,AOC Smart TV,40,1,2026-08-13T02:13:02.931800+00:00
4952-36875,Top Victory Investments Limited,AOC Smart TV,40,1,2026-08-13T02:13:02.931800+00:00
4953-1741,GOQUAL Inc.,Thread Smart Door sensor,21,GKMT-DO021,2026-08-13T02:13:02.931800+00:00
4953-1742,GOQUAL Inc.,Thread Smart Motion Sensor,263,GKMT-MO021,2026-08-13T02:13:02.931800+00:00
4953-1743,GOQUAL Inc.,Hejhome's Smart Gateway Hub – Matter,14,GKMZ-GW021,2026-08-13T02:13:02.931800+00:00
4953-2331,GOQUAL Inc.,Wi-Fi Smart Light Switch,256,GKMW-SW391L3-B01,2026-08-13T02:13:02.931800+00:00
4953-2334,GOQUAL Inc.,Wi-Fi Plug,266,GKMW-PG191,2026-08-13T02:13:02.931800+00:00
4953-2491,GOQUAL Inc.,Wi-Fi Smart Light Switch,256,GKMW-SW391L3-A01,2026-08-13T02:13:02.931800+00:00
4953-2492,GOQUAL Inc.,Wi-Fi Smart Light Switch,256,GKMW-SW391L3-B04,2026-08-13T02:13:02.931800+00:00
4953-2493,GOQUAL Inc.,Wi-Fi Smart Light Switch,256,GKMW-SW391L3-B03,2026-08-13T02:13:02.931800+00:00
4953-2494,GOQUAL Inc.,Wi-Fi Smart Light Switch,256,GKMW-SW391L3-B02,2026-08-13T02:13:02.931800+00:00
4954-1,Siegenia Aubi KG,Smart window handle,10,ZHSM0020,2026-08-13T02:13:02.931800+00:00
4954-2,Siegenia Aubi KG,Smart sensor,21,ZUFS1000-0J9010,2026-08-13T02:13:02.931800+00:00
4954-4,Siegenia Aubi KG,DRIVE axxent LS,10,DRIVE AXXENT LS,2026-08-13T02:13:02.931800+00:00
4954-5,Siegenia Aubi KG,Smart IO-Module,14,3530151,2026-08-13T02:13:02.931800+00:00
4957-161,Nuki,Nuki Smart Lock,10,0x00A1,2026-08-13T02:13:02.931800+00:00
4957-176,Nuki,Nuki Smart Lock,10,0x00B0,2026-08-13T02:13:02.931800+00:00
4957-177,Nuki,Nuki Smart Lock Pro,10,0x00B1,2026-08-13T02:13:02.931800+00:00
4957-178,Nuki,Nuki Smart Lock,10,221147,2026-08-13T02:13:02.931800+00:00
4957-193,Nuki,Nuki Smart Lock,10,221148,2026-08-13T02:13:02.931800+00:00
4961-1,Inovelli,Inovelli Dimmer Switch,260,VTM31-SN,2026-08-13T02:13:02.931800+00:00
4961-2,Inovelli,Inovelli Fan Switch,43,VTM35-SN,2026-08-13T02:13:02.931800+00:00
4961-4,Inovelli,Inovelli Fan and Light Module,43,VTM36,2026-08-13T02:13:02.931800+00:00
4961-16,Inovelli,Inovelli On/Off Switch,266,VTM30-SN,2026-08-13T02:13:02.931800+00:00
4965-1,Connector,Wi-Fi Window Covering,514,DM35F/SWM,2026-08-13T02:13:02.931800+00:00
4965-2,Connector,Wi-Fi Window Covering,514,DM35E/SWM,2026-08-13T02:13:02.931800+00:00
4965-3,Connector,Wi-Fi Window Covering,514,DM35EV/SWM,2026-08-13T02:13:02.931800+00:00
4965-4,Connector,Wi-Fi Window Covering,514,DM35EAB/SWM,2026-08-13T02:13:02.931800+00:00
4965-17,Connector,Window Covering,514,DM35F/SWM,2026-08-13T02:13:02.931800+00:00
4965-18,Connector,Window Covering,514,DM35E/SWM,2026-08-13T02:13:02.931800+00:00
4965-19,Connector,Window Covering,514,DM35EV/SWM,2026-08-13T02:13:02.931800+00:00
4965-20,Connector,Window Covering,514,DM35EAB/SWM,2026-08-13T02:13:02.931800+00:00
4965-21,Connector,Window Covering,514,DM45F/SWM,2026-08-13T02:13:02.931800+00:00
4965-22,Connector,Window Covering,514,DM45E/SWM,2026-08-13T02:13:02.931800+00:00
4965-23,Connector,Window Covering,514,DM45ED/SWM,2026-08-13T02:13:02.931800+00:00
4965-24,Connector,Window Covering,514,DM45EJ/SWM,2026-08-13T02:13:02.931800+00:00
4965-25,Connector,Window Covering,514,DM45EQ/SWM,2026-08-13T02:13:02.931800+00:00
4965-26,Connector,Window Covering,514,DM45EV/SWM,2026-08-13T02:13:02.931800+00:00
4965-27,Connector,Window Covering,514,DM45EAB/SWM,2026-08-13T02:13:02.931800+00:00
4965-28,Connector,Window Covering,514,DM45EAF/SWM,2026-08-13T02:13:02.931800+00:00
4965-4097,Connector,Wi-Fi Curtain,514,DT72TV/SWM,2026-08-13T02:13:02.931800+00:00
4965-4098,Connector,Wi-Fi Curtain,514,DT980TV/SWM,2026-08-13T02:13:02.931800+00:00
4965-4099,Connector,Wi-Fi Curtain,514,DT980TE/SWM,2026-08-13T02:13:02.931800+00:00
4965-4100,Connector,Wi-Fi Curtain,514,DT82TV/SWM,2026-08-13T02:13:02.931800+00:00
4965-4101,Connector,Wi-Fi Curtain,514,DT82TE/SWM,2026-08-13T02:13:02.931800+00:00
4965-4102,Connector,Wi-Fi Curtain,514,DT72TE/SWM,2026-08-13T02:13:02.931800+00:00
4965-4103,Connector,Wi-Fi Curtain,514,DT52TV/SWM,2026-08-13T02:13:02.931800+00:00
4965-4104,Connector,Wi-Fi Curtain,514,DT52TE/SWM,2026-08-13T02:13:02.931800+00:00
4965-4105,Connector,Wi-Fi Curtain,514,DK60TV/SWM,2026-08-13T02:13:02.931800+00:00
4965-4106,Connector,Wi-Fi Curtain,514,DK60TE/SWM,2026-08-13T02:13:02.931800+00:00
4965-4113,Connector,Window Covering,514,DT72TV/SWM,2026-08-13T02:13:02.931800+00:00
4965-4114,Connector,Window Covering,514,DT82TV/SWM,2026-08-13T02:13:02.931800+00:00
4965-8193,Connector,Thread window covering,514,DM25LEU/M,2026-08-13T02:13:02.931800+00:00
4965-8194,Connector,Thread window covering,514,DM20LEU/M,2026-08-13T02:13:02.931800+00:00
4965-8195,Connector,Thread window covering,514,DM20LE/M,2026-08-13T02:13:02.931800+00:00
4965-8196,Connector,Thread window covering,514,Thread window covering,2026-08-13T02:13:02.931800+00:00
4965-8197,Connector,Thread window covering,514,Thread window covering,2026-08-13T02:13:02.931800+00:00
4965-8198,Connector,Thread window covering,514,Thread window covering,2026-08-13T02:13:02.931800+00:00
4965-8199,Connector,Thread window covering,514,Thread window covering,2026-08-13T02:13:02.931800+00:00
4965-8200,Connector,Thread window covering,514,Thread window covering,2026-08-13T02:13:02.931800+00:00
4965-8201,Connector,Thread window covering,514,Thread window covering,2026-08-13T02:13:02.931800+00:00
4965-8202,Connector,Thread window covering,514,Thread window covering,2026-08-13T02:13:02.931800+00:00
4965-8203,Connector,Thread window covering,514,Thread window covering,2026-08-13T02:13:02.931800+00:00
4965-8204,Connector,Thread window covering,514,Thread window covering,2026-08-13T02:13:02.931800+00:00
4965-8205,Connector,Thread window covering,514,Thread window covering,2026-08-13T02:13:02.931800+00:00
4965-8206,Connector,Thread window covering,514,Thread window covering,2026-08-13T02:13:02.931800+00:00
4965-8207,Connector,Thread window covering,514,Thread window covering,2026-08-13T02:13:02.931800+00:00
4965-8208,Connector,Thread window covering,514,Thread window covering,2026-08-13T02:13:02.931800+00:00
4965-8209,Connector,Thread window covering,514,Thread window covering,2026-08-13T02:13:02.931800+00:00
4965-8210,Connector,Thread window covering,514,Thread window covering,2026-08-13T02:13:02.931800+00:00
4965-8449,Connector,Window Covering,514,DM25LEU/MT,2026-08-13T02:13:02.931800+00:00
4965-8450,Connector,Window Covering,514,DM20LEU/MT,2026-08-13T02:13:02.931800+00:00
4965-8451,Connector,Window Covering,514,DM20LE/MT,2026-08-13T02:13:02.931800+00:00
4965-8452,Connector,Window Covering,514,DM25LE/MT,2026-08-13T02:13:02.931800+00:00
4965-8453,Connector,Window Covering,514,DM25TE/MT,2026-08-13T02:13:02.931800+00:00
4965-8454,Connector,Window Covering,514,DM25CE/MT,2026-08-13T02:13:02.931800+00:00
4965-8455,Connector,Window Covering,514,DM28LEU/MT,2026-08-13T02:13:02.931800+00:00
4965-8456,Connector,Window Covering,514,DM28LE/MT,2026-08-13T02:13:02.931800+00:00
4965-8457,Connector,Window Covering,514,DM28TEQ/MT,2026-08-13T02:13:02.931800+00:00
4965-8458,Connector,Window Covering,514,DM35LEU/MT,2026-08-13T02:13:02.931800+00:00
4965-8459,Connector,Window Covering,514,DM35LE/MT,2026-08-13T02:13:02.931800+00:00
4965-8460,Connector,Window Covering,514,DM35CE/MT,2026-08-13T02:13:02.931800+00:00
4965-8461,Connector,Window Covering,514,DM45LEU/MT,2026-08-13T02:13:02.931800+00:00
4965-8462,Connector,Window Covering,514,DM45LE/MT,2026-08-13T02:13:02.931800+00:00
4965-8463,Connector,Window Covering,514,DM45CE/MT,2026-08-13T02:13:02.931800+00:00
4965-8464,Connector,Window Covering,514,DV24WE/MT,2026-08-13T02:13:02.931800+00:00
4965-8465,Connector,Window Covering,514,DV24WF/MT,2026-08-13T02:13:02.931800+00:00
4965-8466,Connector,Window Covering,514,DV40WF/MT,2026-08-13T02:13:02.931800+00:00
4965-8467,Connector,Window Covering,514,DV45WF/MT,2026-08-13T02:13:02.931800+00:00
4965-28673,Connector,M-Box,14,DD7006M,2026-08-13T02:13:02.931800+00:00
4965-28674,Connector,M-Box (Ethernet),14,DD7006N,2026-08-13T02:13:02.931800+00:00
4965-28675,Connector,ME-Box,14,ME-Box,2026-08-13T02:13:02.931800+00:00
4965-28676,Connector,ME-Box,14,ME-Box,2026-08-13T02:13:02.931800+00:00
4965-28677,Connector,ME-Box,14,ME-Box,2026-08-13T02:13:02.931800+00:00
4965-28678,Connector,ME-Box,14,ME-Box,2026-08-13T02:13:02.931800+00:00
4965-28679,Connector,ME-Box,14,ME-Box,2026-08-13T02:13:02.931800+00:00
4970-32,akubela,G32,14,00056P91--， 00057P91--,2026-08-13T02:13:02.931800+00:00
4972-8193,Onewish,Smart Wi-Fi Plug,266,P2302-EU,2026-08-13T02:13:02.931800+00:00
4972-8194,Onewish,Smart Wi-Fi Plug,266,P2302-UK,2026-08-13T02:13:02.931800+00:00
4972-8195,Onewish,Smart Wi-Fi Plug,266,P2302-NA,2026-08-13T02:13:02.931800+00:00
4972-12289,Onewish,A60 RGBW Smart bulb 806lm,269,LS0052,2026-08-13T02:13:02.931800+00:00
4972-12290,Onewish,A60 RGBW Smart bulb 806lm,269,LS0053,2026-08-13T02:13:02.931800+00:00
4974-8,Ambi Labs Limited,Ambi Climate Mini 2,19,AM02,2026-08-13T02:13:02.931800+00:00
4977-256,Tridonic,Wireless module MTR,257,28004482,2026-08-13T02:13:02.931800+00:00
4977-257,Tridonic,Wireless module passive MTR,257,28004483,2026-08-13T02:13:02.931800+00:00
4977-258,Tridonic,Wireless module SR MTR​,257,28004484,2026-08-13T02:13:02.931800+00:00
4977-512,Tridonic,LED Converter MTR,257,28004485,2026-08-13T02:13:02.931800+00:00
4977-513,Tridonic,LED Converter MTR,257,28004486,2026-08-13T02:13:02.931800+00:00
4977-514,Tridonic,LED Converter MTR,257,28004487,2026-08-13T02:13:02.931800+00:00
4977-515,Tridonic,LED Converter MTR,257,28004488,2026-08-13T02:13:02.931800+00:00
4977-516,Tridonic,LED Converter MTR,257,28004489,2026-08-13T02:13:02.931800+00:00
4977-517,Tridonic,LED Converter MTR,257,28004490,2026-08-13T02:13:02.931800+00:00
4977-518,Tridonic,LED Converter MTR,257,28004491,2026-08-13T02:13:02.931800+00:00
4977-519,Tridonic,LED Converter MTR,257,28004492,2026-08-13T02:13:02.931800+00:00
4978-1,innovation matters,M2D Bridge,268,M2D-B-1,2026-08-13T02:13:02.931800+00:00
4978-2,innovation matters,IM Pushbutton Module,15,MPB-4-1,2026-08-13T02:13:02.931800+00:00
4987-1,Amazon Basics,Smart Light,269,AB001,2026-08-13T02:13:02.931800+00:00
4987-2,Amazon Basics,Smart Light,269,AB002,2026-08-13T02:13:02.931800+00:00
4987-512,Amazon Basics,Smart Indoor Plug - Single outlet,266,,2026-08-13T02:13:02.931800+00:00
4987-513,Amazon Basics,Smart Indoor Plug - Single outlet,266,,2026-08-13T02:13:02.931800+00:00
4987-514,Amazon Basics,Smart Indoor Plug - Single outlet,266,,2026-08-13T02:13:02.931800+00:00
4987-515,Amazon Basics,Smart Indoor Plug - Single outlet,266,,2026-08-13T02:13:02.931800+00:00
4987-516,Amazon Basics,Smart Indoor Plug - Single outlet,266,,2026-08-13T02:13:02.931800+00:00
4987-517,Amazon Basics,Smart A19 Color Bulb,269,,2026-08-13T02:13:02.931800+00:00
4987-518,Amazon Basics,Smart A60 Color Bulb,269,,2026-08-13T02:13:02.931800+00:00
4987-519,Amazon Basics,Smart A60 Color Bulb,269,,2026-08-13T02:13:02.931800+00:00
4987-520,Amazon Basics,Smart A19 Color Bulb,269,,2026-08-13T02:13:02.931800+00:00
4987-521,Amazon Basics,Smart A19 Dimmable Bulb,257,,2026-08-13T02:13:02.931800+00:00
4987-522,Amazon Basics,Smart A60 Dimmable Bulb,257,,2026-08-13T02:13:02.931800+00:00
4987-523,Amazon Basics,Smart A60 Dimmable Bulb,257,,2026-08-13T02:13:02.931800+00:00
4987-524,Amazon Basics,Smart A19 Dimmable Bulb,257,,2026-08-13T02:13:02.931800+00:00
4987-525,Amazon Basics,Smart Ceiling LED light,269,,2026-08-13T02:13:02.931800+00:00
4987-526,Amazon Basics,Smart Ceiling LED light,269,,2026-08-13T02:13:02.931800+00:00
4987-527,Amazon Basics,Smart Lamp,269,,2026-08-13T02:13:02.931800+00:00
4987-528,Amazon Basics,Smart Lamp,269,,2026-08-13T02:13:02.931800+00:00
4987-529,Amazon Basics,Smart Lamp,269,,2026-08-13T02:13:02.931800+00:00
4987-530,Amazon Basics,Smart Switch,256,,2026-08-13T02:13:02.931800+00:00
4987-531,Amazon Basics,Smart Switch,256,,2026-08-13T02:13:02.931800+00:00
4987-532,Amazon Basics,Smart Dimmer,257,,2026-08-13T02:13:02.931800+00:00
4987-533,Amazon Basics,Smart Dimmer,257,,2026-08-13T02:13:02.931800+00:00
4987-534,Amazon Basics,Smart Switch,256,,2026-08-13T02:13:02.931800+00:00
4987-535,Amazon Basics,Smart Switch,256,,2026-08-13T02:13:02.931800+00:00
4987-536,Amazon Basics,Smart Dimmer,257,,2026-08-13T02:13:02.931800+00:00
4987-537,Amazon Basics,Smart Tower Fan,43,,2026-08-13T02:13:02.931800+00:00
4987-538,Amazon Basics,Smart Tower Fan,43,,2026-08-13T02:13:02.931800+00:00
4987-539,Amazon Basics,Smart Tower Fan,43,,2026-08-13T02:13:02.931800+00:00
4987-540,Amazon Basics,Smart Neon Rope Light,269,,2026-08-13T02:13:02.931800+00:00
4987-541,Amazon Basics,Smart Neon Rope Light,269,,2026-08-13T02:13:02.931800+00:00
4987-542,Amazon Basics,Smart Neon Rope Light,269,,2026-08-13T02:13:02.931800+00:00
4987-543,Amazon Basics,Smart Neon Rope Light,269,,2026-08-13T02:13:02.931800+00:00
4987-544,Amazon Basics,Smart Neon Rope Light,269,,2026-08-13T02:13:02.931800+00:00
4987-545,Amazon Basics,Smart Neon Rope Light,269,,2026-08-13T02:13:02.931800+00:00
4991-635,NEO,Matter Plug,266,Smart Plug,2026-08-13T02:13:02.931800+00:00
4991-1122,NEO,Door Sensor,21,NAS-DS07W10,2026-08-13T02:13:02.931800+00:00
4991-1123,NEO,PIR Sensor,263,NAS-PD07W10,2026-08-13T02:13:02.931800+00:00
4991-2874,NEO,Smart Plug,266,PLUG-001/10SPW6,2026-08-13T02:13:02.931800+00:00
4992-17,Grimsholm Products AB,Grimsholm Smart Irrigation Valve,66,31130,2026-08-13T02:13:02.931800+00:00
4994-1,ION INDUSTRIES B.V.,ION Smart Dimmer,257,90.500.070,2026-08-13T02:13:02.931800+00:00
4998-1,Skylux,Screen,514,,2026-08-13T02:13:02.931800+00:00
4998-2,Skylux,iWindowFlex,514,,2026-08-13T02:13:02.931800+00:00
4999-372,Govee,Govee Table Lamp Classic S,269,R1741,2026-08-13T02:13:02.931800+00:00
4999-4720,Govee,Govee Ceiling Light Ultra,269,H1630,2026-08-13T02:13:02.931800+00:00
4999-4816,Govee,Govee Sky Ceiling Light,269,H12D0,2026-08-13T02:13:02.931800+00:00
4999-4880,Govee,Govee Ceiling Fan With Lights,43,H1310,2026-08-13T02:13:02.931800+00:00
4999-4976,Govee,Govee Bladeless Ceiling Fan,43,H1370,2026-08-13T02:13:02.931800+00:00
4999-5121,Govee,Govee Smart Bulb,269,R1401,2026-08-13T02:13:02.931800+00:00
4999-5281,Govee,Govee Smart Bulb,269,R14A1,2026-08-13T02:13:02.931800+00:00
4999-5297,Govee,Govee Smart Bulb,269,H14B1,2026-08-13T02:13:02.931800+00:00
4999-5312,Govee,Govee Smart Bulb,269,R14C0,2026-08-13T02:13:02.931800+00:00
4999-5313,Govee,Govee Smart Bulb,269,R14C1,2026-08-13T02:13:02.931800+00:00
4999-5314,Govee,Govee Edison Bulb,269,R14C2,2026-08-13T02:13:02.931800+00:00
4999-5377,Govee,Govee Recessed Downlight,269,R1501,2026-08-13T02:13:02.931800+00:00
4999-5680,Govee,Govee Lantern Floor Lamp,269,H1630,2026-08-13T02:13:02.931800+00:00
4999-5792,Govee,Govee Floor Lamp 2 Pro,269,H16A0,2026-08-13T02:13:02.931800+00:00
4999-5808,Govee,Govee Floor Lamp 3,269,H16B0,2026-08-13T02:13:02.931800+00:00
4999-5824,Govee,Govee Floor Lamp 3 Lite,269,H16C0,2026-08-13T02:13:02.931800+00:00
4999-5953,Govee,Govee Table Lamp Classic,269,H1741,2026-08-13T02:13:02.931800+00:00
4999-6001,Govee,Govee Wallwash Table Lamp,269,H1771,2026-08-13T02:13:02.931800+00:00
4999-6160,Govee,Govee Star Light Projector (Cosmos),269,R1810,2026-08-13T02:13:02.931800+00:00
4999-6161,Govee,Govee Bubble Light Projector,269,H1811,2026-08-13T02:13:02.931800+00:00
4999-6272,Govee,Govee Tri-Zone Galaxy Light Projector,269,H1880,2026-08-13T02:13:02.931800+00:00
4999-6723,Govee,Govee LED Strip Lights 2,269,H1A43,2026-08-13T02:13:02.931800+00:00
4999-6818,Govee,Govee COB Strip Light 2 Pro,269,H1AA2,2026-08-13T02:13:02.931800+00:00
4999-6821,Govee,Govee COB Strip Light 2 Pro,269,H1AA5,2026-08-13T02:13:02.931800+00:00
4999-6833,Govee,Govee COB Strip Light 2,269,H1AB1,2026-08-13T02:13:02.931800+00:00
4999-6834,Govee,Govee COB Strip Light 2,269,H1AB2,2026-08-13T02:13:02.931800+00:00
4999-6835,Govee,Govee COB Strip Light 2,269,H1AB3,2026-08-13T02:13:02.931800+00:00
4999-7018,Govee,Govee Strip Light with Tower Kit,269,H1B6A,2026-08-13T02:13:02.931800+00:00
4999-10240,Govee,Govee Monitor Light Bar,269,H2800,2026-08-13T02:13:02.931800+00:00
4999-10816,Govee,Govee TV Backlight 3,269,H2A40,2026-08-13T02:13:02.931800+00:00
4999-12496,Govee,Govee Outdoor Filament String Lights,269,H30D0,2026-08-13T02:13:02.931800+00:00
4999-12497,Govee,Govee Outdoor Filament String Lights,269,H30D1,2026-08-13T02:13:02.931800+00:00
4999-12800,Govee,Govee Smart Outdoor Spotlight,269,H3200,2026-08-13T02:13:02.931800+00:00
4999-13137,Govee,Govee Outdoor Security Floodlight,269,H3351,2026-08-13T02:13:02.931800+00:00
4999-13313,Govee,Govee Outdoor Deck Lights 2,269,H3401,2026-08-13T02:13:02.931800+00:00
4999-13568,Govee,Govee Outdoor Pathway Lights 2 Lite,269,H3500,2026-08-13T02:13:02.931800+00:00
4999-13569,Govee,Govee Outdoor Pathway Lights 2 Lite,269,H3501,2026-08-13T02:13:02.931800+00:00
4999-13584,Govee,Govee Outdoor Cylinder Pathway Lights,269,H3510,2026-08-13T02:13:02.931800+00:00
4999-14161,Govee,Govee Outdoor Wall Light Pro,269,H3751,2026-08-13T02:13:02.931800+00:00
4999-14929,Govee,Govee Permanent Outdoor Lights 2 Pro,269,R3A51,2026-08-13T02:13:02.931800+00:00
4999-14930,Govee,Govee Permanent Outdoor Lights 2 Pro,269,H3A52,2026-08-13T02:13:02.931800+00:00
4999-14931,Govee,Govee Permanent Outdoor Lights 2 Pro,269,H3A53,2026-08-13T02:13:02.931800+00:00
4999-20613,Govee,Smart Plug Pro,266,H5085,2026-08-13T02:13:02.931800+00:00
4999-20617,Govee,Smart Outlet Extender,266,H5089,2026-08-13T02:13:02.931800+00:00
4999-24580,Govee,Govee RGBWW Smart LED Bulb,269,H6004,2026-08-13T02:13:02.931800+00:00
4999-24582,Govee,Govee RGBWW Smart LED Bulb,269,H6006,2026-08-13T02:13:02.931800+00:00
4999-24584,Govee,Govee RGBWW Smart LED Bulb,269,H6008,2026-08-13T02:13:02.931800+00:00
4999-24585,Govee,Govee RGBWW Smart LED Bulb,269,H6009,2026-08-13T02:13:02.931800+00:00
4999-24586,Govee,Govee RGBWW Smart LED Bulb,269,H600A,2026-08-13T02:13:02.931800+00:00
4999-24587,Govee,Govee RGBWW Smart LED Bulb,269,H600B,2026-08-13T02:13:02.931800+00:00
4999-24588,Govee,Govee RGBWW Smart LED Bulb,269,H600C,2026-08-13T02:13:02.931800+00:00
4999-24589,Govee,Govee RGBWW Smart LED Bulb,269,H600D,2026-08-13T02:13:02.931800+00:00
4999-24592,Govee,Govee RGBWW Smart LED Bulb,269,H6010,2026-08-13T02:13:02.931800+00:00
4999-24593,Govee,Govee Smart LED Bulb,269,H6011,2026-08-13T02:13:02.931800+00:00
4999-24595,Govee,Govee RGBWW Smart LED Bulb,269,H6013,2026-08-13T02:13:02.931800+00:00
4999-24600,Govee,Govee Smart Bulb,269,H6011A,2026-08-13T02:13:02.931800+00:00
4999-24602,Govee,Govee Recessed Downlight,269,H601A,2026-08-13T02:13:02.931800+00:00
4999-24604,Govee,Govee Recessed Downlight,269,H601C,2026-08-13T02:13:02.931800+00:00
4999-24606,Govee,Govee Recessed Downlight 2,269,H601E,2026-08-13T02:13:02.931800+00:00
4999-24608,Govee,Govee Table Lamp 2 with speaker,269,H6020,2026-08-13T02:13:02.931800+00:00
4999-24610,Govee,Govee Table Lamp 2,269,H6022,2026-08-13T02:13:02.931800+00:00
4999-24632,Govee,Govee Wall Sconce,269,H6038,2026-08-13T02:13:02.931800+00:00
4999-24633,Govee,Govee Wall Sconce,269,H6039,2026-08-13T02:13:02.931800+00:00
4999-24642,Govee,Govee TV Light Bars 2,269,H6042,2026-08-13T02:13:02.931800+00:00
4999-24643,Govee,Govee TV Light Bars 2,269,H6043,2026-08-13T02:13:02.931800+00:00
4999-24646,Govee,Govee TV Light Bar,269,H6046,2026-08-13T02:13:02.931800+00:00
4999-24648,Govee,Govee Gaming Light Bars Pro,269,H6048,2026-08-13T02:13:02.931800+00:00
4999-24662,Govee,Govee RGBICWW Light Bar,269,H6056,2026-08-13T02:13:02.931800+00:00
4999-24666,Govee,Govee TV Backlight 3 Lite Kit with Strip Light and Light Bars,269,H605A,2026-08-13T02:13:02.931800+00:00
4999-24674,Govee,Govee Glide Wall Light,269,H6062,2026-08-13T02:13:02.931800+00:00
4999-24675,Govee,Govee Glide Wall Light,269,H6063,2026-08-13T02:13:02.931800+00:00
4999-24678,Govee,Govee Glide Hexagon Light Panels Ultra,269,H6066,2026-08-13T02:13:02.931800+00:00
4999-24681,Govee,Govee Mini Panel Lights,269,H6069,2026-08-13T02:13:02.931800+00:00
4999-24682,Govee,Govee Glide Hexagon Light Panels Ultra,269,H606A,2026-08-13T02:13:02.931800+00:00
4999-24694,Govee,Govee Floor Lamp Basic,269,H6076A,2026-08-13T02:13:02.931800+00:00
4999-24697,Govee,Govee RGBICWW Floor Lamp Pro,269,H6079,2026-08-13T02:13:02.931800+00:00
4999-24700,Govee,Govee Floor Lamp,269,H607C,2026-08-13T02:13:02.931800+00:00
4999-24701,Govee,Govee Floor Lamp,269,H607D,2026-08-13T02:13:02.931800+00:00
4999-24712,Govee,Wall Sconces,269,H6088,2026-08-13T02:13:02.931800+00:00
4999-24713,Govee,Wall Sconces,269,H6089,2026-08-13T02:13:02.931800+00:00
4999-24714,Govee,Govee Wall Light,269,H608A,2026-08-13T02:13:02.931800+00:00
4999-24715,Govee,Govee String Downlights,269,H608B,2026-08-13T02:13:02.931800+00:00
4999-24716,Govee,Govee String Downlights,269,H608C,2026-08-13T02:13:02.931800+00:00
4999-24717,Govee,Govee String Downlights,269,H608D,2026-08-13T02:13:02.931800+00:00
4999-24722,Govee,Govee Galaxy Light Projector Pro,269,H6092,2026-08-13T02:13:02.931800+00:00
4999-24723,Govee,Govee Star Light Projector,269,H6093,2026-08-13T02:13:02.931800+00:00
4999-24724,Govee,Govee Star Light Projector (Ocean Wave),269,H6094,2026-08-13T02:13:02.931800+00:00
4999-24725,Govee,Govee Star Light Projector (Nebula),269,H6095,2026-08-13T02:13:02.931800+00:00
4999-24727,Govee,Govee TV Backlight 3 Lite,269,H6097,2026-08-13T02:13:02.931800+00:00
4999-24728,Govee,Govee Smart TV Backlight 3S,269,H6098,2026-08-13T02:13:02.931800+00:00
4999-24729,Govee,Govee TV Backlight 3 Lite,269,H6099,2026-08-13T02:13:02.931800+00:00
4999-24730,Govee,Govee Wall Light,269,H609A,2026-08-13T02:13:02.931800+00:00
4999-24733,Govee,Govee Galaxy Light Projector 2 Pro,269,H609D,2026-08-13T02:13:02.931800+00:00
4999-24737,Govee,Govee Ceiling Light,269,H60A1,2026-08-13T02:13:02.931800+00:00
4999-24742,Govee,Govee Ceiling Light Pro,269,H60A6,2026-08-13T02:13:02.931800+00:00
4999-24752,Govee,Govee Uplighter Floor Lamp,269,H60B0,2026-08-13T02:13:02.931800+00:00
4999-24753,Govee,Govee Torchiere Floor Lamp,269,H60B1,2026-08-13T02:13:02.931800+00:00
4999-24754,Govee,Govee Tree Floor Lamp,269,H60B2,2026-08-13T02:13:02.931800+00:00
4999-24755,Govee,Govee Uplighter Floor Lamp,269,R60B3,2026-08-13T02:13:02.931800+00:00
4999-24874,Govee,Govee Strip Light S,269,H612A,2026-08-13T02:13:02.931800+00:00
4999-24875,Govee,Govee Strip Light S,269,H612B,2026-08-13T02:13:02.931800+00:00
4999-24876,Govee,Govee Strip Light S,269,H612C,2026-08-13T02:13:02.931800+00:00
4999-24877,Govee,Govee Strip Light S,269,H612D,2026-08-13T02:13:02.931800+00:00
4999-24878,Govee,Govee Strip Light S,269,H612E,2026-08-13T02:13:02.931800+00:00
4999-24879,Govee,Govee Strip Light S,269,H612F,2026-08-13T02:13:02.931800+00:00
4999-24940,Govee,Govee Outdoor Strip Light 2,269,H616C,2026-08-13T02:13:02.931800+00:00
4999-24941,Govee,Govee Outdoor Strip Light 2,269,H616D,2026-08-13T02:13:02.931800+00:00
4999-24942,Govee,Govee Outdoor Strip Light 2,269,H616E,2026-08-13T02:13:02.931800+00:00
4999-24989,Govee,Govee RGBIC Pro LED Strip Lights,269,H619D,2026-08-13T02:13:02.931800+00:00
4999-25000,Govee,Govee Outdoor Neon Rope Light,269,H61A8,2026-08-13T02:13:02.931800+00:00
4999-25001,Govee,Govee Outdoor Neon Rope Light,269,H61A9,2026-08-13T02:13:02.931800+00:00
4999-25009,Govee,Govee LED Strip Light,269,H61B1,2026-08-13T02:13:02.931800+00:00
4999-25011,Govee,Govee Strip Light with Cover,269,H61B3,2026-08-13T02:13:02.931800+00:00
4999-25013,Govee,Govee Strip Light with Cover,269,H61B5,2026-08-13T02:13:02.931800+00:00
4999-25014,Govee,Govee Strip Light with Cover,269,H61B6,2026-08-13T02:13:02.931800+00:00
4999-25016,Govee,Govee Strip Light with Skyline Kit,269,H61B8,2026-08-13T02:13:02.931800+00:00
4999-25017,Govee,Govee Strip Light with Skyline Kit,269,H61B9,2026-08-13T02:13:02.931800+00:00
4999-25026,Govee,Govee Neon Light,269,H61C2,2026-08-13T02:13:02.931800+00:00
4999-25027,Govee,Govee Neon Light,269,H61C3,2026-08-13T02:13:02.931800+00:00
4999-25028,Govee,Govee Neon Light,269,H61C4,2026-08-13T02:13:02.931800+00:00
4999-25029,Govee,Govee Neon Light,269,H61C5,2026-08-13T02:13:02.931800+00:00
4999-25042,Govee,Govee Neon Rope Light 2,269,H61D2,2026-08-13T02:13:02.931800+00:00
4999-25043,Govee,Govee Neon Rope Light 2,269,H61D3,2026-08-13T02:13:02.931800+00:00
4999-25044,Govee,Govee Neon Rope Light 2,269,H61D4,2026-08-13T02:13:02.931800+00:00
4999-25045,Govee,Govee Neon Rope Light 2,269,H61D5,2026-08-13T02:13:02.931800+00:00
4999-25046,Govee,Govee Neon Rope Light 2,269,H61D6,2026-08-13T02:13:02.931800+00:00
4999-25047,Govee,Govee Neon Rope Light 2,269,H61D7,2026-08-13T02:13:02.931800+00:00
4999-25056,Govee,Govee LED Strip Light M1(2m/6.56ft),269,H61E0,2026-08-13T02:13:02.931800+00:00
4999-25057,Govee,Govee LED Strip Light M1(5m/16.4ft),269,H61E1,2026-08-13T02:13:02.931800+00:00
4999-25061,Govee,Govee LED Strip Light,269,H61E5,2026-08-13T02:13:02.931800+00:00
4999-25062,Govee,Govee COB Strip Lignt Pro,269,H61E6,2026-08-13T02:13:02.931800+00:00
4999-25074,Govee,Govee Strip Light 2 Pro,269,H61F2,2026-08-13T02:13:02.931800+00:00
4999-25077,Govee,Govee Strip Light 2 Pro,269,H61F5,2026-08-13T02:13:02.931800+00:00
4999-25078,Govee,Govee Strip Light 2 Pro,269,H61F6,2026-08-13T02:13:02.931800+00:00
4999-25168,Govee,Govee Christmas 2-in-1 String Lights,269,H6250,2026-08-13T02:13:02.931800+00:00
4999-25424,Govee,Govee Spherical Net Lights,269,H6350 H6351,2026-08-13T02:13:02.931800+00:00
4999-26115,Govee,Govee AI Sync Box Kit 2,269,H6603,2026-08-13T02:13:02.931800+00:00
4999-26116,Govee,Govee AI Sync Box 2,269,H6604,2026-08-13T02:13:02.931800+00:00
4999-26120,Govee,Govee Gaming Light,269,H6608,2026-08-13T02:13:02.931800+00:00
4999-26121,Govee,Govee Gaming Light,269,H6609,2026-08-13T02:13:02.931800+00:00
4999-26176,Govee,Govee Neon Light for skirting,269,H6640,2026-08-13T02:13:02.931800+00:00
4999-26177,Govee,Govee Neon Light for skirting,269,H6641,2026-08-13T02:13:02.931800+00:00
4999-26225,Govee,Govee RGBWIC TV Backlight,269,H6671,2026-08-13T02:13:02.931800+00:00
4999-26256,Govee,Govee TV Backlight 3 Lite,269,H6690,2026-08-13T02:13:02.931800+00:00
4999-26272,Govee,Govee TV Backlight 3 Pro,269,H66A0,2026-08-13T02:13:02.931800+00:00
4999-26624,Govee,Govee Christmas Tree Lights,269,H6800,2026-08-13T02:13:02.931800+00:00
4999-26640,Govee,Govee Net lights,269,H6810,2026-08-13T02:13:02.931800+00:00
4999-26641,Govee,Govee Net lights,269,H6811,2026-08-13T02:13:02.931800+00:00
4999-26642,Govee,Govee Net lights,269,H6812,2026-08-13T02:13:02.931800+00:00
4999-26656,Govee,Govee Meteor shower Lights,269,H6820,2026-08-13T02:13:02.931800+00:00
4999-26657,Govee,Govee Meteor shower Lights,269,H6821,2026-08-13T02:13:02.931800+00:00
4999-26688,Govee,Govee Cone Lights,269,H6840,2026-08-13T02:13:02.931800+00:00
4999-26689,Govee,Govee Cone Lights,269,H6841,2026-08-13T02:13:02.931800+00:00
4999-26690,Govee,Govee Cone Tree Lights,269,H6842 H6843 R6842,2026-08-13T02:13:02.931800+00:00
4999-26704,Govee,Govee Ball Lights,269,H6850,2026-08-13T02:13:02.931800+00:00
4999-26721,Govee,Govee C9 String Lights,269,H6861 H6860 R6861 R6860,2026-08-13T02:13:02.931800+00:00
4999-26736,Govee,Govee string lights,269,H6870,2026-08-13T02:13:02.931800+00:00
4999-26737,Govee,Govee string lights,269,H6871 R6871,2026-08-13T02:13:02.931800+00:00
4999-28709,Govee,Govee Outdoor String Lights 2,269,H7025,2026-08-13T02:13:02.931800+00:00
4999-28710,Govee,Govee Outdoor Clear Bulb String Lights,269,H7026,2026-08-13T02:13:02.931800+00:00
4999-28714,Govee,Govee Outdoor S14 Bulb String Lights 2,269,H702A,2026-08-13T02:13:02.931800+00:00
4999-28715,Govee,Govee Outdoor S14 Bulb String Lights 2,269,H702B,2026-08-13T02:13:02.931800+00:00
4999-28716,Govee,Govee Outdoor S14 Bulb String Lights 2,269,H702C,2026-08-13T02:13:02.931800+00:00
4999-28720,Govee,Govee Outdoor String Lights 2,269,H7030,2026-08-13T02:13:02.931800+00:00
4999-28723,Govee,Govee String Light,269,H7033,2026-08-13T02:13:02.931800+00:00
4999-28724,Govee,Govee String Light,269,H7034,2026-08-13T02:13:02.931800+00:00
4999-28727,Govee,Govee Outdoor String Lights 2,269,H7037,2026-08-13T02:13:02.931800+00:00
4999-28728,Govee,Govee Outdoor String Lights 2,269,H7038,2026-08-13T02:13:02.931800+00:00
4999-28729,Govee,Govee Outdoor String Lights 2,269,H7039,2026-08-13T02:13:02.931800+00:00
4999-28730,Govee,Govee Outdoor Frame Dots Lights,269,H703A,2026-08-13T02:13:02.931800+00:00
4999-28731,Govee,Govee Outdoor Frame Dots Lights,269,H703B,2026-08-13T02:13:02.931800+00:00
4999-28742,Govee,Govee Outdoor Chromatic String Lights,269,H7046,2026-08-13T02:13:02.931800+00:00
4999-28754,Govee,Govee Outdoor Ground Lights 2,269,H7052,2026-08-13T02:13:02.931800+00:00
4999-28755,Govee,Govee Outdoor Ground Lights 2,269,H7053,2026-08-13T02:13:02.931800+00:00
4999-28758,Govee,Govee Outdoor Pathway Lights 2,269,H7056,2026-08-13T02:13:02.931800+00:00
4999-28759,Govee,Govee Outdoor Flood Light 2,269,H7057,2026-08-13T02:13:02.931800+00:00
4999-28760,Govee,Govee Outdoor Flood Light 2,269,H7058,2026-08-13T02:13:02.931800+00:00
4999-28765,Govee,Govee Permanent Outdoor Lights 2,269,H705D,2026-08-13T02:13:02.931800+00:00
4999-28766,Govee,Govee Permanent Outdoor Lights 2,269,H705E,2026-08-13T02:13:02.931800+00:00
4999-28767,Govee,Govee Permanent Outdoor Lights 2,269,H705F,2026-08-13T02:13:02.931800+00:00
4999-28771,Govee,Govee Outdoor Flood Light,269,H7063,2026-08-13T02:13:02.931800+00:00
4999-28775,Govee,Govee Outdoor Deck Lights,269,H7067,2026-08-13T02:13:02.931800+00:00
4999-28776,Govee,Govee Outdoor Deck Lights,269,H7068,2026-08-13T02:13:02.931800+00:00
4999-28777,Govee,Govee Outdoor Deck Lights,269,H7069,2026-08-13T02:13:02.931800+00:00
4999-28778,Govee,Govee RGBWWIC Permanent Outdoor Lights Pro,269,H706A,2026-08-13T02:13:02.931800+00:00
4999-28779,Govee,Govee RGBWWIC Permanent Outdoor Lights Pro,269,H706B,2026-08-13T02:13:02.931800+00:00
4999-28780,Govee,Govee RGBWWIC Permanent Outdoor Lights Pro,269,H706C,2026-08-13T02:13:02.931800+00:00
4999-28784,Govee,Govee Outdoor Laser Lights,269,H7070,2026-08-13T02:13:02.931800+00:00
4999-28785,Govee,Govee Holiday Projector Lights,269,H7071,2026-08-13T02:13:02.931800+00:00
4999-28786,Govee,Govee Outdoor Lamp Post Light,269,H7072,2026-08-13T02:13:02.931800+00:00
4999-28787,Govee,Govee Outdoor Laser Lights,269,H7073,2026-08-13T02:13:02.931800+00:00
4999-28789,Govee,Govee Outdoor Wall Light,269,H7075,2026-08-13T02:13:02.931800+00:00
4999-28790,Govee,Govee Outdoor UpDown Wall Light,269,H7076,2026-08-13T02:13:02.931800+00:00
4999-28792,Govee,Govee Outdoor Wall Light,269,H7078,2026-08-13T02:13:02.931800+00:00
4999-28794,Govee,Govee Permanent Outdoor Lights,269,H707A,2026-08-13T02:13:02.931800+00:00
4999-28806,Govee,Govee Outdoor Garden Lights,269,H7086,2026-08-13T02:13:02.931800+00:00
4999-28807,Govee,Govee Outdoor Tree Spotlights,269,H7087,2026-08-13T02:13:02.931800+00:00
4999-28819,Govee,Govee Outdoor Spotlights 2,269,H7093,2026-08-13T02:13:02.931800+00:00
4999-28820,Govee,Govee Outdoor Spotlights 2,269,H7094,2026-08-13T02:13:02.931800+00:00
4999-28822,Govee,Govee Outdoor Pool Lights,269,H7096,2026-08-13T02:13:02.931800+00:00
4999-28823,Govee,Govee Outdoor Pool Lights,269,H7097,2026-08-13T02:13:02.931800+00:00
4999-28833,Govee,Govee Outdoor Strip Light Pro,269,H70A1,2026-08-13T02:13:02.931800+00:00
4999-28834,Govee,Govee Outdoor Strip Light Pro,269,H70A2,2026-08-13T02:13:02.931800+00:00
4999-28835,Govee,Govee Outdoor Strip Light Pro,269,H70A3,2026-08-13T02:13:02.931800+00:00
4999-28851,Govee,Govee Cutain Lights,269,H70B3,2026-08-13T02:13:02.931800+00:00
4999-28852,Govee,Govee Cutain Lights,269,H70B4,2026-08-13T02:13:02.931800+00:00
4999-28853,Govee,Govee Cutain Lights,269,H70B5,2026-08-13T02:13:02.931800+00:00
4999-28854,Govee,Govee Curtain Lights Pro,269,H70B6,2026-08-13T02:13:02.931800+00:00
4999-28856,Govee,Govee Light wall,269,H70B8,2026-08-13T02:13:02.931800+00:00
4999-28868,Govee,Govee string lights,269,H70C4,2026-08-13T02:13:02.931800+00:00
4999-28869,Govee,Govee string lights,269,H70C5,2026-08-13T02:13:02.931800+00:00
4999-28870,Govee,Govee string lights,269,H70C6,2026-08-13T02:13:02.931800+00:00
4999-28871,Govee,Govee string lights,269,H70C7,2026-08-13T02:13:02.931800+00:00
4999-28872,Govee,Govee string lights,269,H70C8,2026-08-13T02:13:02.931800+00:00
4999-28873,Govee,Govee string lights,269,H70C9,2026-08-13T02:13:02.931800+00:00
4999-28881,Govee,Govee Icicle Lights,269,H70D1,2026-08-13T02:13:02.931800+00:00
4999-28882,Govee,Govee Icicle Lights,269,H70D2,2026-08-13T02:13:02.931800+00:00
4999-28883,Govee,Govee Icicle Lights,269,H70D3,2026-08-13T02:13:02.931800+00:00
4999-28931,Govee,Smart Mini Tower Fan,43,H7103,2026-08-13T02:13:02.931800+00:00
4999-28933,Govee,Smart Tower Fan 2 Max (42 Inch),43,H7105,2026-08-13T02:13:02.931800+00:00
4999-28935,Govee,Smart Tower Fan 2 Max (42 Inch),43,H7107,2026-08-13T02:13:02.931800+00:00
4999-28946,Govee,Smart Air Circulator Fan 2 (9 lnch),43,H7112,2026-08-13T02:13:02.931800+00:00
4999-28964,Govee,Smart Air Purifier 2 (Sensor),45,H7124,2026-08-13T02:13:02.931800+00:00
4999-28966,Govee,Smart Mini Air Purifier,45,H7126,2026-08-13T02:13:02.931800+00:00
4999-28967,Govee,Smart Mini Air Purifier,45,H7127,2026-08-13T02:13:02.931800+00:00
4999-28968,Govee,Smart Air Purifier 2 Pro,45,H7128,2026-08-13T02:13:02.931800+00:00
4999-28969,Govee,Smart Air Purifier 2 Pro (Sensor),45,H7129,2026-08-13T02:13:02.931800+00:00
4999-28972,Govee,Smart Air Purifier 2,45,H712C,2026-08-13T02:13:02.931800+00:00
4999-28983,Govee,Smart Space Heater 2 Lite (11 Inch),0,H7137,2026-08-13T02:13:02.931800+00:00
4999-28992,Govee,Smart Humidifier Lite,43,H7140,2026-08-13T02:13:02.931800+00:00
4999-28999,Govee,Smart Mini Humidifier (baby),43,H7147,2026-08-13T02:13:02.931800+00:00
4999-29000,Govee,Smart Humidifier 2 Lite (4.5L),43,H7148,2026-08-13T02:13:02.931800+00:00
4999-29001,Govee,Smart Humidifier 2 Lite (6L),43,H7149,2026-08-13T02:13:02.931800+00:00
4999-29006,Govee,Smart Humidifier Lite,43,H714E,2026-08-13T02:13:02.931800+00:00
4999-29053,Govee,Smart Countertop Ice Maker,266,H717D,2026-08-13T02:13:02.931800+00:00
4999-32779,Govee,Govee Smart Bulb,269,H800B,2026-08-13T02:13:02.931800+00:00
4999-32789,Govee,Govee Smart LED Bulb,269,H8015,2026-08-13T02:13:02.931800+00:00
4999-32802,Govee,Govee Table Lamp 2,269,H8022,2026-08-13T02:13:02.931800+00:00
4999-32805,Govee,Govee Smart Outdoor String Lights,269,H8025,2026-08-13T02:13:02.931800+00:00
4999-32840,Govee,Govee Smart Gaming Light Bars Pro,269,H8048,2026-08-13T02:13:02.931800+00:00
4999-32855,Govee,Govee Outdoor Flood Light 2,269,H8057,2026-08-13T02:13:02.931800+00:00
4999-32858,Govee,Govee Permanent Outdoor Lights Elite,269,H805A,2026-08-13T02:13:02.931800+00:00
4999-32859,Govee,Govee Permanent Outdoor Lights Elite,269,H805B,2026-08-13T02:13:02.931800+00:00
4999-32860,Govee,Govee Permanent Outdoor Lights Elite,269,H805C,2026-08-13T02:13:02.931800+00:00
4999-32861,Govee,Govee Permanent Outdoor Lights Elite,269,H805D,2026-08-13T02:13:02.931800+00:00
4999-32870,Govee,Govee Smart Outdoor Spotlight,269,H8066,2026-08-13T02:13:02.931800+00:00
4999-32873,Govee,Govee Mini Panel Lights,269,H8069,2026-08-13T02:13:02.931800+00:00
4999-32874,Govee,Govee Permanent Outdoor Lights Prime,269,H806A,2026-08-13T02:13:02.931800+00:00
4999-32886,Govee,Govee Floor Lamp Basic,269,H8076,2026-08-13T02:13:02.931800+00:00
4999-32892,Govee,Govee Corner Floor Lamp 2,269,H807C,2026-08-13T02:13:02.931800+00:00
4999-32906,Govee,Govee String Downlights,269,H808A,2026-08-13T02:13:02.931800+00:00
4999-32920,Govee,Govee Smart TV Backlight 3S,269,H8098,2026-08-13T02:13:02.931800+00:00
4999-32929,Govee,Govee Ceiling Light 1s,269,H80A1,2026-08-13T02:13:02.931800+00:00
4999-32932,Govee,Govee Square Ceiling Light,269,H60A4,2026-08-13T02:13:02.931800+00:00
4999-32949,Govee,Govee Strip Light with Cover,269,H80B5,2026-08-13T02:13:02.931800+00:00
4999-32961,Govee,Govee Pendant Light,269,H80C1,2026-08-13T02:13:02.931800+00:00
4999-32964,Govee,Govee string lights,269,H80C4,2026-08-13T02:13:02.931800+00:00
4999-32965,Govee,Govee String Lights 2s,269,H80C5,2026-08-13T02:13:02.931800+00:00
4999-32977,Govee,Govee Icicle Lights,269,H80D1,2026-08-13T02:13:02.931800+00:00
4999-34308,Govee,Govee Smart AI Sync Box,269,H8604,2026-08-13T02:13:02.931800+00:00
4999-34833,Govee,Govee Net lights,269,H8811,2026-08-13T02:13:02.931800+00:00
4999-34880,Govee,Govee Cone Tree Lights,269,H8840,2026-08-13T02:13:02.931800+00:00
4999-51793,Govee,Govee Permanent Outdoor Lights 2 Pro,269,H3A51,2026-08-13T02:13:02.931800+00:00
5000-3,Infineon,Infineon WIFI Door Lock with OPTIGA Trust M MTR,10,SP006008195,2026-08-13T02:13:02.931800+00:00
5000-6,Infineon,CYW30739 Thermostat,769,CYW30739B2,2026-08-13T02:13:02.931800+00:00
5002-2030,Nature,Nature Remo Lapis,14,Remo-2W3,2026-08-13T02:13:02.931800+00:00
5002-5010,Nature,Nature Remo nano,14,Remo-5W1,2026-08-13T02:13:02.931800+00:00
5003-1,ULTRON,Ultron Smart Light,268,UT-0001-M,2026-08-13T02:13:02.931800+00:00
5003-2,ULTRON,Ultron Smart Light,268,UT-0002-M,2026-08-13T02:13:02.931800+00:00
5003-4,ULTRON,Ultron Smart Light,268,UT-0004-M,2026-08-13T02:13:02.931800+00:00
5003-36,ULTRON,Ultron Bridge,14,UT-UG03-A,2026-08-13T02:13:02.931800+00:00
5003-512,ULTRON,Ultron Smart Light,268,UT-0200-M,2026-08-13T02:13:02.931800+00:00
5003-1024,ULTRON,Ultron Smart Light,268,UT-0400-M,2026-08-13T02:13:02.931800+00:00
5004-1,Hisense,Hisense Smart TV,40,1,2026-08-13T02:13:02.931800+00:00
5004-2,Hisense,Hisense Smart TV,40,1,2026-08-13T02:13:02.931800+00:00
5004-3,Hisense,Hisense Smart TV,40,1,2026-08-13T02:13:02.931800+00:00
5004-4,Hisense,Hisense Smart TV,40,1,2026-08-13T02:13:02.931800+00:00
5004-5,Hisense,Hisense Smart TV,40,1,2026-08-13T02:13:02.931800+00:00
5004-6,Hisense,Hisense Smart TV,40,1,2026-08-13T02:13:02.931800+00:00
5004-7,Hisense,Hisense Smart TV,40,1,2026-08-13T02:13:02.931800+00:00
5004-8,Hisense,Hisense Smart TV,40,1,2026-08-13T02:13:02.931800+00:00
5004-9,Hisense,Hisense Smart TV,40,1,2026-08-13T02:13:02.931800+00:00
5004-10,Hisense,Hisense Smart TV,40,1,2026-08-13T02:13:02.931800+00:00
5004-257,Hisense,Air Conditioner,769,37,2026-08-13T02:13:02.931800+00:00
5004-258,Hisense,Air Conditioner,769,37,2026-08-13T02:13:02.931800+00:00
5004-259,Hisense,Air Conditioner,769,37,2026-08-13T02:13:02.931800+00:00
5004-260,Hisense,Air Conditioner,769,37,2026-08-13T02:13:02.931800+00:00
5004-261,Hisense,Air Conditioner,769,37,2026-08-13T02:13:02.931800+00:00
5004-262,Hisense,Air Conditioner,769,37,2026-08-13T02:13:02.931800+00:00
5004-263,Hisense,Air Conditioner,769,37,2026-08-13T02:13:02.931800+00:00
5004-264,Hisense,Air Conditioner,769,37,2026-08-13T02:13:02.931800+00:00
5004-265,Hisense,Air Conditioner,769,37,2026-08-13T02:13:02.931800+00:00
5004-266,Hisense,Air Conditioner,769,37,2026-08-13T02:13:02.931800+00:00
5004-267,Hisense,Air Conditioner,769,37,2026-08-13T02:13:02.931800+00:00
5004-268,Hisense,Air Conditioner,769,37,2026-08-13T02:13:02.931800+00:00
5004-269,Hisense,Air Conditioner,769,37,2026-08-13T02:13:02.931800+00:00
5004-270,Hisense,Air Conditioner,769,37,2026-08-13T02:13:02.931800+00:00
5004-271,Hisense,Air Conditioner,769,37,2026-08-13T02:13:02.931800+00:00
5004-272,Hisense,Air Conditioner,769,37,2026-08-13T02:13:02.931800+00:00
5004-273,Hisense,Air Conditioner,769,37,2026-08-13T02:13:02.931800+00:00
5004-274,Hisense,Air Conditioner,769,37,2026-08-13T02:13:02.931800+00:00
5004-275,Hisense,Air Conditioner,769,37,2026-08-13T02:13:02.931800+00:00
5004-276,Hisense,Air Conditioner,769,37,2026-08-13T02:13:02.931800+00:00
5004-277,Hisense,Air Conditioner,769,37,2026-08-13T02:13:02.931800+00:00
5004-278,Hisense,Air Conditioner,769,37,2026-08-13T02:13:02.931800+00:00
5004-279,Hisense,Air Conditioner,769,37,2026-08-13T02:13:02.931800+00:00
5004-280,Hisense,Air Conditioner,769,37,2026-08-13T02:13:02.931800+00:00
5004-281,Hisense,Air Conditioner,769,37,2026-08-13T02:13:02.931800+00:00
5004-282,Hisense,Air Conditioner,769,37,2026-08-13T02:13:02.931800+00:00
5004-283,Hisense,Air Conditioner,769,37,2026-08-13T02:13:02.931800+00:00
5004-284,Hisense,Air Conditioner,769,37,2026-08-13T02:13:02.931800+00:00
5004-285,Hisense,Air Conditioner,769,37,2026-08-13T02:13:02.931800+00:00
5004-286,Hisense,Air Conditioner,769,37,2026-08-13T02:13:02.931800+00:00
5004-287,Hisense,Air Conditioner,769,37,2026-08-13T02:13:02.931800+00:00
5004-288,Hisense,Air Conditioner,769,37,2026-08-13T02:13:02.931800+00:00
5004-289,Hisense,Air Conditioner,769,37,2026-08-13T02:13:02.931800+00:00
5004-290,Hisense,Air Conditioner,769,37,2026-08-13T02:13:02.931800+00:00
5004-291,Hisense,Air Conditioner,769,37,2026-08-13T02:13:02.931800+00:00
5004-292,Hisense,Air Conditioner,769,37,2026-08-13T02:13:02.931800+00:00
5004-293,Hisense,Air Conditioner,769,37,2026-08-13T02:13:02.931800+00:00
5004-294,Hisense,Air Conditioner,769,37,2026-08-13T02:13:02.931800+00:00
5004-295,Hisense,Air Conditioner,769,37,2026-08-13T02:13:02.931800+00:00
5004-296,Hisense,Air Conditioner,769,37,2026-08-13T02:13:02.931800+00:00
5004-297,Hisense,Air Conditioner,769,37,2026-08-13T02:13:02.931800+00:00
5004-298,Hisense,Air Conditioner,769,37,2026-08-13T02:13:02.931800+00:00
5004-299,Hisense,Air Conditioner,769,37,2026-08-13T02:13:02.931800+00:00
5004-300,Hisense,Air Conditioner,769,37,2026-08-13T02:13:02.931800+00:00
5004-301,Hisense,Air Conditioner,769,37,2026-08-13T02:13:02.931800+00:00
5004-302,Hisense,Air Conditioner,769,37,2026-08-13T02:13:02.931800+00:00
5004-303,Hisense,Air Conditioner,769,37,2026-08-13T02:13:02.931800+00:00
5004-304,Hisense,Air Conditioner,769,37,2026-08-13T02:13:02.931800+00:00
5004-305,Hisense,Air Conditioner,769,37,2026-08-13T02:13:02.931800+00:00
5004-306,Hisense,Air Conditioner,769,37,2026-08-13T02:13:02.931800+00:00
5004-307,Hisense,Air Conditioner,769,37,2026-08-13T02:13:02.931800+00:00
5004-308,Hisense,Air Conditioner,769,37,2026-08-13T02:13:02.931800+00:00
5004-309,Hisense,Air Conditioner,769,37,2026-08-13T02:13:02.931800+00:00
5004-310,Hisense,Air Conditioner,769,37,2026-08-13T02:13:02.931800+00:00
5004-311,Hisense,Air Conditioner,769,37,2026-08-13T02:13:02.931800+00:00
5004-312,Hisense,Air Conditioner,769,37,2026-08-13T02:13:02.931800+00:00
5004-313,Hisense,Air Conditioner,769,37,2026-08-13T02:13:02.931800+00:00
5004-314,Hisense,Air Conditioner,769,37,2026-08-13T02:13:02.931800+00:00
5004-315,Hisense,Air Conditioner,769,37,2026-08-13T02:13:02.931800+00:00
5004-316,Hisense,Air Conditioner,769,37,2026-08-13T02:13:02.931800+00:00
5004-317,Hisense,Air Conditioner,769,37,2026-08-13T02:13:02.931800+00:00
5004-318,Hisense,Air Conditioner,769,37,2026-08-13T02:13:02.931800+00:00
5004-319,Hisense,Air Conditioner,769,37,2026-08-13T02:13:02.931800+00:00
5004-320,Hisense,Air Conditioner,769,37,2026-08-13T02:13:02.931800+00:00
5004-321,Hisense,Air Conditioner,769,37,2026-08-13T02:13:02.931800+00:00
5004-322,Hisense,Air Conditioner,769,37,2026-08-13T02:13:02.931800+00:00
5004-323,Hisense,Air Conditioner,769,37,2026-08-13T02:13:02.931800+00:00
5004-324,Hisense,Air Conditioner,769,37,2026-08-13T02:13:02.931800+00:00
5004-325,Hisense,Air Conditioner,769,37,2026-08-13T02:13:02.931800+00:00
5004-326,Hisense,Air Conditioner,769,37,2026-08-13T02:13:02.931800+00:00
5004-327,Hisense,Air Conditioner,769,37,2026-08-13T02:13:02.931800+00:00
5004-328,Hisense,Air Conditioner,769,37,2026-08-13T02:13:02.931800+00:00
5004-329,Hisense,Air Conditioner,769,37,2026-08-13T02:13:02.931800+00:00
5004-330,Hisense,Air Conditioner,769,37,2026-08-13T02:13:02.931800+00:00
5004-331,Hisense,Air Conditioner,769,37,2026-08-13T02:13:02.931800+00:00
5004-332,Hisense,Air Conditioner,769,37,2026-08-13T02:13:02.931800+00:00
5004-333,Hisense,Air Conditioner,769,37,2026-08-13T02:13:02.931800+00:00
5004-334,Hisense,Air Conditioner,769,37,2026-08-13T02:13:02.931800+00:00
5004-335,Hisense,Air Conditioner,769,37,2026-08-13T02:13:02.931800+00:00
5004-336,Hisense,Air Conditioner,769,37,2026-08-13T02:13:02.931800+00:00
5004-337,Hisense,Air Conditioner,769,37,2026-08-13T02:13:02.931800+00:00
5004-338,Hisense,Air Conditioner,769,37,2026-08-13T02:13:02.931800+00:00
5004-339,Hisense,Air Conditioner,769,37,2026-08-13T02:13:02.931800+00:00
5004-340,Hisense,Air Conditioner,769,37,2026-08-13T02:13:02.931800+00:00
5004-341,Hisense,Air Conditioner,769,37,2026-08-13T02:13:02.931800+00:00
5004-342,Hisense,Air Conditioner,769,37,2026-08-13T02:13:02.931800+00:00
5004-343,Hisense,Air Conditioner,769,37,2026-08-13T02:13:02.931800+00:00
5004-344,Hisense,Air Conditioner,769,37,2026-08-13T02:13:02.931800+00:00
5004-345,Hisense,Air Conditioner,769,37,2026-08-13T02:13:02.931800+00:00
5004-346,Hisense,Air Conditioner,769,37,2026-08-13T02:13:02.931800+00:00
5004-347,Hisense,Air Conditioner,769,37,2026-08-13T02:13:02.931800+00:00
5004-348,Hisense,Air Conditioner,769,37,2026-08-13T02:13:02.931800+00:00
5004-349,Hisense,Air Conditioner,769,37,2026-08-13T02:13:02.931800+00:00
5004-350,Hisense,Air Conditioner,769,37,2026-08-13T02:13:02.931800+00:00
5004-351,Hisense,Air Conditioner,769,37,2026-08-13T02:13:02.931800+00:00
5004-352,Hisense,Air Conditioner,769,37,2026-08-13T02:13:02.931800+00:00
5004-353,Hisense,Air Conditioner,769,37,2026-08-13T02:13:02.931800+00:00
5004-354,Hisense,Air Conditioner,769,37,2026-08-13T02:13:02.931800+00:00
5004-355,Hisense,Air Conditioner,769,37,2026-08-13T02:13:02.931800+00:00
5004-356,Hisense,Air Conditioner,769,37,2026-08-13T02:13:02.931800+00:00
5004-357,Hisense,Air Conditioner,769,37,2026-08-13T02:13:02.931800+00:00
5004-358,Hisense,Air Conditioner,769,37,2026-08-13T02:13:02.931800+00:00
5004-359,Hisense,Air Conditioner,769,37,2026-08-13T02:13:02.931800+00:00
5004-360,Hisense,Air Conditioner,769,37,2026-08-13T02:13:02.931800+00:00
5004-361,Hisense,Air Conditioner,769,37,2026-08-13T02:13:02.931800+00:00
5004-362,Hisense,Air Conditioner,769,37,2026-08-13T02:13:02.931800+00:00
5004-363,Hisense,Air Conditioner,769,37,2026-08-13T02:13:02.931800+00:00
5004-364,Hisense,Air Conditioner,769,37,2026-08-13T02:13:02.931800+00:00
5004-365,Hisense,Air Conditioner,769,37,2026-08-13T02:13:02.931800+00:00
5004-366,Hisense,Air Conditioner,769,37,2026-08-13T02:13:02.931800+00:00
5004-367,Hisense,Air Conditioner,769,37,2026-08-13T02:13:02.931800+00:00
5004-368,Hisense,Air Conditioner,769,37,2026-08-13T02:13:02.931800+00:00
5004-369,Hisense,Air Conditioner,769,37,2026-08-13T02:13:02.931800+00:00
5004-370,Hisense,Air Conditioner,769,37,2026-08-13T02:13:02.931800+00:00
5004-371,Hisense,Air Conditioner,769,37,2026-08-13T02:13:02.931800+00:00
5004-372,Hisense,Air Conditioner,769,37,2026-08-13T02:13:02.931800+00:00
5004-373,Hisense,Air Conditioner,769,37,2026-08-13T02:13:02.931800+00:00
5004-5377,Hisense,Dehumidifier,43,15,2026-08-13T02:13:02.931800+00:00
5004-5378,Hisense,Dehumidifier,43,15,2026-08-13T02:13:02.931800+00:00
5004-5379,Hisense,Dehumidifier,43,15,2026-08-13T02:13:02.931800+00:00
5004-5380,Hisense,Dehumidifier,43,15,2026-08-13T02:13:02.931800+00:00
5004-5381,Hisense,Dehumidifier,43,15,2026-08-13T02:13:02.931800+00:00
5004-5382,Hisense,Dehumidifier,43,15,2026-08-13T02:13:02.931800+00:00
5004-5383,Hisense,Dehumidifier,43,15,2026-08-13T02:13:02.931800+00:00
5004-5384,Hisense,Dehumidifier,43,15,2026-08-13T02:13:02.931800+00:00
5004-5385,Hisense,Dehumidifier,43,15,2026-08-13T02:13:02.931800+00:00
5004-5386,Hisense,Dehumidifier,43,15,2026-08-13T02:13:02.931800+00:00
5004-5387,Hisense,Dehumidifier,43,15,2026-08-13T02:13:02.931800+00:00
5004-5388,Hisense,Dehumidifier,43,15,2026-08-13T02:13:02.931800+00:00
5004-5389,Hisense,Dehumidifier,43,15,2026-08-13T02:13:02.931800+00:00
5004-5390,Hisense,Dehumidifier,43,15,2026-08-13T02:13:02.931800+00:00
5004-5391,Hisense,Dehumidifier,43,15,2026-08-13T02:13:02.931800+00:00
5004-5392,Hisense,Dehumidifier,43,15,2026-08-13T02:13:02.931800+00:00
5004-5393,Hisense,Dehumidifier,43,15,2026-08-13T02:13:02.931800+00:00
5004-5394,Hisense,Dehumidifier,43,15,2026-08-13T02:13:02.931800+00:00
5004-5395,Hisense,Dehumidifier,43,15,2026-08-13T02:13:02.931800+00:00
5004-5396,Hisense,Dehumidifier,43,15,2026-08-13T02:13:02.931800+00:00
5004-5397,Hisense,Dehumidifier,43,15,2026-08-13T02:13:02.931800+00:00
5004-6666,Hisense,Window Type Air Conditioners,769,12,2026-08-13T02:13:02.931800+00:00
5004-13825,Hisense,Air Conditioner,769,36,2026-08-13T02:13:02.931800+00:00
5004-13826,Hisense,Air Conditioner,769,36,2026-08-13T02:13:02.931800+00:00
5004-13827,Hisense,Air Conditioner,769,36,2026-08-13T02:13:02.931800+00:00
5004-13828,Hisense,Air Conditioner,769,36,2026-08-13T02:13:02.931800+00:00
5004-13829,Hisense,Air Conditioner,769,36,2026-08-13T02:13:02.931800+00:00
5004-13830,Hisense,Air Conditioner,769,36,2026-08-13T02:13:02.931800+00:00
5004-13831,Hisense,Air Conditioner,769,36,2026-08-13T02:13:02.931800+00:00
5004-13832,Hisense,Air Conditioner,769,36,2026-08-13T02:13:02.931800+00:00
5004-13833,Hisense,Air Conditioner,769,36,2026-08-13T02:13:02.931800+00:00
5004-13834,Hisense,Air Conditioner,769,36,2026-08-13T02:13:02.931800+00:00
5004-13835,Hisense,Air Conditioner,769,36,2026-08-13T02:13:02.931800+00:00
5004-13836,Hisense,Air Conditioner,769,36,2026-08-13T02:13:02.931800+00:00
5004-13837,Hisense,Air Conditioner,769,36,2026-08-13T02:13:02.931800+00:00
5004-13838,Hisense,Air Conditioner,769,36,2026-08-13T02:13:02.931800+00:00
5004-13839,Hisense,Air Conditioner,769,36,2026-08-13T02:13:02.931800+00:00
5004-13840,Hisense,Air Conditioner,769,36,2026-08-13T02:13:02.931800+00:00
5004-13841,Hisense,Air Conditioner,769,36,2026-08-13T02:13:02.931800+00:00
5004-13842,Hisense,Air Conditioner,769,36,2026-08-13T02:13:02.931800+00:00
5004-13843,Hisense,Air Conditioner,769,36,2026-08-13T02:13:02.931800+00:00
5004-13844,Hisense,Air Conditioner,769,36,2026-08-13T02:13:02.931800+00:00
5004-13845,Hisense,Air Conditioner,769,36,2026-08-13T02:13:02.931800+00:00
5004-13846,Hisense,Air Conditioner,769,36,2026-08-13T02:13:02.931800+00:00
5004-13847,Hisense,Air Conditioner,769,36,2026-08-13T02:13:02.931800+00:00
5004-13848,Hisense,Air Conditioner,769,36,2026-08-13T02:13:02.931800+00:00
5004-13849,Hisense,Air Conditioner,769,36,2026-08-13T02:13:02.931800+00:00
5004-13850,Hisense,Air Conditioner,769,36,2026-08-13T02:13:02.931800+00:00
5004-13851,Hisense,Air Conditioner,769,36,2026-08-13T02:13:02.931800+00:00
5004-13852,Hisense,Air Conditioner,769,36,2026-08-13T02:13:02.931800+00:00
5004-13853,Hisense,Air Conditioner,769,36,2026-08-13T02:13:02.931800+00:00
5004-13854,Hisense,Air Conditioner,769,36,2026-08-13T02:13:02.931800+00:00
5004-13855,Hisense,Air Conditioner,769,36,2026-08-13T02:13:02.931800+00:00
5004-13856,Hisense,Air Conditioner,769,36,2026-08-13T02:13:02.931800+00:00
5004-13857,Hisense,Air Conditioner,769,36,2026-08-13T02:13:02.931800+00:00
5004-13858,Hisense,Air Conditioner,769,36,2026-08-13T02:13:02.931800+00:00
5004-13859,Hisense,Air Conditioner,769,36,2026-08-13T02:13:02.931800+00:00
5004-13860,Hisense,Air Conditioner,769,36,2026-08-13T02:13:02.931800+00:00
5004-13861,Hisense,Air Conditioner,769,36,2026-08-13T02:13:02.931800+00:00
5004-13862,Hisense,Air Conditioner,769,36,2026-08-13T02:13:02.931800+00:00
5004-13863,Hisense,Air Conditioner,769,36,2026-08-13T02:13:02.931800+00:00
5004-13864,Hisense,Air Conditioner,769,36,2026-08-13T02:13:02.931800+00:00
5004-13865,Hisense,Air Conditioner,769,36,2026-08-13T02:13:02.931800+00:00
5004-13866,Hisense,Air Conditioner,769,36,2026-08-13T02:13:02.931800+00:00
5004-13867,Hisense,Air Conditioner,769,36,2026-08-13T02:13:02.931800+00:00
5004-13868,Hisense,Air Conditioner,769,36,2026-08-13T02:13:02.931800+00:00
5004-13869,Hisense,Air Conditioner,769,36,2026-08-13T02:13:02.931800+00:00
5004-13870,Hisense,Air Conditioner,769,36,2026-08-13T02:13:02.931800+00:00
5004-13871,Hisense,Air Conditioner,769,36,2026-08-13T02:13:02.931800+00:00
5004-13872,Hisense,Air Conditioner,769,36,2026-08-13T02:13:02.931800+00:00
5004-13873,Hisense,Air Conditioner,769,36,2026-08-13T02:13:02.931800+00:00
5004-13874,Hisense,Air Conditioner,769,36,2026-08-13T02:13:02.931800+00:00
5004-13875,Hisense,Air Conditioner,769,36,2026-08-13T02:13:02.931800+00:00
5004-13876,Hisense,Air Conditioner,769,36,2026-08-13T02:13:02.931800+00:00
5004-13877,Hisense,Air Conditioner,769,36,2026-08-13T02:13:02.931800+00:00
5004-13878,Hisense,Air Conditioner,769,36,2026-08-13T02:13:02.931800+00:00
5004-13879,Hisense,Air Conditioner,769,36,2026-08-13T02:13:02.931800+00:00
5004-13880,Hisense,Air Conditioner,769,36,2026-08-13T02:13:02.931800+00:00
5004-13881,Hisense,Air Conditioner,769,36,2026-08-13T02:13:02.931800+00:00
5004-13882,Hisense,Air Conditioner,769,36,2026-08-13T02:13:02.931800+00:00
5004-13883,Hisense,Air Conditioner,769,36,2026-08-13T02:13:02.931800+00:00
5004-13884,Hisense,Air Conditioner,769,36,2026-08-13T02:13:02.931800+00:00
5004-13885,Hisense,Air Conditioner,769,36,2026-08-13T02:13:02.931800+00:00
5004-13886,Hisense,Air Conditioner,769,36,2026-08-13T02:13:02.931800+00:00
5004-13887,Hisense,Air Conditioner,769,36,2026-08-13T02:13:02.931800+00:00
5004-13888,Hisense,Air Conditioner,769,36,2026-08-13T02:13:02.931800+00:00
5004-13889,Hisense,Air Conditioner,769,36,2026-08-13T02:13:02.931800+00:00
5004-13890,Hisense,Air Conditioner,769,36,2026-08-13T02:13:02.931800+00:00
5004-13891,Hisense,Air Conditioner,769,36,2026-08-13T02:13:02.931800+00:00
5004-13892,Hisense,Air Conditioner,769,36,2026-08-13T02:13:02.931800+00:00
5004-13893,Hisense,Air Conditioner,769,36,2026-08-13T02:13:02.931800+00:00
5004-13894,Hisense,Air Conditioner,769,36,2026-08-13T02:13:02.931800+00:00
5004-13895,Hisense,Air Conditioner,769,36,2026-08-13T02:13:02.931800+00:00
5004-13896,Hisense,Air Conditioner,769,36,2026-08-13T02:13:02.931800+00:00
5004-13897,Hisense,Air Conditioner,769,36,2026-08-13T02:13:02.931800+00:00
5004-13898,Hisense,Air Conditioner,769,36,2026-08-13T02:13:02.931800+00:00
5004-13899,Hisense,Air Conditioner,769,36,2026-08-13T02:13:02.931800+00:00
5004-13900,Hisense,Air Conditioner,769,36,2026-08-13T02:13:02.931800+00:00
5004-13901,Hisense,Air Conditioner,769,36,2026-08-13T02:13:02.931800+00:00
5004-13902,Hisense,Air Conditioner,769,36,2026-08-13T02:13:02.931800+00:00
5004-13903,Hisense,Air Conditioner,769,36,2026-08-13T02:13:02.931800+00:00
5004-13904,Hisense,Air Conditioner,769,36,2026-08-13T02:13:02.931800+00:00
5004-13905,Hisense,Air Conditioner,769,36,2026-08-13T02:13:02.931800+00:00
5004-13906,Hisense,Air Conditioner,769,36,2026-08-13T02:13:02.931800+00:00
5004-13907,Hisense,Air Conditioner,769,36,2026-08-13T02:13:02.931800+00:00
5004-13908,Hisense,Air Conditioner,769,36,2026-08-13T02:13:02.931800+00:00
5004-13909,Hisense,Air Conditioner,769,36,2026-08-13T02:13:02.931800+00:00
5004-13910,Hisense,Air Conditioner,769,36,2026-08-13T02:13:02.931800+00:00
5004-13911,Hisense,Air Conditioner,769,36,2026-08-13T02:13:02.931800+00:00
5004-13912,Hisense,Air Conditioner,769,36,2026-08-13T02:13:02.931800+00:00
5004-13913,Hisense,Air Conditioner,769,36,2026-08-13T02:13:02.931800+00:00
5004-13914,Hisense,Air Conditioner,769,36,2026-08-13T02:13:02.931800+00:00
5009-257,Kasa,"Kasa Smart Wifi Plug, Energy Monitoring",266,KP125M,2026-08-13T02:13:02.931800+00:00
5009-258,Kasa,Kasa Smart Outdoor Plug,266,EP40M,2026-08-13T02:13:02.931800+00:00
5009-513,Kasa,Kasa Smart Wi-Fi Light Switch,256,KS205,2026-08-13T02:13:02.931800+00:00
5009-514,Kasa,Kasa Smart Wi-Fi Dimmer Switch,257,KS225,2026-08-13T02:13:02.931800+00:00
5009-515,Kasa,Smart Wi-Fi Dimmer Fan,257,KS240,2026-08-13T02:13:02.931800+00:00
5009-1025,Kasa,Kasa Smart IoT Hub,14,KH100,2026-08-13T02:13:02.931800+00:00
5010-257,Tapo,Tapo Smart Plug,266,P100M,2026-08-13T02:13:02.931800+00:00
5010-258,Tapo,Tapo Smart Wi-Fi Outlet Extender,266,P306,2026-08-13T02:13:02.931800+00:00
5010-259,Tapo,"Tapo Smart Plug, Energy Monitoring",266,P110M,2026-08-13T02:13:02.931800+00:00
5010-260,Tapo,"Tapo Smart Plug, Energy Monitoring",266,P110M,2026-08-13T02:13:02.931800+00:00
5010-261,Tapo,"Tapo Smart Plug, Energy Monitoring",266,P110M,2026-08-13T02:13:02.931800+00:00
5010-262,Tapo,"Tapo Smart Plug, Energy Monitoring",266,P110M,2026-08-13T02:13:02.931800+00:00
5010-263,Tapo,"Tapo Smart Plug, Energy Monitoring",266,P110M,2026-08-13T02:13:02.931800+00:00
5010-264,Tapo,"Tapo Smart Plug, Energy Monitoring",266,P110M,2026-08-13T02:13:02.931800+00:00
5010-265,Tapo,"Tapo Smart Plug, Energy Monitoring",266,P110M,2026-08-13T02:13:02.931800+00:00
5010-266,Tapo,"Tapo Smart Plug, Energy Monitoring",266,P110M,2026-08-13T02:13:02.931800+00:00
5010-267,Tapo,"Tapo Smart Plug, Energy Monitoring",266,P110M,2026-08-13T02:13:02.931800+00:00
5010-268,Tapo,"Tapo Smart Plug, Energy Monitoring",266,P110M,2026-08-13T02:13:02.931800+00:00
5010-269,Tapo,Tapo Smart Power Strip,266,P300M,2026-08-13T02:13:02.931800+00:00
5010-270,Tapo,"Tapo Mini Smart Wi-Fi Plug, Energy Monitoring",266,P115M,2026-08-13T02:13:02.931800+00:00
5010-271,Tapo,Tapo Smart Power Strip,266,P304M,2026-08-13T02:13:02.931800+00:00
5010-273,Tapo,Tapo Smart Wi-Fi In-wall Outlet,266,P210M,2026-08-13T02:13:02.931800+00:00
5010-274,Tapo,Smart Wi-Fi Power Strip,266,P316M,2026-08-13T02:13:02.931800+00:00
5010-275,Tapo,Smart Outdoor Plug-In Dimmer,267,P430M,2026-08-13T02:13:02.931800+00:00
5010-276,Tapo,Smart Wi-Fi Outdoor Plug,266,P410M,2026-08-13T02:13:02.931800+00:00
5010-277,Tapo,Tapo Smart Switch Module,266,S110E,2026-08-13T02:13:02.931800+00:00
5010-278,Tapo,"Mini Smart Wi-Fi Plug, Energy Monitoring",266,P116M,2026-08-13T02:13:02.931800+00:00
5010-279,Tapo,"Mini Smart Wi-Fi Plug, Energy Monitoring",266,P116M,2026-08-13T02:13:02.931800+00:00
5010-513,Tapo,Tapo Smart Wi-Fi Light Switch,256,S515,2026-08-13T02:13:02.931800+00:00
5010-514,Tapo,"Tapo Smart Wi-Fi Dimmer Switch, 3-way kit",257,S515D,2026-08-13T02:13:02.931800+00:00
5010-515,Tapo,Tapo Smart Switch Module,256,S110E,2026-08-13T02:13:02.931800+00:00
5010-516,Tapo,Tapo Smart Wi-Fi Light Switch,256,S600,2026-08-13T02:13:02.931800+00:00
5010-517,Tapo,Tapo Smart Wi-Fi Dimmer Switch,257,S600D,2026-08-13T02:13:02.931800+00:00
5010-519,Tapo,Presence sensor dimmer switch,257,S535D,2026-08-13T02:13:02.931800+00:00
5010-520,Tapo,Tapo Smart Wi-Fi Light Switch,256,S610,2026-08-13T02:13:02.931800+00:00
5010-521,Tapo,Tapo Smart Wi-Fi Dimmer Switch,257,S610D,2026-08-13T02:13:02.931800+00:00
5010-769,Tapo,Smart Multicolor Bulb,269,L535E,2026-08-13T02:13:02.931800+00:00
5010-770,Tapo,Smart Recessed Downlight,268,L730,2026-08-13T02:13:02.931800+00:00
5010-772,Tapo,Smart Wi-Fi Light Bulb,268,L550E,2026-08-13T02:13:02.931800+00:00
5010-773,Tapo,Smart Wi-Fi Light Strip,257,L901,2026-08-13T02:13:02.931800+00:00
5010-1025,Tapo,Tapo Smart IoT Hub,14,H100,2026-08-13T02:13:02.931800+00:00
5010-1026,Tapo,Tapo Smart Hub,14,H200,2026-08-13T02:13:02.931800+00:00
5010-1027,Tapo,Smart HomeBase,14,H500,2026-08-13T02:13:02.931800+00:00
5010-1028,Tapo,Tapo Smart IoT & IR Hub,14,H110,2026-08-13T02:13:02.931800+00:00
5010-1029,Tapo,Tapo Smart Relay Module,14,S112,2026-08-13T02:13:02.931800+00:00
5010-1793,Tapo,Robot Vacuum Cleaner,116,RV20 MAX,2026-08-13T02:13:02.931800+00:00
5010-1794,Tapo,Robot Vacuum Cleaner,116,RV30 MAX,2026-08-13T02:13:02.931800+00:00
5010-1795,Tapo,Robot Vacuum & Mop + All-in-One Dock,116,Tapo RV50 Omni,2026-08-13T02:13:02.931800+00:00
5010-1796,Tapo,Robot Vacuum & Mop + All-in-One Dock,116,Tapo RV50 Plus Omni,2026-08-13T02:13:02.931800+00:00
5010-1797,Tapo,Robot Vacuum & Mop + All-in-One Dock,116,Tapo RV50 Pro Omni,2026-08-13T02:13:02.931800+00:00
5010-1800,Tapo,Robot Vacuum Cleaner,116,RV30 Max Gen2,2026-08-13T02:13:02.931800+00:00
5010-2049,Tapo,Tapo Security Camera,322,C260,2026-08-13T02:13:02.931800+00:00
5010-2050,Tapo,Tapo Security Camera,322,C660,2026-08-13T02:13:02.931800+00:00
5010-2051,Tapo,Tapo Security Camera,322,C560WS,2026-08-13T02:13:02.931800+00:00
5014-1082,AiDot,Air Purifier,45,P200 Pro,2026-08-13T02:13:02.931800+00:00
5014-1088,AiDot,Air Purifier,45,P100 Pro,2026-08-13T02:13:02.931800+00:00
5014-4096,AiDot,Linkind LED Light Strip EL6,269,LS0600116260S,2026-08-13T02:13:02.931800+00:00
5014-4097,AiDot,OREiN Bath Fan OL05S,43,OA08004112,2026-08-13T02:13:02.931800+00:00
5014-4098,AiDot,Consciot Smart Ceiling Fan,43,CFL00174,2026-08-13T02:13:02.931800+00:00
5014-4099,AiDot,Linkind Smart Plug,266,LC09003258,2026-08-13T02:13:02.931800+00:00
5014-4100,AiDot,Linkind Smart Plug-EU,266,LC09003262,2026-08-13T02:13:02.931800+00:00
5014-4101,AiDot,Linkind Smart Plug with Light,266,LC09003260,2026-08-13T02:13:02.931800+00:00
5014-4102,AiDot,Linkind Smart Plug-UK,266,LC09003264,2026-08-13T02:13:02.931800+00:00
5014-4103,AiDot,Linkind Smart Plug with Light-EU,266,LC09003266,2026-08-13T02:13:02.931800+00:00
5014-4104,AiDot,Linkind Smart Plug with Light-UK,266,LC09003268,2026-08-13T02:13:02.931800+00:00
5014-4105,AiDot,Consciot Smart Ceiling Fan,43,CFL00175,2026-08-13T02:13:02.931800+00:00
5014-4106,AiDot,Consciot Smart Ceiling Fan,43,CFL00176,2026-08-13T02:13:02.931800+00:00
5014-4107,AiDot,Consciot Smart Ceiling Fan,43,CFL00177,2026-08-13T02:13:02.931800+00:00
5014-4116,AiDot,Linkind Smart Light Bulb,269,LS0125041897,2026-08-13T02:13:02.931800+00:00
5014-4117,AiDot,Linkind Smart Filament Bulb,269,LS0125041891,2026-08-13T02:13:02.931800+00:00
5014-4118,AiDot,Linkind Smart Filament Bulb,269,LS0125041893,2026-08-13T02:13:02.931800+00:00
5014-4119,AiDot,Linkind Smart Filament Bulb,269,LS0125041894,2026-08-13T02:13:02.931800+00:00
5014-4120,AiDot,Linkind Smart Light Bulb,268,LS0102411267,2026-08-13T02:13:02.931800+00:00
5014-4158,AiDot,Linkind Smart Ceiling Fan,43,LFL00148,2026-08-13T02:13:02.931800+00:00
5014-4160,AiDot,Linkind Smart Ceiling Fan,43,LFL00150,2026-08-13T02:13:02.931800+00:00
5014-4164,AiDot,Linkind Smart Light Bulb,269,LS0125041896,2026-08-13T02:13:02.931800+00:00
5014-4165,AiDot,Linkind Smart Downlight,269,LS0125041895,2026-08-13T02:13:02.931800+00:00
5014-4175,AiDot,Linkind Smart Light Bulb,269,LS0101811266,2026-08-13T02:13:02.931800+00:00
5014-4214,AiDot,Linkind Smart Light Bulb,269,LS0125041897A,2026-08-13T02:13:02.931800+00:00
5014-4215,AiDot,Linkind Smart Light Bulb,269,LS0125041896A,2026-08-13T02:13:02.931800+00:00
5014-4216,AiDot,Linkind Smart Downlight,269,LS0125041895A,2026-08-13T02:13:02.931800+00:00
5014-4218,AiDot,Linkind Smart Filament Bulb,269,LS0125041891A,2026-08-13T02:13:02.931800+00:00
5014-4220,AiDot,Linkind Smart Filament Bulb,269,LS0125041893A,2026-08-13T02:13:02.931800+00:00
5014-4221,AiDot,Linkind Smart Filament Bulb,269,LS0125041894A,2026-08-13T02:13:02.931800+00:00
5014-4223,AiDot,Linkind Smart Light Bulb,269,LS0125051882A,2026-08-13T02:13:02.931800+00:00
5014-4224,AiDot,Linkind Smart Light Bulb,269,LS0125051883A,2026-08-13T02:13:02.931800+00:00
5014-4226,AiDot,Linkind Smart Light Bulb,269,LS0125051885A,2026-08-13T02:13:02.931800+00:00
5014-4227,AiDot,Linkind Smart Light Bulb,269,LS0125051886A,2026-08-13T02:13:02.931800+00:00
5014-4245,AiDot,OREiN Bath Fan OA115,43,OA08001115,2026-08-13T02:13:02.931800+00:00
5014-4246,AiDot,OREiN Bath Fan OL182,43,OL1700182,2026-08-13T02:13:02.931800+00:00
5014-4247,AiDot,OREiN Bath Fan OL282,43,OL1700282,2026-08-13T02:13:02.931800+00:00
5014-4257,AiDot,Linkind Smart Filament Bulb,268,LS010127266,2026-08-13T02:13:02.931800+00:00
5014-4269,AiDot,OREiN Smart Filament Bulb,268,OS010107267,2026-08-13T02:13:02.931800+00:00
5014-4271,AiDot,Linkind Smart Light Bulb,269,LS0102603211A,2026-08-13T02:13:02.931800+00:00
5014-4272,AiDot,Linkind Smart Light Bulb,269,LS0102603212A,2026-08-13T02:13:02.931800+00:00
5014-4273,AiDot,Linkind Smart Ceiling Light,269,LKCL51420,2026-08-13T02:13:02.931800+00:00
5014-4274,AiDot,Linkind Smart Ceiling Light,269,LKCL51421,2026-08-13T02:13:02.931800+00:00
5014-4568,AiDot,Linkind SmartLink Hub,14,LKGW20032,2026-08-13T02:13:02.931800+00:00
5014-4569,AiDot,Linkind Smart Flame Bulb,269,LS026081201A,2026-08-13T02:13:02.931800+00:00
5014-4574,AiDot,Linkind Light Stick T19,269,LKBC6002,2026-08-13T02:13:02.931800+00:00
5014-4576,AiDot,Linkind Light Stick T19,269,LKBC6004,2026-08-13T02:13:02.931800+00:00
5014-4578,AiDot,Linkind Light Stick T19,269,LKBC6006,2026-08-13T02:13:02.931800+00:00
5014-4586,AiDot,Linkind outdoor wall light,269,LKOL6001,2026-08-13T02:13:02.931800+00:00
5014-4623,AiDot,Linkind Smart Permanent Outdoor Lights,269,LKHP501,2026-08-13T02:13:02.931800+00:00
5014-4624,AiDot,Linkind Smart Permanent Outdoor Lights ,269,LKHP601,2026-08-13T02:13:02.931800+00:00
5014-4625,AiDot,Linkind Smart Permanent Outdoor Lights ,269,LKHP6X01,2026-08-13T02:13:02.931800+00:00
5014-4629,AiDot,Linkind Smart Outdoor String Lights,269,LKST6PL144,2026-08-13T02:13:02.931800+00:00
5014-4638,AiDot,Linkind Smart String Lights,269,LKHT401,2026-08-13T02:13:02.931800+00:00
5014-4642,AiDot,Linkind Smart Permanent Outdoor Lights,269,LKHP402,2026-08-13T02:13:02.931800+00:00
5014-4713,AiDot,Linkind Smart Outdoor Plug,266,LKMP6001A,2026-08-13T02:13:02.931800+00:00
5014-4714,AiDot,Linkind Smart Outdoor Plug,266,LKMP6001,2026-08-13T02:13:02.931800+00:00
5014-4740,AiDot,Linkind Smart String Lights,269,LKHT4S01,2026-08-13T02:13:02.931800+00:00
5014-4741,AiDot,Linkind Smart String Lights,269,LKHT301,2026-08-13T02:13:02.931800+00:00
5015-2023,SwitchBot,Hub 2,14,W3202100,2026-08-13T02:13:02.931800+00:00
5015-2024,SwitchBot,Hub Mini,14,W0202203,2026-08-13T02:13:02.931800+00:00
5015-2025,SwitchBot,SwitchBot Relay Switch 1,14,W5502300,2026-08-13T02:13:02.931800+00:00
5015-2026,SwitchBot,SwitchBot Relay Switch 1PM,14,W5502310,2026-08-13T02:13:02.931800+00:00
5015-2027,SwitchBot,SwitchBot Hub 3,14,W7202100,2026-08-13T02:13:02.931800+00:00
5015-2028,SwitchBot,K10+ Pro Combo,116,1,2026-08-13T02:13:02.931800+00:00
5015-2029,SwitchBot,K20+ Pro,116,1,2026-08-13T02:13:02.931800+00:00
5015-2030,SwitchBot,S10,116,1,2026-08-13T02:13:02.931800+00:00
5015-2031,SwitchBot,SwitchBot Relay Switch 2PM,14,W5502320,2026-08-13T02:13:02.931800+00:00
5015-2033,SwitchBot,SwitchBot Air Purifier,45,W5302301,2026-08-13T02:13:02.931800+00:00
5015-2034,SwitchBot,SwitchBot Air Purifier,45,W5302300,2026-08-13T02:13:02.931800+00:00
5015-2036,SwitchBot,SwitchBot Air Purifier,45,W5302311,2026-08-13T02:13:02.931800+00:00
5015-2037,SwitchBot,SwitchBot Air Purifier,45,W5302310,2026-08-13T02:13:02.931800+00:00
5015-2039,SwitchBot,SwitchBot Floor Lamp,269,W1702100,2026-08-13T02:13:02.931800+00:00
5015-2040,SwitchBot,SwitchBot Light,269,W1702110,2026-08-13T02:13:02.931800+00:00
5015-2041,SwitchBot,SwitchBot Floor Cleaning Robot S20,116,1,2026-08-13T02:13:02.931800+00:00
5015-2042,SwitchBot,SwitchBot Lock Pro,10,W8102000,2026-08-13T02:13:02.931800+00:00
5015-2043,SwitchBot,SwitchBot Robot Vacuum K11+,116,1,2026-08-13T02:13:02.931800+00:00
5015-2044,SwitchBot,SwitchBot Video Doorbell Monitor,14,1,2026-08-13T02:13:02.931800+00:00
5015-2045,SwitchBot,SwitchBot Evaporative Humidifier,43,1,2026-08-13T02:13:02.931800+00:00
5015-2046,SwitchBot,SwitchBot AI Hub,14,1,2026-08-13T02:13:02.931800+00:00
5015-2047,SwitchBot,SwitchBot Lock Vision,10,1,2026-08-13T02:13:02.931800+00:00
5015-2050,SwitchBot,SwitchBot Circulator Fan,43,1,2026-08-13T02:13:02.931800+00:00
5015-2052,SwitchBot,SwitchBot Robot Vacuum K11+ Pro,116,1,2026-08-13T02:13:02.931800+00:00
5015-2053,SwitchBot,SwitchBot AI Hub Show,14,1,2026-08-13T02:13:02.931800+00:00
5019-269,ITIUS,ITIUS E27 RGB+CCT,257,-,2026-08-13T02:13:02.931800+00:00
5019-270,ITIUS,ITIUS Lights,257,-,2026-08-13T02:13:02.931800+00:00
5020-903,Zemismart Technology Limited,Zemismart M1 Hub,14,M1,2026-08-13T02:13:02.931800+00:00
5020-904,Zemismart Technology Limited,Zemismart M6 Hub,14,M6,2026-08-13T02:13:02.931800+00:00
5020-1025,Zemismart Technology Limited,Zemismart Hub,14,M1 Pro,2026-08-13T02:13:02.931800+00:00
5020-1026,Zemismart Technology Limited,Zemismart Hub,14,M7,2026-08-13T02:13:02.931800+00:00
5020-1040,Zemismart Technology Limited,Zemismart Smart Lighting,269,MTL3,2026-08-13T02:13:02.931800+00:00
5020-5020,Zemismart Technology Limited,Zemismart Smart Curtain,514,ZM25A,2026-08-13T02:13:02.931800+00:00
5020-43777,Zemismart Technology Limited,Zemismart WiFi Smart Switch,259,ZM606-6,2026-08-13T02:13:02.931800+00:00
5020-43778,Zemismart Technology Limited,Zemismart WiFi Smart Switch,259,ZM606-1,2026-08-13T02:13:02.931800+00:00
5020-43779,Zemismart Technology Limited,Zemismart WiFi Smart Switch,259,ZM606-2,2026-08-13T02:13:02.931800+00:00
5020-43780,Zemismart Technology Limited,Zemismart WiFi Smart Switch,259,ZM606-3,2026-08-13T02:13:02.931800+00:00
5020-43781,Zemismart Technology Limited,Zemismart WiFi Smart Switch,259,ZM606-4,2026-08-13T02:13:02.931800+00:00
5020-43783,Zemismart Technology Limited,Zemismart WiFi Smart Switch,259,ZM608-1,2026-08-13T02:13:02.931800+00:00
5020-43784,Zemismart Technology Limited,Zemismart WiFi Smart Switch,259,ZM608-2,2026-08-13T02:13:02.931800+00:00
5020-43799,Zemismart Technology Limited,Zemismart WiFi Smart Switch,259,ZM106-1,2026-08-13T02:13:02.931800+00:00
5020-43800,Zemismart Technology Limited,Zemismart WiFi Smart Switch,259,ZM106-2,2026-08-13T02:13:02.931800+00:00
5020-43801,Zemismart Technology Limited,Zemismart WiFi Smart Switch,259,ZM106-3,2026-08-13T02:13:02.931800+00:00
5020-43811,Zemismart Technology Limited,Zemismart WiFi Smart Switch,259,ZM101-1,2026-08-13T02:13:02.931800+00:00
5020-43812,Zemismart Technology Limited,Zemismart WiFi Smart Switch,259,ZM101-2,2026-08-13T02:13:02.931800+00:00
5020-43813,Zemismart Technology Limited,Zemismart WiFi Smart Switch,259,ZM101-3,2026-08-13T02:13:02.931800+00:00
5020-43825,Zemismart Technology Limited,Zemismart WiFi Smart Switch,259,ZM202-4,2026-08-13T02:13:02.931800+00:00
5020-43826,Zemismart Technology Limited,Zemismart WiFi Smart Switch,259,ZM202-1,2026-08-13T02:13:02.931800+00:00
5020-43827,Zemismart Technology Limited,Zemismart WiFi Smart Switch,259,ZM202-2,2026-08-13T02:13:02.931800+00:00
5020-43828,Zemismart Technology Limited,Zemismart WiFi Smart Switch,259,ZM202-3,2026-08-13T02:13:02.931800+00:00
5020-43831,Zemismart Technology Limited,Zemismart WiFi Smart Switch,259,ZM206-4,2026-08-13T02:13:02.931800+00:00
5020-43832,Zemismart Technology Limited,Zemismart WiFi Smart Switch,259,ZM206-1,2026-08-13T02:13:02.931800+00:00
5020-43833,Zemismart Technology Limited,Zemismart WiFi Smart Switch,259,ZM206-2,2026-08-13T02:13:02.931800+00:00
5020-43840,Zemismart Technology Limited,Zemismart WiFi Smart Switch,259,ZM206-3,2026-08-13T02:13:02.931800+00:00
5020-43842,Zemismart Technology Limited,Zemismart WiFi Smart Switch,259,ZM808-4,2026-08-13T02:13:02.931800+00:00
5020-43843,Zemismart Technology Limited,Zemismart WiFi Smart Switch,259,ZM808-1,2026-08-13T02:13:02.931800+00:00
5020-43844,Zemismart Technology Limited,Zemismart WiFi Smart Switch,259,ZM808-2,2026-08-13T02:13:02.931800+00:00
5020-43845,Zemismart Technology Limited,Zemismart WiFi Smart Switch,259,ZM808-3,2026-08-13T02:13:02.931800+00:00
5020-43865,Zemismart Technology Limited,Zemismart Switches with Outlet,259,ZMS3,2026-08-13T02:13:02.931800+00:00
5020-44033,Zemismart Technology Limited,Zemismart WIFI Smart Switch,256,ZM606-6,2026-08-13T02:13:02.931800+00:00
5020-44034,Zemismart Technology Limited,Zemismart WIFI Smart Switch,256,ZM606-1,2026-08-13T02:13:02.931800+00:00
5020-44035,Zemismart Technology Limited,Zemismart WIFI Smart Switch,256,ZM606-2,2026-08-13T02:13:02.931800+00:00
5020-44036,Zemismart Technology Limited,Zemismart WIFI Smart Switch,256,ZM606-3,2026-08-13T02:13:02.931800+00:00
5020-44037,Zemismart Technology Limited,Zemismart WIFI Smart Switch,256,ZM606-4,2026-08-13T02:13:02.931800+00:00
5020-44070,Zemismart Technology Limited,Zemismart iFi Smart Switch,0,ZM806-4,2026-08-13T02:13:02.931800+00:00
5020-44071,Zemismart Technology Limited,Zemismart WiFi Smart Switch,256,ZM806-1,2026-08-13T02:13:02.931800+00:00
5020-44098,Zemismart Technology Limited,Zemismart WiFi Smart Switch,256,ZM808-4,2026-08-13T02:13:02.931800+00:00
5020-44099,Zemismart Technology Limited,Zemismart WiFi Smart Switch,256,ZM808-1,2026-08-13T02:13:02.931800+00:00
5020-44100,Zemismart Technology Limited,Zemismart WiFi Smart Switch,256,ZM808-2,2026-08-13T02:13:02.931800+00:00
5020-44101,Zemismart Technology Limited,Zemismart WiFi Smart Switch,256,ZM808-3,2026-08-13T02:13:02.931800+00:00
5020-44128,Zemismart Technology Limited,Zemismart WIFI Smart Switch,256,ZMH1,2026-08-13T02:13:02.931800+00:00
5020-44129,Zemismart Technology Limited,Zemismart WIFI Smart Switch,256,ZMH2,2026-08-13T02:13:02.931800+00:00
5020-51713,Zemismart Technology Limited,IR Thermostat,769,ZMCIR01,2026-08-13T02:13:02.931800+00:00
5020-53249,Zemismart Technology Limited,Zemismart downlight,269,ZML1,2026-08-13T02:13:02.931800+00:00
5020-53250,Zemismart Technology Limited,Zemismart bulb,269,ZML2,2026-08-13T02:13:02.931800+00:00
5020-53251,Zemismart Technology Limited,Zemismart Light Strip Driver,269,ZML3,2026-08-13T02:13:02.931800+00:00
5020-61154,Zemismart Technology Limited,Zemismart Inline Module,259,ZME2,2026-08-13T02:13:02.931800+00:00
5020-64001,Zemismart Technology Limited,Zemismart Smart Roller Motor,514,ZM25A,2026-08-13T02:13:02.931800+00:00
5020-64004,Zemismart Technology Limited,Zemismart Smart Curtain,514,ZM16A,2026-08-13T02:13:02.931800+00:00
5020-64006,Zemismart Technology Limited,Zemismart Curtain Switch,514,ZM20A,2026-08-13T02:13:02.931800+00:00
5020-64007,Zemismart Technology Limited,Zemismart Curtain Switch,514,ZM22A,2026-08-13T02:13:02.931800+00:00
5020-64017,Zemismart Technology Limited,Zemismart Smart Curtain,514,ZM25C,2026-08-13T02:13:02.931800+00:00
5020-64018,Zemismart Technology Limited,Zemismart Smart Curtain,514,ZM25D,2026-08-13T02:13:02.931800+00:00
5020-64019,Zemismart Technology Limited,Zemismart Smart Roller Motor,514,ZM25E,2026-08-13T02:13:02.931800+00:00
5020-64023,Zemismart Technology Limited,Zemismart Smart Curtain,514,ZM24A,2026-08-13T02:13:02.931800+00:00
5020-64039,Zemismart Technology Limited,Zemismart Smart Curtain,514,ZM65A,2026-08-13T02:13:02.931800+00:00
5020-64040,Zemismart Technology Limited,Zemismart Smart Curtain,514,ZM82A,2026-08-13T02:13:02.931800+00:00
5020-64049,Zemismart Technology Limited,Zemismart Smart Curtain,514,ZM01,2026-08-13T02:13:02.931800+00:00
5020-64050,Zemismart Technology Limited,Zemismart Smart Curtain,514,ZM02,2026-08-13T02:13:02.931800+00:00
5020-64257,Zemismart Technology Limited,Zemismart Roller Shade Driver,514,MTP1,2026-08-13T02:13:02.931800+00:00
5020-64261,Zemismart Technology Limited,Zemismart Roller Shade Driver,514,MT25B,2026-08-13T02:13:02.931800+00:00
5020-65281,Zemismart Technology Limited,Zemismart Smart Curtain,514,MT01,2026-08-13T02:13:02.931800+00:00
5020-65283,Zemismart Technology Limited,Zemismart Smart Curtain,514,MT03,2026-08-13T02:13:02.931800+00:00
5020-65296,Zemismart Technology Limited,Zemismart Smart Curtain,514,MT82,2026-08-13T02:13:02.931800+00:00
5020-65297,Zemismart Technology Limited,Zemismart Thread Roller Motor,514,MT15,2026-08-13T02:13:02.931800+00:00
5020-65301,Zemismart Technology Limited,Zemismart Thread Roller Motor,514,MT25A,2026-08-13T02:13:02.931800+00:00
5020-65376,Zemismart Technology Limited,Zemismart MT25B Roller Motor,514,MT25B,2026-08-13T02:13:02.931800+00:00
5020-65377,Zemismart Technology Limited,Zemismart Thread Curtain Motor,514,MT01A,2026-08-13T02:13:02.931800+00:00
5020-65416,Zemismart Technology Limited,Zemismart Smart Switch,259,MT808,2026-08-13T02:13:02.931800+00:00
5020-65530,Zemismart Technology Limited,Zemismart Motion Detector,263,MTS1,2026-08-13T02:13:02.931800+00:00
5020-65534,Zemismart Technology Limited,Zemismart MT01 Slide Curtain,514,MT01,2026-08-13T02:13:02.931800+00:00
5020-65535,Zemismart Technology Limited,Zemismart Matter Roller Motor,514,ZM25M,2026-08-13T02:13:02.931800+00:00
5022-1,Dyson,Purifier Cool De-NOx,45,"541322-01 , 546530-01",2026-08-13T02:13:02.931800+00:00
5022-2,Dyson,Purifier Hot+Cool De-NOx,45,541327-01,2026-08-13T02:13:02.931800+00:00
5022-4,Dyson,Purifier Hot+Cool De-NOx,45,"541329-01,545012-01",2026-08-13T02:13:02.931800+00:00
5022-17,Dyson,Find+Follow Purifier Cool PC3,45,304506-01,2026-08-13T02:13:02.931800+00:00
5022-1001,Dyson,Spot+Scrub Ai robot vacuum,116,586182-01,2026-08-13T02:13:02.931800+00:00
5022-1004,Dyson,Spot+Scrub Ai robot vacuum,116,292800-01,2026-08-13T02:13:02.931800+00:00
5022-8001,Dyson,Purifier Cool De-NOx,45,"544516-01 , 546436-01",2026-08-13T02:13:02.931800+00:00
5022-8002,Dyson,Purifier Cool De-NOx,45,544535-01,2026-08-13T02:13:02.931800+00:00
5022-8003,Dyson,Purifier Cool De-NOx,45,"544536-01 , 602861-01",2026-08-13T02:13:02.931800+00:00
5022-8004,Dyson,Purifier Cool De-NOx,45,"546391-01 , 546531-01",2026-08-13T02:13:02.931800+00:00
5022-8005,Dyson,Purifier Cool De-NOx,45,"546407-01 , 602862-01",2026-08-13T02:13:02.931800+00:00
5022-8006,Dyson,Purifier Cool De-NOx,45,"546420-01 , 602864-01",2026-08-13T02:13:02.931800+00:00
5022-8007,Dyson,Purifier Cool De-NOx,45,546435-01,2026-08-13T02:13:02.931800+00:00
5022-8008,Dyson,Purifier Cool De-NOx,45,546457-01,2026-08-13T02:13:02.931800+00:00
5022-8009,Dyson,Purifier Cool De-NOx,45,"546470-01 , 546478-01",2026-08-13T02:13:02.931800+00:00
5022-8010,Dyson,Purifier Cool De-NOx,45,"546488-01 , 546489-01",2026-08-13T02:13:02.931800+00:00
5022-8011,Dyson,Purifier Cool De-NOx,45,546505-01,2026-08-13T02:13:02.931800+00:00
5022-8012,Dyson,Purifier Cool De-NOx,45,546519-01,2026-08-13T02:13:02.931800+00:00
5022-8013,Dyson,Purifier Cool De-NOx,45,546524-01,2026-08-13T02:13:02.931800+00:00
5022-8014,Dyson,Purifier Cool De-NOx,45,602863-01,2026-08-13T02:13:02.931800+00:00
5022-8015,Dyson,Purifier Cool De-NOx,45,546418-01,2026-08-13T02:13:02.931800+00:00
5022-8016,Dyson,Purifier Cool De-NOx,45,"546442-01 , 546444-01",2026-08-13T02:13:02.931800+00:00
5022-8017,Dyson,Purifier Cool De-NOx,45,"546481-01 , 546485-01",2026-08-13T02:13:02.931800+00:00
5022-8018,Dyson,Purifier Cool De-NOx,45,"546490-01,546500-01",2026-08-13T02:13:02.931800+00:00
5022-8019,Dyson,Purifier Cool De-NOx,45,546529-01,2026-08-13T02:13:02.931800+00:00
5022-8020,Dyson,Purifier Cool De-NOx,45,546555-01,2026-08-13T02:13:02.931800+00:00
5022-8021,Dyson,Purifier Hot+Cool De-NOx,45,"544539-01 , 546245-01",2026-08-13T02:13:02.931800+00:00
5022-8022,Dyson,Purifier Hot+Cool De-NOx,45,"544545-01 , 546269-01",2026-08-13T02:13:02.931800+00:00
5022-8023,Dyson,Purifier Hot+Cool De-NOx,45,"544557-01 , 546367-01",2026-08-13T02:13:02.931800+00:00
5022-8024,Dyson,Purifier Hot+Cool De-NOx,45,"544564-01 , 602845-01",2026-08-13T02:13:02.931800+00:00
5022-8025,Dyson,Purifier Hot+Cool De-NOx,45,"546180-01 , 546202-01",2026-08-13T02:13:02.931800+00:00
5022-8026,Dyson,Purifier Hot+Cool De-NOx,45,"546242-01 , 602847-01",2026-08-13T02:13:02.931800+00:00
5022-8027,Dyson,Purifier Hot+Cool De-NOx,45,"546292-01 , 546294-01",2026-08-13T02:13:02.931800+00:00
5022-8028,Dyson,Purifier Hot+Cool De-NOx,45,"546310-01 , 546313-01",2026-08-13T02:13:02.931800+00:00
5022-8029,Dyson,Purifier Hot+Cool De-NOx,45,"546322-01 , 546327-01",2026-08-13T02:13:02.931800+00:00
5022-8030,Dyson,Purifier Hot+Cool De-NOx,45,"546328-01 , 546330-01",2026-08-13T02:13:02.931800+00:00
5022-8031,Dyson,Purifier Hot+Cool De-NOx,45,"546331-01 , 546354-01",2026-08-13T02:13:02.931800+00:00
5022-8032,Dyson,Purifier Hot+Cool De-NOx,45,"546375-01 , 546376-01",2026-08-13T02:13:02.931800+00:00
5022-8033,Dyson,Purifier Hot+Cool De-NOx,45,"546385-01 , 546388-01",2026-08-13T02:13:02.931800+00:00
5022-8034,Dyson,Purifier Hot+Cool De-NOx,45,602846-01,2026-08-13T02:13:02.931800+00:00
5022-8035,Dyson,Purifier Hot+Cool De-NOx,45,"546228-01,546241-01",2026-08-13T02:13:02.931800+00:00
5022-8036,Dyson,Purifier Hot+Cool De-NOx,45,"546274-01,546280-01",2026-08-13T02:13:02.931800+00:00
5022-8037,Dyson,Purifier Hot+Cool De-NOx,45,546299-01,2026-08-13T02:13:02.931800+00:00
5022-8038,Dyson,Purifier Hot+Cool De-NOx,45,546372-01,2026-08-13T02:13:02.931800+00:00
5022-8041,Dyson,Purifier Hot+Cool De-NOx,45,544583-01,2026-08-13T02:13:02.931800+00:00
5022-8042,Dyson,Purifier Hot+Cool De-NOx,45,544587-01,2026-08-13T02:13:02.931800+00:00
5022-8043,Dyson,Purifier Hot+Cool De-NOx,45,"544589-01,602848-01",2026-08-13T02:13:02.931800+00:00
5022-8044,Dyson,Purifier Hot+Cool De-NOx,45,"544974-01,602849-01",2026-08-13T02:13:02.931800+00:00
5022-8045,Dyson,Purifier Hot+Cool De-NOx,45,544997-01,2026-08-13T02:13:02.931800+00:00
5022-8046,Dyson,Purifier Hot+Cool De-NOx,45,545001-01,2026-08-13T02:13:02.931800+00:00
5022-8047,Dyson,Purifier Hot+Cool De-NOx,45,545004-01,2026-08-13T02:13:02.931800+00:00
5022-8048,Dyson,Purifier Hot+Cool De-NOx,45,545007-01,2026-08-13T02:13:02.931800+00:00
5022-8049,Dyson,Purifier Hot+Cool De-NOx,45,545007-01,2026-08-13T02:13:02.931800+00:00
5022-8091,Dyson,Find+Follow Purifier Cool PC3,45,304909-01,2026-08-13T02:13:02.931800+00:00
5022-8092,Dyson,Find+Follow Purifier Cool PC3,45,491371-01,2026-08-13T02:13:02.931800+00:00
5022-8093,Dyson,Find+Follow Purifier Cool PC3,45,491395-01,2026-08-13T02:13:02.931800+00:00
5022-8094,Dyson,Find+Follow Purifier Cool PC3,45,491425-01,2026-08-13T02:13:02.931800+00:00
5022-8095,Dyson,Find+Follow Purifier Cool PC3,45,491579-01,2026-08-13T02:13:02.931800+00:00
5022-8096,Dyson,Find+Follow Purifier Cool PC3,45,491677-01,2026-08-13T02:13:02.931800+00:00
5022-8097,Dyson,Find+Follow Purifier Cool PC3,45,492195-01,2026-08-13T02:13:02.931800+00:00
5022-8098,Dyson,Find+Follow Purifier Cool PC3,45,492251-01,2026-08-13T02:13:02.931800+00:00
5022-8099,Dyson,Find+Follow Purifier Cool PC3,45,492256-01,2026-08-13T02:13:02.931800+00:00
5022-8100,Dyson,Find+Follow Purifier Cool PC3,45,493034-01,2026-08-13T02:13:02.931800+00:00
5022-8101,Dyson,Find+Follow Purifier Cool PC3,45,493826-01,2026-08-13T02:13:02.931800+00:00
5022-8102,Dyson,Find+Follow Purifier Cool PC3,45,493892-01,2026-08-13T02:13:02.931800+00:00
5022-8103,Dyson,Find+Follow Purifier Cool PC3,45,491639-01,2026-08-13T02:13:02.931800+00:00
5022-8104,Dyson,Find+Follow Purifier Cool PC3,45,493828-01,2026-08-13T02:13:02.931800+00:00
5022-8105,Dyson,Find+Follow Purifier Cool PC3,45,493833-01,2026-08-13T02:13:02.931800+00:00
5022-8106,Dyson,Find+Follow Purifier Cool PC3,45,493839-01,2026-08-13T02:13:02.931800+00:00
5022-8107,Dyson,Find+Follow Purifier Cool PC3,45,491654-01,2026-08-13T02:13:02.931800+00:00
5022-8108,Dyson,Find+Follow Purifier Cool PC3,45,491686-01,2026-08-13T02:13:02.931800+00:00
5022-8109,Dyson,Find+Follow Purifier Cool PC3,45,492271-01,2026-08-13T02:13:02.931800+00:00
5022-8110,Dyson,Find+Follow Purifier Cool PC3,45,493827-01,2026-08-13T02:13:02.931800+00:00
5022-8111,Dyson,Find+Follow Purifier Cool PC3,45,493830-01,2026-08-13T02:13:02.931800+00:00
5022-8112,Dyson,Find+Follow Purifier Cool PC3,45,493836-01,2026-08-13T02:13:02.931800+00:00
5022-8113,Dyson,Find+Follow Purifier Cool PC3,45,493873-01,2026-08-13T02:13:02.931800+00:00
5022-8121,Dyson,Purifier Cool De-NOx,45,547001-01,2026-08-13T02:13:02.931800+00:00
5022-8122,Dyson,Purifier Cool De-NOx,45,547624-01,2026-08-13T02:13:02.931800+00:00
5022-8123,Dyson,Purifier Cool De-NOx,45,547636-01,2026-08-13T02:13:02.931800+00:00
5022-8891,Dyson,Spot+Scrub Ai robot vacuum,116,586179-01,2026-08-13T02:13:02.931800+00:00
5022-8892,Dyson,Spot+Scrub Ai robot vacuum,116,218036-01,2026-08-13T02:13:02.931800+00:00
5022-8893,Dyson,Spot+Scrub Ai robot vacuum,116,594015-01,2026-08-13T02:13:02.931800+00:00
5022-8894,Dyson,Spot+Scrub Ai robot vacuum,116,586183-01,2026-08-13T02:13:02.931800+00:00
5022-8895,Dyson,Spot+Scrub Ai robot vacuum,116,586184-01,2026-08-13T02:13:02.931800+00:00
5022-8896,Dyson,Spot+Scrub Ai robot vacuum,116,586180-01,2026-08-13T02:13:02.931800+00:00
5022-8897,Dyson,Spot+Scrub Ai robot vacuum,116,586181-01,2026-08-13T02:13:02.931800+00:00
5022-8898,Dyson,Spot+Scrub Ai robot vacuum,116,217993-01,2026-08-13T02:13:02.931800+00:00
5022-8899,Dyson,Spot+Scrub Ai robot vacuum,116,217994-01,2026-08-13T02:13:02.931800+00:00
5022-8900,Dyson,Spot+Scrub Ai robot vacuum,116,144384-01,2026-08-13T02:13:02.931800+00:00
5022-8901,Dyson,Spot+Scrub Ai robot vacuum,116,218087-01,2026-08-13T02:13:02.931800+00:00
5022-8902,Dyson,Spot+Scrub Ai robot vacuum,116,217984-01,2026-08-13T02:13:02.931800+00:00
5022-8903,Dyson,Spot+Scrub Ai robot vacuum,116,144385-01,2026-08-13T02:13:02.931800+00:00
5022-8904,Dyson,Spot+Scrub Ai robot vacuum,116,218034-01,2026-08-13T02:13:02.931800+00:00
5022-8905,Dyson,Spot+Scrub Ai robot vacuum,116,494665-01,2026-08-13T02:13:02.931800+00:00
5022-8906,Dyson,Spot+Scrub Ai robot vacuum,116,593956-01,2026-08-13T02:13:02.931800+00:00
5022-8907,Dyson,Spot+Scrub Ai robot vacuum,116,494666-01,2026-08-13T02:13:02.931800+00:00
5022-8908,Dyson,Spot+Scrub Ai robot vacuum,116,218000-01,2026-08-13T02:13:02.931800+00:00
5022-8909,Dyson,Spot+Scrub Ai robot vacuum,116,490713-01,2026-08-13T02:13:02.931800+00:00
5022-8910,Dyson,Spot+Scrub Ai robot vacuum,116,494668-01,2026-08-13T02:13:02.931800+00:00
5022-8911,Dyson,Spot+Scrub Ai robot vacuum,116,494673-01,2026-08-13T02:13:02.931800+00:00
5022-8912,Dyson,Spot+Scrub Ai robot vacuum,116,494693-01,2026-08-13T02:13:02.931800+00:00
5022-8913,Dyson,Spot+Scrub Ai robot vacuum,116,419624-01,2026-08-13T02:13:02.931800+00:00
5023-1,RAZER,ARGB Smart Lamp,269,RZ43-0408,2026-08-13T02:13:02.931800+00:00
5023-2,RAZER,Smart Lamp,269,RZ43-0407,2026-08-13T02:13:02.931800+00:00
5023-3,RAZER,Smart Bulb,269,RZ43-042501,2026-08-13T02:13:02.931800+00:00
5023-4,RAZER,Lighting Module,269,RZ43-042401,2026-08-13T02:13:02.931800+00:00
5023-5,RAZER,Smart Bulb,269,RZ43-042502,2026-08-13T02:13:02.931800+00:00
5023-6,RAZER,Monitor Light Bar,269,RZ43-0504,2026-08-13T02:13:02.931800+00:00
5023-7,RAZER,Razer LED Light Bar,269,RZ43-0532,2026-08-13T02:13:02.931800+00:00
5120-1001,Uascent,Smart Light,269,M022,2026-08-13T02:13:02.931800+00:00
5120-1002,Uascent,SmartPlug,266,M05X-P-00,2026-08-13T02:13:02.931800+00:00
5120-1003,Uascent,Downlight,269,M022,2026-08-13T02:13:02.931800+00:00
5120-1004,Uascent,Smart Light,269,M022,2026-08-13T02:13:02.931800+00:00
5120-1005,Uascent,Smart Light,269,M022,2026-08-13T02:13:02.931800+00:00
5120-1006,Uascent,UA-RGBCWBulb,269,M022,2026-08-13T02:13:02.931800+00:00
5120-1007,Uascent,UA-RGBCWBulb,269,M022,2026-08-13T02:13:02.931800+00:00
5120-1008,Uascent,UA-RGBCWBulb,269,M022,2026-08-13T02:13:02.931800+00:00
5120-1009,Uascent,UA-RGBCWBulb,269,M022,2026-08-13T02:13:02.931800+00:00
5120-1010,Uascent,UA-RGBCWBulb,269,M022,2026-08-13T02:13:02.931800+00:00
5120-1011,Uascent,UA-RGBCWBulb,269,M022,2026-08-13T02:13:02.931800+00:00
5120-1012,Uascent,UA-RGBCWBulb,269,M022,2026-08-13T02:13:02.931800+00:00
5120-1013,Uascent,UA-RGBCWBulb,269,M022,2026-08-13T02:13:02.931800+00:00
5120-1014,Uascent,UA-RGBCWBulb,269,M024,2026-08-13T02:13:02.931800+00:00
5120-1015,Uascent,UA-RGBCWBulb,269,M024,2026-08-13T02:13:02.931800+00:00
5120-1016,Uascent,UA-RGBCWBulb,269,M024,2026-08-13T02:13:02.931800+00:00
5120-1017,Uascent,UA-RGBCWBulb,269,M024,2026-08-13T02:13:02.931800+00:00
5120-1018,Uascent,UA-RGBCWBulb,269,M025,2026-08-13T02:13:02.931800+00:00
5120-1019,Uascent,UA-RGBCWBulb,269,M025,2026-08-13T02:13:02.931800+00:00
5120-1020,Uascent,UA-RGBCWBulb,269,M025,2026-08-13T02:13:02.931800+00:00
5120-1021,Uascent,UA-RGBCWBulb,269,M025,2026-08-13T02:13:02.931800+00:00
5120-1022,Uascent,UA-RGBCWBulb,269,M026,2026-08-13T02:13:02.931800+00:00
5120-1023,Uascent,UA-RGBCWBulb,269,M026,2026-08-13T02:13:02.931800+00:00
5120-1024,Uascent,UA-RGBCWBulb,269,M026,2026-08-13T02:13:02.931800+00:00
5120-1025,Uascent,UA-RGBCWBulb,269,M026,2026-08-13T02:13:02.931800+00:00
5120-1026,Uascent,UA-RGBCWBulb,269,M026,2026-08-13T02:13:02.931800+00:00
5120-1027,Uascent,UA-RGBCWBulb,269,M026,2026-08-13T02:13:02.931800+00:00
5120-1028,Uascent,UA-RGBCWBulb,269,M027,2026-08-13T02:13:02.931800+00:00
5120-1029,Uascent,Smart Light Switch,269,M027,2026-08-13T02:13:02.931800+00:00
5120-1030,Uascent,Smart Light,269,M027,2026-08-13T02:13:02.931800+00:00
5120-1031,Uascent,Smart Switch,269,M027,2026-08-13T02:13:02.931800+00:00
5120-1032,Uascent,UA-RGBCWBulb,269,M027,2026-08-13T02:13:02.931800+00:00
5120-1033,Uascent,UA-RGBCWBulb,269,M027,2026-08-13T02:13:02.931800+00:00
5120-1034,Uascent,UA-SmartPlug,266,M023,2026-08-13T02:13:02.931800+00:00
5120-1035,Uascent,UA-SmartPlug,266,M023,2026-08-13T02:13:02.931800+00:00
5120-1036,Uascent,UA-SmartPlug,266,M023,2026-08-13T02:13:02.931800+00:00
5120-1037,Uascent,UA-SmartPlug,266,M023,2026-08-13T02:13:02.931800+00:00
5120-1038,Uascent,UA-SmartPlug,266,M023,2026-08-13T02:13:02.931800+00:00
5120-1039,Uascent,UA-SmartPlug,266,M023,2026-08-13T02:13:02.931800+00:00
5120-1040,Uascent,Smart Plug,266,M023,2026-08-13T02:13:02.931800+00:00
5120-1041,Uascent,UA-SmartPlug,266,M023,2026-08-13T02:13:02.931800+00:00
5120-1042,Uascent,UA-SmartPlug,266,M023,2026-08-13T02:13:02.931800+00:00
5120-1043,Uascent,UA-SmartPlug,266,M023,2026-08-13T02:13:02.931800+00:00
5120-1044,Uascent,UA-SmartPlug,266,M023,2026-08-13T02:13:02.931800+00:00
5120-1045,Uascent,UA-SmartPlug,266,M023,2026-08-13T02:13:02.931800+00:00
5120-1046,Uascent,UA-SmartPlug,266,M023,2026-08-13T02:13:02.931800+00:00
5120-1047,Uascent,UA-SmartPlug,266,M023,2026-08-13T02:13:02.931800+00:00
5120-1048,Uascent,UA-SmartPlug,266,M023,2026-08-13T02:13:02.931800+00:00
5120-1049,Uascent,UA-SmartPlug,266,M023,2026-08-13T02:13:02.931800+00:00
5120-1050,Uascent,UA-SmartPlug,266,M023,2026-08-13T02:13:02.931800+00:00
5120-1051,Uascent,UA-SmartPlug,266,M028,2026-08-13T02:13:02.931800+00:00
5120-1052,Uascent,UA-SmartPlug,266,M028,2026-08-13T02:13:02.931800+00:00
5120-1053,Uascent,UA-SmartPlug,266,M028,2026-08-13T02:13:02.931800+00:00
5120-1054,Uascent,UA-SmartPlug,266,M028,2026-08-13T02:13:02.931800+00:00
5120-1055,Uascent,UA-SmartPlug,266,M028,2026-08-13T02:13:02.931800+00:00
5120-1056,Uascent,UA-SmartPlug,266,M028,2026-08-13T02:13:02.931800+00:00
5120-1057,Uascent,UA-SmartPlug,266,M028,2026-08-13T02:13:02.931800+00:00
5120-1058,Uascent,UA-SmartPlug,266,M028,2026-08-13T02:13:02.931800+00:00
5120-1059,Uascent,UA-SmartPlug,266,M028,2026-08-13T02:13:02.931800+00:00
5120-1060,Uascent,UA-SmartPlug,266,M028,2026-08-13T02:13:02.931800+00:00
5120-1061,Uascent,UA-SmartPlug,266,M028,2026-08-13T02:13:02.931800+00:00
5120-1062,Uascent,UA-SmartPlug,266,M028,2026-08-13T02:13:02.931800+00:00
5120-1063,Uascent,UA-SmartPlug,266,M028,2026-08-13T02:13:02.931800+00:00
5120-1064,Uascent,UA-SmartPlug,266,M028,2026-08-13T02:13:02.931800+00:00
5120-1065,Uascent,UA-SmartPlug,266,M028,2026-08-13T02:13:02.931800+00:00
5120-1066,Uascent,UA-SmartPlug,266,M028,2026-08-13T02:13:02.931800+00:00
5120-1067,Uascent,UA-SmartPlug,266,M028,2026-08-13T02:13:02.931800+00:00
5120-1068,Uascent,UA-SmartPlug,266,M028,2026-08-13T02:13:02.931800+00:00
5120-1069,Uascent,UA-TVPlayer,40,M022,2026-08-13T02:13:02.931800+00:00
5120-1070,Uascent,UA-SmartSwitch,259,M30,2026-08-13T02:13:02.931800+00:00
5120-1072,Uascent,UA-SmartSwitch,259,M30,2026-08-13T02:13:02.931800+00:00
5120-1073,Uascent,UA-SmartSwitch,259,M30,2026-08-13T02:13:02.931800+00:00
5120-1074,Uascent,UA-SmartSwitch,259,M30,2026-08-13T02:13:02.931800+00:00
5120-1075,Uascent,UA-SmartSwitch,259,M30,2026-08-13T02:13:02.931800+00:00
5120-1076,Uascent,UA-SmartSwitch,259,M30,2026-08-13T02:13:02.931800+00:00
5120-1077,Uascent,UA-SmartSwitch,259,M30,2026-08-13T02:13:02.931800+00:00
5120-1078,Uascent,UA-SmartSwitch,259,M30,2026-08-13T02:13:02.931800+00:00
5120-1079,Uascent,UA-SmartSwitch,259,M30,2026-08-13T02:13:02.931800+00:00
5120-1080,Uascent,UA-SmartSwitch,259,M30,2026-08-13T02:13:02.931800+00:00
5120-1081,Uascent,UA-SmartSwitch,259,M30,2026-08-13T02:13:02.931800+00:00
5120-1082,Uascent,UA-SmartSwitch,259,M30,2026-08-13T02:13:02.931800+00:00
5120-1083,Uascent,UA-SmartSwitch,259,M30,2026-08-13T02:13:02.931800+00:00
5120-1084,Uascent,UA-SmartSwitch,259,M30,2026-08-13T02:13:02.931800+00:00
5120-1085,Uascent,UA-SmartSwitch,259,M30,2026-08-13T02:13:02.931800+00:00
5120-1086,Uascent,UA-SmartSwitch,259,M30,2026-08-13T02:13:02.931800+00:00
5120-1087,Uascent,UA-SmartSwitch,259,M30,2026-08-13T02:13:02.931800+00:00
5120-1088,Uascent,UA-SmartSwitch,259,M30,2026-08-13T02:13:02.931800+00:00
5120-1089,Uascent,UA-SmartSwitch,259,M30,2026-08-13T02:13:02.931800+00:00
5120-1090,Uascent,UA-SmartSwitch,259,M30,2026-08-13T02:13:02.931800+00:00
5120-1091,Uascent,UA-SmartSwitch,259,M30,2026-08-13T02:13:02.931800+00:00
5120-1092,Uascent,UA-SmartSwitch,259,M30,2026-08-13T02:13:02.931800+00:00
5120-1093,Uascent,UA-SmartSwitch,259,M30,2026-08-13T02:13:02.931800+00:00
5120-1094,Uascent,UA-SmartSwitch,259,M30,2026-08-13T02:13:02.931800+00:00
5120-1095,Uascent,UA-SmartSwitch,259,M30,2026-08-13T02:13:02.931800+00:00
5120-1096,Uascent,UA-SmartSwitch,259,M30,2026-08-13T02:13:02.931800+00:00
5120-1097,Uascent,UA-SmartSwitch,259,M30,2026-08-13T02:13:02.931800+00:00
5120-1098,Uascent,UA-SmartSwitch,259,M30,2026-08-13T02:13:02.931800+00:00
5120-1099,Uascent,UA-SmartSwitch,259,M30,2026-08-13T02:13:02.931800+00:00
5120-1100,Uascent,UA-SmartSwitch,259,M30,2026-08-13T02:13:02.931800+00:00
5120-1101,Uascent,UA-SmartSwitch,259,M35,2026-08-13T02:13:02.931800+00:00
5120-1102,Uascent,UA-SmartSwitch,259,M35,2026-08-13T02:13:02.931800+00:00
5120-1103,Uascent,UA-SmartSwitch,259,M35,2026-08-13T02:13:02.931800+00:00
5120-1104,Uascent,UA-SmartSwitch,259,M35,2026-08-13T02:13:02.931800+00:00
5120-1105,Uascent,UA-SmartSwitch,259,M35,2026-08-13T02:13:02.931800+00:00
5120-1106,Uascent,UA-SmartSwitch,259,M35,2026-08-13T02:13:02.931800+00:00
5120-1107,Uascent,UA-SmartSwitch,259,M35,2026-08-13T02:13:02.931800+00:00
5120-1108,Uascent,UA-SmartSwitch,259,M35,2026-08-13T02:13:02.931800+00:00
5120-1110,Uascent,UA-SmartLight,269,M05X-00,2026-08-13T02:13:02.931800+00:00
5120-1111,Uascent,UA-SmartLight,269,M05X-01,2026-08-13T02:13:02.931800+00:00
5120-1112,Uascent,Smart Light,259,Smart Light,2026-08-13T02:13:02.931800+00:00
5120-1114,Uascent,SmartHomePlug,266,M05X-P-00,2026-08-13T02:13:02.931800+00:00
5120-1115,Uascent,Smart Bridge,14,G3540-02,2026-08-13T02:13:02.931800+00:00
5120-1119,Uascent,SmartSwitch,10,DEP02X-OL01E,2026-08-13T02:13:02.931800+00:00
5120-1121,Uascent,Smart Bridge,14,G3540-01,2026-08-13T02:13:02.931800+00:00
5120-1122,Uascent,UA-SmartLight,269,M05X-02,2026-08-13T02:13:02.931800+00:00
5120-1123,Uascent,UA-SmartLight,269,M05X-03,2026-08-13T02:13:02.931800+00:00
5120-1124,Uascent,UA-SmartLight,269,M05X-04,2026-08-13T02:13:02.931800+00:00
5120-1125,Uascent,UA-SmartLight,269,M05X-05,2026-08-13T02:13:02.931800+00:00
5120-1126,Uascent,UA-SmartLight,269,M05X-06,2026-08-13T02:13:02.931800+00:00
5120-1127,Uascent,UA-SmartLight,269,M05X-07,2026-08-13T02:13:02.931800+00:00
5120-1128,Uascent,UA-SmartLight,269,M05X-08,2026-08-13T02:13:02.931800+00:00
5120-1129,Uascent,UA-SmartLight,269,M05X-09,2026-08-13T02:13:02.931800+00:00
5120-1130,Uascent,UA-SmartLight,269,M05X-0A,2026-08-13T02:13:02.931800+00:00
5120-1131,Uascent,UA-SmartLight,269,M05X-0B,2026-08-13T02:13:02.931800+00:00
5120-1132,Uascent,UA-SmartLight,269,M05X-0C,2026-08-13T02:13:02.931800+00:00
5120-1133,Uascent,UA-SmartLight,269,M05X-0D,2026-08-13T02:13:02.931800+00:00
5120-1134,Uascent,UA-SmartLight,269,M05X-0E,2026-08-13T02:13:02.931800+00:00
5120-1135,Uascent,UA-SmartLight,269,M05X-0F,2026-08-13T02:13:02.931800+00:00
5120-1136,Uascent,UA-SmartLight,269,M05X-10,2026-08-13T02:13:02.931800+00:00
5120-1137,Uascent,UA-SmartLight,269,M05X-11,2026-08-13T02:13:02.931800+00:00
5120-1138,Uascent,UA-SmartLight,269,M05X-12,2026-08-13T02:13:02.931800+00:00
5120-1139,Uascent,UA-SmartLight,269,M05X-13,2026-08-13T02:13:02.931800+00:00
5120-1140,Uascent,UA-SmartLight,269,M05X-14,2026-08-13T02:13:02.931800+00:00
5120-1141,Uascent,UA-SmartLight,269,M05X-15,2026-08-13T02:13:02.931800+00:00
5120-1142,Uascent,UA-SmartLight,269,M05X-16,2026-08-13T02:13:02.931800+00:00
5120-1143,Uascent,UA-SmartLight,269,M05X-17,2026-08-13T02:13:02.931800+00:00
5120-1144,Uascent,UA-SmartLight,269,M05X-18,2026-08-13T02:13:02.931800+00:00
5120-1145,Uascent,UA-SmartLight,269,M05X-19,2026-08-13T02:13:02.931800+00:00
5120-1146,Uascent,UA-SmartLight,269,M05X-1A,2026-08-13T02:13:02.931800+00:00
5120-1147,Uascent,UA-SmartLight,269,M05X-1B,2026-08-13T02:13:02.931800+00:00
5120-1148,Uascent,UA-SmartLight,269,M05X-1C,2026-08-13T02:13:02.931800+00:00
5120-1149,Uascent,UA-SmartLight,269,M05X-1D,2026-08-13T02:13:02.931800+00:00
5120-1150,Uascent,UA-SmartLight,269,M05X-1E,2026-08-13T02:13:02.931800+00:00
5120-1151,Uascent,UA-SmartLight,269,M05X-1F,2026-08-13T02:13:02.931800+00:00
5120-1152,Uascent,UA-SmartLight,269,M05X-20,2026-08-13T02:13:02.931800+00:00
5120-1153,Uascent,UA-SmartLight,269,M05X-21,2026-08-13T02:13:02.931800+00:00
5120-1154,Uascent,UA-SmartLight,269,M05X-22,2026-08-13T02:13:02.931800+00:00
5120-1155,Uascent,UA-SmartLight,269,M05X-23,2026-08-13T02:13:02.931800+00:00
5120-1156,Uascent,UA-SmartLight,269,M05X-24,2026-08-13T02:13:02.931800+00:00
5120-1157,Uascent,UA-SmartLight,269,M05X-25,2026-08-13T02:13:02.931800+00:00
5120-1158,Uascent,UA-SmartLight,269,M05X-26,2026-08-13T02:13:02.931800+00:00
5120-1159,Uascent,UA-SmartLight,269,M05X-27,2026-08-13T02:13:02.931800+00:00
5120-1160,Uascent,UA-SmartLight,269,M05X-28,2026-08-13T02:13:02.931800+00:00
5120-1161,Uascent,UA-SmartLight,269,M05X-29,2026-08-13T02:13:02.931800+00:00
5120-1162,Uascent,UA-SmartLight,269,M05X-2A,2026-08-13T02:13:02.931800+00:00
5120-1163,Uascent,UA-SmartLight,269,M05X-2B,2026-08-13T02:13:02.931800+00:00
5120-1164,Uascent,UA-SmartLight,269,M05X-2C,2026-08-13T02:13:02.931800+00:00
5120-1165,Uascent,UA-SmartLight,269,M05X-2D,2026-08-13T02:13:02.931800+00:00
5120-1166,Uascent,UA-SmartLight,269,M05X-2E,2026-08-13T02:13:02.931800+00:00
5120-1167,Uascent,UA-SmartLight,269,M05X-2F,2026-08-13T02:13:02.931800+00:00
5120-1168,Uascent,UA-SmartLight,269,M05X-30,2026-08-13T02:13:02.931800+00:00
5120-1169,Uascent,UA-SmartLight,269,M05X-31,2026-08-13T02:13:02.931800+00:00
5120-1170,Uascent,UA-SmartLight,269,M05X-32,2026-08-13T02:13:02.931800+00:00
5120-1171,Uascent,UA-SmartLight,269,M05X-33,2026-08-13T02:13:02.931800+00:00
5120-1172,Uascent,UA-SmartLight,269,M05X-34,2026-08-13T02:13:02.931800+00:00
5120-1173,Uascent,UA-SmartLight,269,M05X-35,2026-08-13T02:13:02.931800+00:00
5120-1174,Uascent,UA-SmartLight,269,M05X-36,2026-08-13T02:13:02.931800+00:00
5120-1175,Uascent,UA-SmartLight,269,M05X-37,2026-08-13T02:13:02.931800+00:00
5120-1176,Uascent,UA-SmartLight,269,M05X-38,2026-08-13T02:13:02.931800+00:00
5120-1177,Uascent,UA-SmartLight,269,M05X-39,2026-08-13T02:13:02.931800+00:00
5120-1178,Uascent,UA-SmartLight,269,M05X-3A,2026-08-13T02:13:02.931800+00:00
5120-1179,Uascent,UA-SmartLight,269,M05X-3B,2026-08-13T02:13:02.931800+00:00
5120-1180,Uascent,UA-SmartLight,269,M05X-3C,2026-08-13T02:13:02.931800+00:00
5120-1181,Uascent,UA-SmartLight,269,M05X-3D,2026-08-13T02:13:02.931800+00:00
5120-1182,Uascent,UA-SmartLight,269,M05X-3E,2026-08-13T02:13:02.931800+00:00
5120-1183,Uascent,UA-SmartLight,269,M05X-3F,2026-08-13T02:13:02.931800+00:00
5120-1248,Uascent,Smart Home Plug,266,M05X-P-01,2026-08-13T02:13:02.931800+00:00
5120-1249,Uascent,Smart Home Plug,266,M05X-P-02,2026-08-13T02:13:02.931800+00:00
5120-1250,Uascent,Smart Home Plug,266,M05X-P-03,2026-08-13T02:13:02.931800+00:00
5120-1251,Uascent,Smart Home Plug,266,M05X-P-04,2026-08-13T02:13:02.931800+00:00
5120-1252,Uascent,Smart Home Plug,266,M05X-P-05,2026-08-13T02:13:02.931800+00:00
5120-1253,Uascent,Smart Home Plug,266,M05X-P-06,2026-08-13T02:13:02.931800+00:00
5120-1254,Uascent,Smart Home Plug,266,M05X-P-07,2026-08-13T02:13:02.931800+00:00
5120-1255,Uascent,Smart Home Plug,266,M05X-P-08,2026-08-13T02:13:02.931800+00:00
5120-1256,Uascent,Smart Home Plug,266,M05X-P-09,2026-08-13T02:13:02.931800+00:00
5120-1257,Uascent,Smart Home Plug,266,M05X-P-0A,2026-08-13T02:13:02.931800+00:00
5120-1258,Uascent,Smart Home Plug,266,M05X-P-0B,2026-08-13T02:13:02.931800+00:00
5120-1259,Uascent,Smart Home Plug,266,M05X-P-0C,2026-08-13T02:13:02.931800+00:00
5120-1260,Uascent,Smart Home Plug,266,M05X-P-0D,2026-08-13T02:13:02.931800+00:00
5120-1261,Uascent,Smart Home Plug,266,M05X-P-0E,2026-08-13T02:13:02.931800+00:00
5120-1262,Uascent,Smart Home Plug,266,M05X-P-0F,2026-08-13T02:13:02.931800+00:00
5120-1263,Uascent,Smart Home Plug,266,M05X-P-10,2026-08-13T02:13:02.931800+00:00
5120-1264,Uascent,Smart Home Plug,266,M05X-P-11,2026-08-13T02:13:02.931800+00:00
5120-1265,Uascent,Smart Home Plug,266,M05X-P-12,2026-08-13T02:13:02.931800+00:00
5120-1266,Uascent,Smart Home Plug,266,M05X-P-13,2026-08-13T02:13:02.931800+00:00
5120-1267,Uascent,Smart Home Plug,266,M05X-P-14,2026-08-13T02:13:02.931800+00:00
5120-1268,Uascent,Smart Home Plug,266,M05X-P-15,2026-08-13T02:13:02.931800+00:00
5120-1269,Uascent,Smart Home Plug,266,M05X-P-16,2026-08-13T02:13:02.931800+00:00
5120-1270,Uascent,Smart Home Plug,266,M05X-P-17,2026-08-13T02:13:02.931800+00:00
5120-1271,Uascent,Smart Home Plug,266,M05X-P-18,2026-08-13T02:13:02.931800+00:00
5120-1272,Uascent,Smart Home Plug,266,M05X-P-19,2026-08-13T02:13:02.931800+00:00
5120-1273,Uascent,Smart Home Plug,266,M05X-P-1A,2026-08-13T02:13:02.931800+00:00
5120-1274,Uascent,Smart Home Plug,266,M05X-P-1B,2026-08-13T02:13:02.931800+00:00
5120-1275,Uascent,Smart Home Plug,266,M05X-P-1C,2026-08-13T02:13:02.931800+00:00
5120-1276,Uascent,Smart Home Plug,266,M05X-P-1D,2026-08-13T02:13:02.931800+00:00
5120-1277,Uascent,Smart Home Plug,266,M05X-P-1E,2026-08-13T02:13:02.931800+00:00
5120-1278,Uascent,Smart Home Plug,266,M05X-P-1F,2026-08-13T02:13:02.931800+00:00
5120-1279,Uascent,Smart Home Plug,266,M05X-P-20,2026-08-13T02:13:02.931800+00:00
5120-1280,Uascent,Smart Home Plug,266,M05X-P-21,2026-08-13T02:13:02.931800+00:00
5120-1281,Uascent,Smart Home Plug,266,M05X-P-22,2026-08-13T02:13:02.931800+00:00
5120-1282,Uascent,Smart Home Plug,266,M05X-P-23,2026-08-13T02:13:02.931800+00:00
5120-1283,Uascent,Smart Home Plug,266,M05X-P-24,2026-08-13T02:13:02.931800+00:00
5120-1284,Uascent,Smart Home Plug,266,M05X-P-25,2026-08-13T02:13:02.931800+00:00
5120-1285,Uascent,Smart Home Plug,266,M05X-P-26,2026-08-13T02:13:02.931800+00:00
5120-1286,Uascent,Smart Home Plug,266,M05X-P-27,2026-08-13T02:13:02.931800+00:00
5120-1287,Uascent,Smart Home Plug,266,M05X-P-28,2026-08-13T02:13:02.931800+00:00
5120-1288,Uascent,Smart Home Plug,266,M05X-P-29,2026-08-13T02:13:02.931800+00:00
5120-1289,Uascent,Smart Home Plug,266,M05X-P-2A,2026-08-13T02:13:02.931800+00:00
5120-1290,Uascent,Smart Home Plug,266,M05X-P-2B,2026-08-13T02:13:02.931800+00:00
5120-1291,Uascent,Smart Home Plug,266,M05X-P-2C,2026-08-13T02:13:02.931800+00:00
5120-1292,Uascent,Smart Home Plug,266,M05X-P-2D,2026-08-13T02:13:02.931800+00:00
5120-1293,Uascent,Smart Home Plug,266,M05X-P-2E,2026-08-13T02:13:02.931800+00:00
5120-1294,Uascent,Smart Home Plug,266,M05X-P-2F,2026-08-13T02:13:02.931800+00:00
5120-1295,Uascent,Smart Home Plug,266,M05X-P-30,2026-08-13T02:13:02.931800+00:00
5120-1296,Uascent,Smart Home Plug,266,M05X-P-31,2026-08-13T02:13:02.931800+00:00
5120-1297,Uascent,Smart Home Plug,266,M05X-P-32,2026-08-13T02:13:02.931800+00:00
5120-1298,Uascent,Smart Home Plug,266,M05X-P-33,2026-08-13T02:13:02.931800+00:00
5120-1299,Uascent,Smart Home Plug,266,M05X-P-34,2026-08-13T02:13:02.931800+00:00
5120-1300,Uascent,Smart Home Plug,266,M05X-P-35,2026-08-13T02:13:02.931800+00:00
5120-1301,Uascent,Smart Home Plug,266,M05X-P-36,2026-08-13T02:13:02.931800+00:00
5120-1302,Uascent,Smart Home Plug,266,M05X-P-37,2026-08-13T02:13:02.931800+00:00
5120-1303,Uascent,Smart Home Plug,266,M05X-P-38,2026-08-13T02:13:02.931800+00:00
5120-1304,Uascent,Smart Home Plug,266,M05X-P-39,2026-08-13T02:13:02.931800+00:00
5120-1305,Uascent,Smart Home Plug,266,M05X-P-3A,2026-08-13T02:13:02.931800+00:00
5120-1306,Uascent,Smart Home Plug,266,M05X-P-3B,2026-08-13T02:13:02.931800+00:00
5120-1307,Uascent,Smart Home Plug,266,M05X-P-3C,2026-08-13T02:13:02.931800+00:00
5120-1308,Uascent,Smart Home Plug,266,M05X-P-3D,2026-08-13T02:13:02.931800+00:00
5120-1309,Uascent,Smart Home Plug,266,M05X-P-3E,2026-08-13T02:13:02.931800+00:00
5120-1310,Uascent,Smart Home Plug,266,M05X-P-3F,2026-08-13T02:13:02.931800+00:00
5120-1311,Uascent,Smart Home Plug,266,M05X-P-40,2026-08-13T02:13:02.931800+00:00
5120-1312,Uascent,Smart Home Plug,266,M05X-P-41,2026-08-13T02:13:02.931800+00:00
5120-1313,Uascent,Smart Home Plug,266,M05X-P-42,2026-08-13T02:13:02.931800+00:00
5120-1314,Uascent,Smart Home Plug,266,M05X-P-43,2026-08-13T02:13:02.931800+00:00
5120-1315,Uascent,Smart Home Plug,266,M05X-P-44,2026-08-13T02:13:02.931800+00:00
5120-1316,Uascent,Smart Home Plug,266,M05X-P-45,2026-08-13T02:13:02.931800+00:00
5120-1317,Uascent,Smart Home Plug,266,M05X-P-46,2026-08-13T02:13:02.931800+00:00
5120-1318,Uascent,Smart Home Plug,266,M05X-P-47,2026-08-13T02:13:02.931800+00:00
5120-1319,Uascent,Smart Home Plug,266,M05X-P-48,2026-08-13T02:13:02.931800+00:00
5120-1320,Uascent,Smart Home Plug,266,M05X-P-49,2026-08-13T02:13:02.931800+00:00
5120-1321,Uascent,Smart Home Plug,266,M05X-P-4A,2026-08-13T02:13:02.931800+00:00
5120-1322,Uascent,Smart Home Plug,266,M05X-P-4B,2026-08-13T02:13:02.931800+00:00
5120-1323,Uascent,Smart Home Plug,266,M05X-P-4C,2026-08-13T02:13:02.931800+00:00
5120-1324,Uascent,Smart Home Plug,266,M05X-P-4D,2026-08-13T02:13:02.931800+00:00
5120-1325,Uascent,Smart Home Plug,266,M05X-P-4E,2026-08-13T02:13:02.931800+00:00
5120-1326,Uascent,Smart Home Plug,266,M05X-P-4F,2026-08-13T02:13:02.931800+00:00
5120-1331,Uascent,Smart Bridge,14,G3540-03,2026-08-13T02:13:02.931800+00:00
5120-1332,Uascent,Smart Bridge,14,G3540-04,2026-08-13T02:13:02.931800+00:00
5120-1333,Uascent,Smart Bridge,14,G3540-05,2026-08-13T02:13:02.931800+00:00
5120-1334,Uascent,Smart Bridge,14,G3540-06,2026-08-13T02:13:02.931800+00:00
5120-1335,Uascent,Smart Bridge,14,G3540-07,2026-08-13T02:13:02.931800+00:00
5120-1336,Uascent,Smart Bridge,14,G3540-08,2026-08-13T02:13:02.931800+00:00
5120-1337,Uascent,Smart Bridge,14,G3540-09,2026-08-13T02:13:02.931800+00:00
5120-1338,Uascent,Smart Bridge,14,G3540-0A,2026-08-13T02:13:02.931800+00:00
5120-1339,Uascent,Smart Bridge,14,G3540-0B,2026-08-13T02:13:02.931800+00:00
5120-1340,Uascent,Smart Bridge,14,G3540-0C,2026-08-13T02:13:02.931800+00:00
5120-1341,Uascent,Smart Bridge,14,G3540-0D,2026-08-13T02:13:02.931800+00:00
5120-1342,Uascent,Smart Bridge,14,G3540-0E,2026-08-13T02:13:02.931800+00:00
5120-1343,Uascent,Smart Bridge,14,G3540-0F,2026-08-13T02:13:02.931800+00:00
5120-1344,Uascent,Smart Bridge,14,G3540-10,2026-08-13T02:13:02.931800+00:00
5120-1360,Uascent,Smart Dimmable Light,257,DEP02X-DL02E,2026-08-13T02:13:02.931800+00:00
5120-1361,Uascent,Smart Dimmable Light,257,DEP02X-DL02E,2026-08-13T02:13:02.931800+00:00
5120-1362,Uascent,Smart Dimmable Light,257,DEP02X-DL03E,2026-08-13T02:13:02.931800+00:00
5120-1363,Uascent,Smart Dimmable Light,257,DEP02X-DL05E,2026-08-13T02:13:02.931800+00:00
5120-1364,Uascent,Smart Dimmable Light,257,DEP02X-DL06E,2026-08-13T02:13:02.931800+00:00
5120-1365,Uascent,Smart Dimmable Light,257,DEP02X-DL07E,2026-08-13T02:13:02.931800+00:00
5120-1366,Uascent,Smart Dimmable Light,257,DEP02X-DL01,2026-08-13T02:13:02.931800+00:00
5120-1367,Uascent,Smart Dimmable Light,257,DEP02X-DL02,2026-08-13T02:13:02.931800+00:00
5120-1368,Uascent,Smart Dimmable Light,257,DEP02X-DL03,2026-08-13T02:13:02.931800+00:00
5120-1369,Uascent,Smart Dimmable Light,257,DEP02X-DL04,2026-08-13T02:13:02.931800+00:00
5120-1370,Uascent,Smart Dimmable Light,257,DEP02X-DL05,2026-08-13T02:13:02.931800+00:00
5120-1371,Uascent,Smart Dimmable Light,257,DEP02X-DL06,2026-08-13T02:13:02.931800+00:00
5120-1372,Uascent,Smart Dimmable Light,257,DEP02X-DL07,2026-08-13T02:13:02.931800+00:00
5120-1373,Uascent,SmartSwitch,257,DEP02X-DL08E,2026-08-13T02:13:02.931800+00:00
5120-1374,Uascent,SmartSwitch,257,DEP02X-DL09E,2026-08-13T02:13:02.931800+00:00
5120-1375,Uascent,SmartSwitch,257,DEP02X-DL10E,2026-08-13T02:13:02.931800+00:00
5120-1376,Uascent,SmartSwitch,257,DEP02X-DL11E,2026-08-13T02:13:02.931800+00:00
5120-1377,Uascent,SmartSwitch,257,DEP02X-DL12E,2026-08-13T02:13:02.931800+00:00
5120-1378,Uascent,SmartSwitch,257,DEP02X-DL13E,2026-08-13T02:13:02.931800+00:00
5120-1379,Uascent,SmartSwitch,257,DEP02X-DL08,2026-08-13T02:13:02.931800+00:00
5120-1380,Uascent,SmartSwitch,257,DEP02X-DL09,2026-08-13T02:13:02.931800+00:00
5120-1381,Uascent,SmartSwitch,257,DEP02X-DL10,2026-08-13T02:13:02.931800+00:00
5120-1382,Uascent,SmartSwitch,257,DEP02X-DL11,2026-08-13T02:13:02.931800+00:00
5120-1383,Uascent,SmartSwitch,257,DEP02X-DL12,2026-08-13T02:13:02.931800+00:00
5120-1384,Uascent,SmartSwitch,257,DEP02X-DL13,2026-08-13T02:13:02.931800+00:00
5120-1412,Uascent,Smart Dimmable Plug,267,DEP02X-DP01E,2026-08-13T02:13:02.931800+00:00
5120-1418,Uascent,Smart Dimmable Plug,267,DEP02X-DP07E,2026-08-13T02:13:02.931800+00:00
5123-404,Arlec Australia,RGB CCT Dimmable LED A60 Globe ,269,GLD322MTRHA,2026-08-13T02:13:02.931800+00:00
5123-408,Arlec Australia,RGB CCT Dimmable LED Downlight,269,ALD095MTRHA,2026-08-13T02:13:02.931800+00:00
5123-1258,Arlec Australia,RGB + W Dimmable LED Lightstrip,269,ALD563MTRHA,2026-08-13T02:13:02.931800+00:00
5123-1323,Arlec Australia,Single Plugin Socket,266,PC191MTRHA,2026-08-13T02:13:02.931800+00:00
5123-3789,Arlec Australia,Smart Gateway Pro Hub,14,SG-103,2026-08-13T02:13:02.931800+00:00
5123-3888,Arlec Australia,CCT Strip Light Controller,268,STRIP-CCT-HA,2026-08-13T02:13:02.931800+00:00
5123-3916,Arlec Australia,RGBW Dimmable LED Bar Light,269,BAR-RGBW-HA,2026-08-13T02:13:02.931800+00:00
5123-4151,Arlec Australia,RGBW Strip Light Controller,269,STRIP-RGBW-HA,2026-08-13T02:13:02.931800+00:00
5123-4174,Arlec Australia,4 Outlet 4 Switch Powerboard,1296,PB-4-4-HA,2026-08-13T02:13:02.931800+00:00
5123-4205,Arlec Australia,RGB CCT Light,269,LIGHT-RGBCCT-HA,2026-08-13T02:13:02.931800+00:00
5123-4267,Arlec Australia,2 Gang USB GPO,266,GPO-2-USB-HA-P,2026-08-13T02:13:02.931800+00:00
5123-4271,Arlec Australia,2 Gang USB GPO,266,GPO-2-USB-HA,2026-08-13T02:13:02.931800+00:00
5123-4272,Arlec Australia,2 Gang GPO,266,GPO-2-HA,2026-08-13T02:13:02.931800+00:00
5123-4273,Arlec Australia,2 Gang Vertical GPO,266,GPO-2-V-HA,2026-08-13T02:13:02.931800+00:00
5123-4274,Arlec Australia,1 Gang Adapter,266,PC-1-HA-K,2026-08-13T02:13:02.931800+00:00
5123-4275,Arlec Australia,1 Gang Adapter,266,PC-1-HA,2026-08-13T02:13:02.931800+00:00
5123-4276,Arlec Australia,2 Gang Outdoor GPO,266,GPO-2-O-HA,2026-08-13T02:13:02.931800+00:00
5123-4277,Arlec Australia,Rewireable Plug,266,GPO-REWIREABLE-HA,2026-08-13T02:13:02.931800+00:00
5123-4278,Arlec Australia,1 Gang GPO,266,GPO-1-HA,2026-08-13T02:13:02.931800+00:00
5123-4279,Arlec Australia,1 Gang Outdoor Adapter,266,PC-1-O-HA,2026-08-13T02:13:02.931800+00:00
5123-4280,Arlec Australia,4 Outlet 1 Switch Powerboard,266,PB-4-1-HA,2026-08-13T02:13:02.931800+00:00
5123-4281,Arlec Australia,2 Gang Adapter,266,PC-2-HA,2026-08-13T02:13:02.931800+00:00
5123-4282,Arlec Australia,1 Gang with USB Adapter,266,PC-1-USB-HA,2026-08-13T02:13:02.931800+00:00
5123-4297,Arlec Australia,CCT Light,268,LIGHT-CCT-HA,2026-08-13T02:13:02.931800+00:00
5123-4303,Arlec Australia,Fan with Dimmable CCT LED Light,268,FAN-LIGHT-CCT-HA,2026-08-13T02:13:02.931800+00:00
5123-5232,Arlec Australia,Digital Strip Light Controller,269,STRIP-DIGITAL-HA,2026-08-13T02:13:02.931800+00:00
5124-4101,Phaten,Smart Color Light,269,SCLA5,2026-08-13T02:13:02.931800+00:00
5124-32768,Phaten,Smart Wi-Fi Plug,266,SP-M,2026-08-13T02:13:02.931800+00:00
5124-32769,Phaten,Smart Wi-Fi Plug,266,WP3,2026-08-13T02:13:02.931800+00:00
5125-1,Ecovacs,Floor Cleaning Robot,116,-,2026-08-13T02:13:02.931800+00:00
5125-2,Ecovacs,Floor Cleaning Robot,116,-,2026-08-13T02:13:02.931800+00:00
5125-3,Ecovacs,Floor Cleaning Robot,116,-,2026-08-13T02:13:02.931800+00:00
5125-4,Ecovacs,Floor Cleaning Robot,116,-,2026-08-13T02:13:02.931800+00:00
5125-5,Ecovacs,Floor Cleaning Robot,116,-,2026-08-13T02:13:02.931800+00:00
5125-6,Ecovacs,Floor Cleaning Robot,116,-,2026-08-13T02:13:02.931800+00:00
5125-7,Ecovacs,Floor Cleaning Robot,116,-,2026-08-13T02:13:02.931800+00:00
5125-8,Ecovacs,Floor Cleaning Robot,116,-,2026-08-13T02:13:02.931800+00:00
5125-9,Ecovacs,Floor Cleaning Robot,116,-,2026-08-13T02:13:02.931800+00:00
5125-10,Ecovacs,Floor Cleaning Robot,116,-,2026-08-13T02:13:02.931800+00:00
5127-4097,ThirdReality,Smart Timer Light TL2,269,3RRW0101M,2026-08-13T02:13:02.931800+00:00
5127-4098,ThirdReality,Smart Color Bulb  ML1,269,3RRW0102M,2026-08-13T02:13:02.931800+00:00
5127-4232,ThirdReality,Smart Color Night Light,269,3RSNL02041WM,2026-08-13T02:13:02.931800+00:00
5127-4233,ThirdReality,Smart Color Bulb ML1,269,3RCB01051W,2026-08-13T02:13:02.931800+00:00
5127-4248,ThirdReality,Smart Garage Door Opener,259,3RDO01058W,2026-08-13T02:13:02.931800+00:00
5127-4249,ThirdReality,Smart WaterLeak KM1,67,3RWLK01068M,2026-08-13T02:13:02.931800+00:00
5127-4488,ThirdReality,Smart WiFi Plug,266,3RSP03046W,2026-08-13T02:13:02.931800+00:00
5127-4744,ThirdReality,Smart Bridge MZ1,14,3RMB01033WBZ,2026-08-13T02:13:02.931800+00:00
5127-5000,ThirdReality,Smart Mechanical Keyboard MK1,15,3RMK01069M,2026-08-13T02:13:02.931800+00:00
5127-5121,ThirdReality,Smart Night Light -T,269,3RSNL02042TM,2026-08-13T02:13:02.931800+00:00
5127-8328,ThirdReality,Smart Plug PM1,266,3RSMP01066M,2026-08-13T02:13:02.931800+00:00
5127-12424,ThirdReality,Smart Switch MT1,259,3RSS02053MT,2026-08-13T02:13:02.931800+00:00
5131-32771,"70mai Co., Ltd.",Anona Holo,10,-,2026-08-13T02:13:02.931800+00:00
5136-1000,Quectel,On/Off Light,256,PMOL1001,2026-08-13T02:13:02.931800+00:00
5136-1001,Quectel,Extended Color Light,269,PMECL1000,2026-08-13T02:13:02.931800+00:00
5136-1002,Quectel,On/off Plug-in Unit,266,PMOPU1002,2026-08-13T02:13:02.931800+00:00
5136-1003,Quectel,On/off Light Switch,259,PMOLS1003,2026-08-13T02:13:02.931800+00:00
5136-1004,Quectel,Dimmable Plug-In Unit,267,PMDPU1004,2026-08-13T02:13:02.931800+00:00
5136-1005,Quectel,Color Dimmer Switch,261,PMCDS1005,2026-08-13T02:13:02.931800+00:00
5136-1006,Quectel,T Extended Color Light,269,QTMECL010d,2026-08-13T02:13:02.931800+00:00
5136-1536,Quectel,On/Off Plug-in Unit,266,PMOFPU0600,2026-08-13T02:13:02.931800+00:00
5136-1537,Quectel,On/Off Plug-in Unit,266,PMOFPUES0601,2026-08-13T02:13:02.931800+00:00
5136-1538,Quectel,On/Off Plug-in Unit,266,PMOFPU0602,2026-08-13T02:13:02.931800+00:00
5136-1539,Quectel,On/Off Plug-in Unit,266,PMOFPU0603,2026-08-13T02:13:02.931800+00:00
5136-1540,Quectel,On/Off Plug-in Unit,266,PMOFPUES0604,2026-08-13T02:13:02.931800+00:00
5136-1541,Quectel,On/Off Plug-in Unit,266,PMOFPU0605,2026-08-13T02:13:02.931800+00:00
5136-1542,Quectel,On/Off Plug-in Unit,266,PMOFPUES0606,2026-08-13T02:13:02.931800+00:00
5136-4096,Quectel,Smart Window Covering,514,PMWC1000,2026-08-13T02:13:02.931800+00:00
5136-4097,Quectel,Extended Color Light,269,PMECL4097,2026-08-13T02:13:02.931800+00:00
5136-4098,Quectel,Smart Window Covering,514,QMWC1002,2026-08-13T02:13:02.931800+00:00
5136-4099,Quectel,On Off Light,256,PMOOL1003,2026-08-13T02:13:02.931800+00:00
5136-4103,Quectel,Door Lock,10,PMDL1007,2026-08-13T02:13:02.931800+00:00
5136-8192,Quectel,Door Lock,10,PMDL2000,2026-08-13T02:13:02.931800+00:00
5136-8536,Quectel,On Off Light,256,PMOOL2158,2026-08-13T02:13:02.931800+00:00
5136-8879,Quectel,On Off Light,256,PMOOL22AF,2026-08-13T02:13:02.931800+00:00
5136-9000,Quectel,Fan,43,PMF2328,2026-08-13T02:13:02.931800+00:00
5136-9008,Quectel,Extended Color Light,269,PMECL2330,2026-08-13T02:13:02.931800+00:00
5136-9010,Quectel,Dimmable Light,257,PMDL2332,2026-08-13T02:13:02.931800+00:00
5136-9011,Quectel,On Off Light,256,PMOOL2333,2026-08-13T02:13:02.931800+00:00
5136-9021,Quectel,On Off Light,256,PMOOL233D,2026-08-13T02:13:02.931800+00:00
5136-9041,Quectel,On Off Light,256,PMOOL2351,2026-08-13T02:13:02.931800+00:00
5136-9314,Quectel,Fan,43,PMF2462,2026-08-13T02:13:02.931800+00:00
5136-9320,Quectel,Fan,43,PMF2468,2026-08-13T02:13:02.931800+00:00
5136-9323,Quectel,Color Temperature Light,268,PMCTL246B,2026-08-13T02:13:02.931800+00:00
5136-9325,Quectel,On Off Light,256,PMOOL246D,2026-08-13T02:13:02.931800+00:00
5136-9355,Quectel,On Off Light,256,PMOOL248B,2026-08-13T02:13:02.931800+00:00
5136-9364,Quectel,Fan Light,43,PMFCTL2494,2026-08-13T02:13:02.931800+00:00
5136-9366,Quectel,Fan Light,43,PMFCTL2496,2026-08-13T02:13:02.931800+00:00
5136-9368,Quectel,Fan Light,43,PMFL2498,2026-08-13T02:13:02.931800+00:00
5136-9789,Quectel,Extended Color Light,269,PMECL263D,2026-08-13T02:13:02.931800+00:00
5136-9790,Quectel,Color Temperature Light,268,PMCTL263E,2026-08-13T02:13:02.931800+00:00
5136-9791,Quectel,Dimmable Light,257,PMDL263F,2026-08-13T02:13:02.931800+00:00
5136-12289,Quectel,On Off Light,256,QMOOL3001,2026-08-13T02:13:02.931800+00:00
5136-12290,Quectel,Dimmable Light,257,QMDL3002,2026-08-13T02:13:02.931800+00:00
5136-12291,Quectel,Color Temperature Light,268,QMCTL3003,2026-08-13T02:13:02.931800+00:00
5136-12292,Quectel,Extended Color Light,269,QMECL3004,2026-08-13T02:13:02.931800+00:00
5136-12293,Quectel,On Off Plug,267,QMOOP3005,2026-08-13T02:13:02.931800+00:00
5136-12294,Quectel,Window Covering,514,QMWC3006,2026-08-13T02:13:02.931800+00:00
5136-12295,Quectel,Door Lock,10,QMDL3007,2026-08-13T02:13:02.931800+00:00
5136-12296,Quectel,Thermostat,769,QMT3008,2026-08-13T02:13:02.931800+00:00
5136-12297,Quectel,Air Quality Sensor,44,QMAQS3009,2026-08-13T02:13:02.931800+00:00
5136-12298,Quectel,Electrical Sensor,1296,QMES300A,2026-08-13T02:13:02.931800+00:00
5136-12299,Quectel,Water Leak,67,QMWL300B,2026-08-13T02:13:02.931800+00:00
5136-12300,Quectel,Rain Sensor,68,QMRS300C,2026-08-13T02:13:02.931800+00:00
5136-12301,Quectel,Dimmable Plug,267,QMDP300D,2026-08-13T02:13:02.931800+00:00
5136-12304,Quectel,Fan,43,QMF3010,2026-08-13T02:13:02.931800+00:00
5136-12801,Quectel,On Off Light,256,QMOOL3201,2026-08-13T02:13:02.931800+00:00
5136-12802,Quectel,Dimmable Light,257,QMDL3202,2026-08-13T02:13:02.931800+00:00
5136-12803,Quectel,Color Temperature Light,268,QMCTL3203,2026-08-13T02:13:02.931800+00:00
5136-12804,Quectel,Extended Color Light,269,QMECL3204,2026-08-13T02:13:02.931800+00:00
5136-12805,Quectel,On/Off Plug,266,QMOOP3205,2026-08-13T02:13:02.931800+00:00
5136-12806,Quectel,Window Covering,514,QMWC3206,2026-08-13T02:13:02.931800+00:00
5136-12807,Quectel,Door Lock,10,QMDL3207,2026-08-13T02:13:02.931800+00:00
5136-12808,Quectel,Thermostat,769,QMT3208,2026-08-13T02:13:02.931800+00:00
5136-12809,Quectel,Air Quality Sensor,44,QMAQS3209,2026-08-13T02:13:02.931800+00:00
5136-12810,Quectel,Electrical Sensor,1296,QMES320A,2026-08-13T02:13:02.931800+00:00
5136-12811,Quectel,Water Leak,67,QMWL320B,2026-08-13T02:13:02.931800+00:00
5136-12812,Quectel,Rain Sensor,68,QMRS320C,2026-08-13T02:13:02.931800+00:00
5136-12813,Quectel,Dimmable Plug,267,QMDP320D,2026-08-13T02:13:02.931800+00:00
5136-12814,Quectel,Contact Sensor,21,QMCS320E,2026-08-13T02:13:02.931800+00:00
5136-12816,Quectel,Fan,43,QMF3210,2026-08-13T02:13:02.931800+00:00
5136-36865,Quectel,Fan Light,43,QMFL9001,2026-08-13T02:13:02.931800+00:00
5136-65281,Quectel,On Off Light,256,QMOOLFF01,2026-08-13T02:13:02.931800+00:00
5136-65282,Quectel,Dimmable Light,257,QMDLFF02,2026-08-13T02:13:02.931800+00:00
5136-65283,Quectel,Color Temperature Light,268,QMCTLFF03,2026-08-13T02:13:02.931800+00:00
5136-65284,Quectel,Extended Color Light,269,QMECLFF04,2026-08-13T02:13:02.931800+00:00
5136-65285,Quectel,On Off Plug,266,QMOOPFF05,2026-08-13T02:13:02.931800+00:00
5136-65286,Quectel,Window Covering,514,QMWCFF06,2026-08-13T02:13:02.931800+00:00
5136-65287,Quectel,Door Lock,10,QMDLFF07,2026-08-13T02:13:02.931800+00:00
5136-65288,Quectel,Thermostat,769,QMTFF08,2026-08-13T02:13:02.931800+00:00
5136-65289,Quectel,Air Quality Sensor,44,QMAQSFF09,2026-08-13T02:13:02.931800+00:00
5136-65290,Quectel,Electrical Sensor,1296,QMESFF0A,2026-08-13T02:13:02.931800+00:00
5136-65291,Quectel,Water Leak,67,QMWLFF0B,2026-08-13T02:13:02.931800+00:00
5136-65292,Quectel,Rain Sensor,68,QMRSFF0C,2026-08-13T02:13:02.931800+00:00
5136-65293,Quectel,Dimmable Plug,267,QMDPFF0D,2026-08-13T02:13:02.931800+00:00
5136-65294,Quectel,Contact Sensor,21,QMCSFF0E,2026-08-13T02:13:02.931800+00:00
5136-65295,Quectel,Occupancy Sensor,263,QMOSFF0F,2026-08-13T02:13:02.931800+00:00
5136-65296,Quectel,Fan,43,QMFFF10,2026-08-13T02:13:02.931800+00:00
5136-65297,Quectel,EVSE,1292,QMEVSEFF11,2026-08-13T02:13:02.931800+00:00
5136-65298,Quectel,Air Purifier,45,QMAPFF12,2026-08-13T02:13:02.931800+00:00
5136-65299,Quectel,Laundry Washer,115,QMLWFF13,2026-08-13T02:13:02.931800+00:00
5136-65300,Quectel,Fan Light,43,QMFLFF14,2026-08-13T02:13:02.931800+00:00
5136-65301,Quectel,Oven,123,QMOFF15,2026-08-13T02:13:02.931800+00:00
5136-65302,Quectel,Refrigerator,112,QMRFF16,2026-08-13T02:13:02.931800+00:00
5136-65303,Quectel,Smoke CO Alarm,118,QMSCAFF17,2026-08-13T02:13:02.931800+00:00
5136-65304,Quectel,Plug Light,267,QMPLFF18,2026-08-13T02:13:02.931800+00:00
5136-65305,Quectel,Temp Humidity Sensor,770,QMTHSFF19,2026-08-13T02:13:02.931800+00:00
5137-1,Freedompro,Freedompro Light (LB0104-A),256,Freedompro Light (LB0104-A),2026-08-13T02:13:02.931800+00:00
5137-2,Freedompro,Freedompro Light (LB0104-C),256,Freedompro Light (LB0104-C),2026-08-13T02:13:02.931800+00:00
5137-3,Freedompro,Freedompro Light (LB0104-B),256,Freedompro Light (LB0104-B),2026-08-13T02:13:02.931800+00:00
5137-4,Freedompro,Freedompro Light (LB0104-D),256,Freedompro Light (LB0104-D),2026-08-13T02:13:02.931800+00:00
5137-5,Freedompro,Freedompro Light (LB0202-A),256,Freedompro Light (LB0202-A),2026-08-13T02:13:02.931800+00:00
5137-6,Freedompro,Freedompro Light (LB0202-C),256,Freedompro Light (LB0202-C),2026-08-13T02:13:02.931800+00:00
5137-7,Freedompro,Freedompro Light (LB0202-B),256,Freedompro Light (LB0202-B),2026-08-13T02:13:02.931800+00:00
5137-8,Freedompro,Freedompro Light (LB0202-D),256,Freedompro Light (LB0202-D),2026-08-13T02:13:02.931800+00:00
5137-9,Freedompro,Freedompro Light (LB0602-E),256,Freedompro Light (LB0602-E),2026-08-13T02:13:02.931800+00:00
5137-10,Freedompro,Freedompro Light (LB0602-F),256,Freedompro Light (LB0602-F),2026-08-13T02:13:02.931800+00:00
5137-11,Freedompro,Freedompro Light (LB0801-E),256,Freedompro Light (LB0801-E),2026-08-13T02:13:02.931800+00:00
5137-12,Freedompro,Freedompro Light (LB0801-F),256,Freedompro Light (LB0801-F),2026-08-13T02:13:02.931800+00:00
5137-13,Freedompro,Freedompro Shutter (WC0102-A),514,Freedompro Shutter (WC0102-A),2026-08-13T02:13:02.931800+00:00
5137-14,Freedompro,Freedompro Shutter (WC0102-C),514,Freedompro Shutter (WC0102-C),2026-08-13T02:13:02.931800+00:00
5137-15,Freedompro,Freedompro Shutter (WC0102-B),514,Freedompro Shutter (WC0102-B),2026-08-13T02:13:02.931800+00:00
5137-16,Freedompro,Freedompro Shutter (WC0102-D),514,Freedompro Shutter (WC0102-D),2026-08-13T02:13:02.931800+00:00
5137-17,Freedompro,Freedompro Shutter (WC0201-A),514,Freedompro Shutter (WC0201-A),2026-08-13T02:13:02.931800+00:00
5137-18,Freedompro,Freedompro Shutter (WC0201-C),514,Freedompro Shutter (WC0201-C),2026-08-13T02:13:02.931800+00:00
5137-19,Freedompro,Freedompro Shutter (WC0201-B),514,Freedompro Shutter (WC0201-B),2026-08-13T02:13:02.931800+00:00
5137-20,Freedompro,Freedompro Shutter (WC0201-D),514,Freedompro Shutter (WC0201-D),2026-08-13T02:13:02.931800+00:00
5137-21,Freedompro,Freedompro Shutter (WC0601-E),514,Freedompro Shutter (WC0601-E),2026-08-13T02:13:02.931800+00:00
5137-22,Freedompro,Freedompro Shutter (WC0601-F),514,Freedompro Shutter (WC0601-F),2026-08-13T02:13:02.931800+00:00
5137-23,Freedompro,Freedompro Outlet (OL0202-A),266,Freedompro Outlet (OL0202-A),2026-08-13T02:13:02.931800+00:00
5137-24,Freedompro,Freedompro Outlet (OL0202-C),266,Freedompro Outlet (OL0202-C),2026-08-13T02:13:02.931800+00:00
5137-25,Freedompro,Freedompro Outlet (OL0202-B),266,Freedompro Outlet (OL0202-B),2026-08-13T02:13:02.931800+00:00
5137-26,Freedompro,Freedompro Outlet (OL0202-D),266,Freedompro Outlet (OL0202-D),2026-08-13T02:13:02.931800+00:00
5137-27,Freedompro,Freedompro Dry Contact (SW0302-A),266,Freedompro Dry (SW0302-A),2026-08-13T02:13:02.931800+00:00
5137-28,Freedompro,Freedompro Dry Contact (SW0302-C),266,Freedompro Dry (SW0302-C),2026-08-13T02:13:02.931800+00:00
5137-29,Freedompro,Freedompro Dry Contact (SW0302-B),266,Freedompro Dry (SW0302-B),2026-08-13T02:13:02.931800+00:00
5137-30,Freedompro,Freedompro Dry Contact (SW0302-D),266,Freedompro Dry (SW0302-D),2026-08-13T02:13:02.931800+00:00
5137-31,Freedompro,Freedompro Outlet (OL0602-E),266,Freedompro Outlet (OL0602-E),2026-08-13T02:13:02.931800+00:00
5137-32,Freedompro,Freedompro Outlet (OL0602-F),266,Freedompro Outlet (OL0602-F),2026-08-13T02:13:02.931800+00:00
5137-33,Freedompro,Freedompro Dry Contact (SW0702-E),266,Freedompro Dry (SW0702-E),2026-08-13T02:13:02.931800+00:00
5137-34,Freedompro,Freedompro Dry Contact (SW0702-F),266,Freedompro Dry (SW0702-F),2026-08-13T02:13:02.931800+00:00
5137-35,Freedompro,Freedompro Outlet (OL0801-E),266,Freedompro Outlet (OL0801-E),2026-08-13T02:13:02.931800+00:00
5137-36,Freedompro,Freedompro Outlet (OL0801-F),266,Freedompro Outlet (OL0801-F),2026-08-13T02:13:02.931800+00:00
5137-37,Freedompro,Freedompro Dry Contact (SW0901-E),266,Freedompro Dry (SW0901-E),2026-08-13T02:13:02.931800+00:00
5137-38,Freedompro,Freedompro Dry Contact (SW0901-F),266,Freedompro Dry (SW0901-F),2026-08-13T02:13:02.931800+00:00
5138-1,Disign,SMARTWIZ+ art,145,SA073-ES3-B1,2026-08-13T02:13:02.931800+00:00
5139-1,1Home,1Home Server,14,1H-SRV-1,2026-08-13T02:13:02.931800+00:00
5139-2,1Home,Elsner KNX Matter Server,14,71256,2026-08-13T02:13:02.931800+00:00
5141-193,Caveman,Caveman Smart A19/A60 Light Bulb,269,SQCM01,2026-08-13T02:13:02.931800+00:00
5141-3073,Caveman,SQCM01,269,SQCM01,2026-08-13T02:13:02.931800+00:00
5141-3074,Caveman,SQCM02,269,SQCM02,2026-08-13T02:13:02.931800+00:00
5142-2817,Umbra,Umbra Cono Lamp,269,SQUB01,2026-08-13T02:13:02.931800+00:00
5142-2819,Umbra,Umbra Cup Lamp,269,SQUB03,2026-08-13T02:13:02.931800+00:00
5143-4096,Konnected,Konnected Alarm Panel Pro,14,APPROv1,2026-08-13T02:13:02.931800+00:00
5143-4112,Konnected,Konnected Garage Door Opener White,514,GDOv2-S,2026-08-13T02:13:02.931800+00:00
5143-4128,Konnected,Konnected Garage Door Opener blaQ,514,GDOv2-Q,2026-08-13T02:13:02.931800+00:00
5144-28679,Klite,Klite A60 Color,269,-,2026-08-13T02:13:02.931800+00:00
5144-28680,Klite,Klite A60 Color,269,-,2026-08-13T02:13:02.931800+00:00
5144-28681,Klite,Klite A60 Color,269,-,2026-08-13T02:13:02.931800+00:00
5144-28682,Klite,Klite A60 Color,269,-,2026-08-13T02:13:02.931800+00:00
5144-28683,Klite,Klite A70 Color,269,-,2026-08-13T02:13:02.931800+00:00
5144-28684,Klite,Klite A70 Color,269,-,2026-08-13T02:13:02.931800+00:00
5144-28685,Klite,Klite G100 Color,269,-,2026-08-13T02:13:02.931800+00:00
5144-28686,Klite,Klite G100 Color,269,-,2026-08-13T02:13:02.931800+00:00
5144-28687,Klite,Klite G100 Color,269,-,2026-08-13T02:13:02.931800+00:00
5144-28688,Klite,Klite G100 Color,269,-,2026-08-13T02:13:02.931800+00:00
5144-28689,Klite,Klite R63 Color,269,-,2026-08-13T02:13:02.931800+00:00
5144-28690,Klite,Klite A19 Color,269,-,2026-08-13T02:13:02.931800+00:00
5144-28691,Klite,Klite A19 Color,269,-,2026-08-13T02:13:02.931800+00:00
5144-28692,Klite,Klite A21 Color,269,-,2026-08-13T02:13:02.931800+00:00
5144-28693,Klite,Klite BR30 Color,269,-,2026-08-13T02:13:02.931800+00:00
5144-28694,Klite,Klite BR30 Color,269,-,2026-08-13T02:13:02.931800+00:00
5144-28695,Klite,Klite Downlight Color,269,-,2026-08-13T02:13:02.931800+00:00
5144-28696,Klite,Klite Downlight Color,269,-,2026-08-13T02:13:02.931800+00:00
5144-28697,Klite,Klite Downlight Color,269,-,2026-08-13T02:13:02.931800+00:00
5144-28698,Klite,Klite A60 Color,269,-,2026-08-13T02:13:02.931800+00:00
5144-28699,Klite,Klite G100 Color,269,-,2026-08-13T02:13:02.931800+00:00
5144-28700,Klite,Klite GU10 Color,269,-,2026-08-13T02:13:02.931800+00:00
5144-28701,Klite,Klite G45 Color,269,-,2026-08-13T02:13:02.931800+00:00
5144-28750,Klite,Klite A60 FIL CCT,268,-,2026-08-13T02:13:02.931800+00:00
5144-28751,Klite,Klite A60 FIL CCT,268,-,2026-08-13T02:13:02.931800+00:00
5144-28752,Klite,Klite ST64 FIL CCT,268,-,2026-08-13T02:13:02.931800+00:00
5144-28753,Klite,Klite ST64 FIL CCT,268,-,2026-08-13T02:13:02.931800+00:00
5144-28754,Klite,Klite G95 FIL CCT,268,-,2026-08-13T02:13:02.931800+00:00
5144-28755,Klite,Klite G95 FIL CCT,268,-,2026-08-13T02:13:02.931800+00:00
5145-4097,Lorex,Network Video Recorder,256,N910A6-Z,2026-08-13T02:13:02.931800+00:00
5148-1,(unknown vendor 5148),CozyLife Matter,269,1,2026-08-13T02:13:02.931800+00:00
5149-111,Secuyou APS,Secuyou Smart Lock,10,22-400,2026-08-13T02:13:02.931800+00:00
5150-1,arre home LLC,arre Button,15,TSB3194,2026-08-13T02:13:02.931800+00:00
5150-2,arre home LLC,arre Contact Sensor,21,TCS0705,2026-08-13T02:13:02.931800+00:00
5150-3,arre home LLC,arre Temperature Sensor,770,TTS-1195,2026-08-13T02:13:02.931800+00:00
5150-4,arre home LLC,arre Smart Lock,10,ASL-1273,2026-08-13T02:13:02.931800+00:00
5150-5,arre home LLC,arre Motion Sensor,263,AMS-042318,2026-08-13T02:13:02.931800+00:00
5150-6,arre home LLC,arre Dimmer,257,ADS-0423,2026-08-13T02:13:02.931800+00:00
5150-7,arre home LLC,arre Leak Sensor,67,AWLS112324,2026-08-13T02:13:02.931800+00:00
5151-4097,Ductech,DUC Blinds with SMARTWINGS,514,0,2026-08-13T02:13:02.931800+00:00
5151-4098,Ductech,SmartWings Levitate with DUCTECH,514,-,2026-08-13T02:13:02.931800+00:00
5151-4099,Ductech,DUC Wire,256,-,2026-08-13T02:13:02.931800+00:00
5151-4100,Ductech,DUC Cozy,769,-,2026-08-13T02:13:02.931800+00:00
5151-4101,Ductech,TARUIE AC Remote,769,-,2026-08-13T02:13:02.931800+00:00
5151-4102,Ductech,DUC Sensor,263,-,2026-08-13T02:13:02.931800+00:00
5152-1,EcoFlow Inc.,EcoFlow Smart Plug,266,0x0001,2026-08-13T02:13:02.931800+00:00
5152-2,EcoFlow Inc.,EcoFlow Smart Plug,266,0x0001,2026-08-13T02:13:02.931800+00:00
5152-3,EcoFlow Inc.,EcoFlow Smart Plug,266,0x0001,2026-08-13T02:13:02.931800+00:00
5152-16,EcoFlow Inc.,EcoFlow PowerInsight,14,0x1,2026-08-13T02:13:02.931800+00:00
5152-17,EcoFlow Inc.,EcoFlow Powerinsight 2 Max Monitor,14,EF-MT-003,2026-08-13T02:13:02.931800+00:00
5152-18,EcoFlow Inc.,EcoFlow Powerinsight 2 Max Monitor,14,EF-MT-002,2026-08-13T02:13:02.931800+00:00
5153-65,Kwikset,Halo Select,10,9800,2026-08-13T02:13:02.931800+00:00
5153-66,Kwikset,Halo Select Plus,10,9801,2026-08-13T02:13:02.931800+00:00
5153-129,Kwikset,Aura Reach,10,9400,2026-08-13T02:13:02.931800+00:00
5155-89,Feit Electric,LIFX Switch,15,SWAU1G4WH,2026-08-13T02:13:02.931800+00:00
5155-115,Feit Electric,LIFX Switch,15,SWAU2G4WH,2026-08-13T02:13:02.931800+00:00
5155-116,Feit Electric,LIFX Switch,15,SWUS1P2WH,2026-08-13T02:13:02.931800+00:00
5155-117,Feit Electric,LIFX Z,269,LC3C2US,2026-08-13T02:13:02.931800+00:00
5155-118,Feit Electric,LIFX Z,269,LC3C2IN,2026-08-13T02:13:02.931800+00:00
5155-119,Feit Electric,LIFX Beam,269,BC3C2US,2026-08-13T02:13:02.931800+00:00
5155-120,Feit Electric,LIFX Beam,269,BC3C2IN,2026-08-13T02:13:02.931800+00:00
5155-141,Feit Electric,LIFX Neon,269,LFXNEON6.5,2026-08-13T02:13:02.931800+00:00
5155-142,Feit Electric,LIFX Light,269,NIC3C1IN,2026-08-13T02:13:02.931800+00:00
5155-143,Feit Electric,LIFX String,269,LSC31US,2026-08-13T02:13:02.931800+00:00
5155-144,Feit Electric,LIFX String,269,LSC31IN,2026-08-13T02:13:02.931800+00:00
5155-161,Feit Electric,LIFX Neon Outdoor,269,LFXNEON16/WP,2026-08-13T02:13:02.931800+00:00
5155-162,Feit Electric,LIFX Neon Outdoor,269,LFXNEON16/WP/AU,2026-08-13T02:13:02.931800+00:00
5155-163,Feit Electric,LIFX A19,269,A19L4AE26,2026-08-13T02:13:02.931800+00:00
5155-164,Feit Electric,LIFX BR30,269,BR30L4AE26,2026-08-13T02:13:02.931800+00:00
5155-165,Feit Electric,LIFX Color,269,A19L4AE27,2026-08-13T02:13:02.931800+00:00
5155-166,Feit Electric,LIFX Color,269,BR30L4AE27,2026-08-13T02:13:02.931800+00:00
5155-167,Feit Electric,LIFX Downlight,269,DC4AAU,2026-08-13T02:13:02.931800+00:00
5155-168,Feit Electric,LIFX Downlight,269,DR6C4AUS,2026-08-13T02:13:02.931800+00:00
5155-169,Feit Electric,LIFX A21,269,LFXA211600RGBW,2026-08-13T02:13:02.931800+00:00
5155-170,Feit Electric,LIFX A21,269,A21L4AE27,2026-08-13T02:13:02.931800+00:00
5155-171,Feit Electric,LIFX Spot,269,LFX/LV/SPOT/RND,2026-08-13T02:13:02.931800+00:00
5155-173,Feit Electric,LIFX Path (Round),269,LFX/LV/PATH/RND,2026-08-13T02:13:02.931800+00:00
5155-174,Feit Electric,LIFX Path (Square),269,LFX/LV/PATH/SQR,2026-08-13T02:13:02.931800+00:00
5155-175,Feit Electric,LIFX PAR38,269,P38L4AE26,2026-08-13T02:13:02.931800+00:00
5155-176,Feit Electric,LIFX Ceiling,269,LFXRND1556C/WH,2026-08-13T02:13:02.931800+00:00
5155-177,Feit Electric,LIFX Ceiling,269,LCR15L4W1AU,2026-08-13T02:13:02.931800+00:00
5155-178,Feit Electric,LIFX Downlight,269,DC6C4AUS,2026-08-13T02:13:02.931800+00:00
5155-179,Feit Electric,LIFX Downlight,269,DR4C4AUS,2026-08-13T02:13:02.931800+00:00
5155-180,Feit Electric,LIFX Downlight,269,DC4C4AUS,2026-08-13T02:13:02.931800+00:00
5155-181,Feit Electric,LIFX Color,269,MC4AE26,2026-08-13T02:13:02.931800+00:00
5155-182,Feit Electric,LIFX Color,269,MC4AE27,2026-08-13T02:13:02.931800+00:00
5155-183,Feit Electric,LIFX Color,269,MFC4AE26,2026-08-13T02:13:02.931800+00:00
5155-184,Feit Electric,LIFX Color,269,MFC4AE27,2026-08-13T02:13:02.931800+00:00
5155-185,Feit Electric,LIFX Candle Color,269,CPL4AE12,2026-08-13T02:13:02.931800+00:00
5155-186,Feit Electric,LIFX Candle Color,269,CPL4AE14,2026-08-13T02:13:02.931800+00:00
5155-187,Feit Electric,LIFX Color,269,CCL4AE12,2026-08-13T02:13:02.931800+00:00
5155-188,Feit Electric,LIFX Color,269,CCL4AE14,2026-08-13T02:13:02.931800+00:00
5155-189,Feit Electric,LIFX Color,269,FSTL4E26,2026-08-13T02:13:02.931800+00:00
5155-190,Feit Electric,LIFX Color,269,FSTL4E27,2026-08-13T02:13:02.931800+00:00
5155-191,Feit Electric,LIFX Everyday A19,269,LXA19L4AE26,2026-08-13T02:13:02.931800+00:00
5155-192,Feit Electric,LIFX Color,269,LXA19L4AE27,2026-08-13T02:13:02.931800+00:00
5155-193,Feit Electric,LIFX Color A21,269,LXA21L4AE26,2026-08-13T02:13:02.931800+00:00
5155-194,Feit Electric,LIFX Color A21,269,LXA21L4AE27,2026-08-13T02:13:02.931800+00:00
5155-195,Feit Electric,LIFX Color,269,LXB30L4AE26,2026-08-13T02:13:02.931800+00:00
5155-196,Feit Electric,LIFX Color,269,LXB30L4AE27,2026-08-13T02:13:02.931800+00:00
5155-197,Feit Electric,LIFX Ceiling,269,LCR13L4W1,2026-08-13T02:13:02.931800+00:00
5155-198,Feit Electric,LIFX Ceiling,269,LCR13L4W1AU,2026-08-13T02:13:02.931800+00:00
5155-199,Feit Electric,LIFX Ceiling,269,LCR8L4W1,2026-08-13T02:13:02.931800+00:00
5155-200,Feit Electric,LIFX Ceiling,269,LCR8L4W1AU,2026-08-13T02:13:02.931800+00:00
5155-201,Feit Electric,LIFX Ceiling 13x26,269,LCR1326L4W1,2026-08-13T02:13:02.931800+00:00
5155-202,Feit Electric,LIFX Ceiling 13x26,269,LCR1326L4W1AU,2026-08-13T02:13:02.931800+00:00
5155-203,Feit Electric,LIFX String,269,LSC41US,2026-08-13T02:13:02.931800+00:00
5155-204,Feit Electric,LIFX String,269,LSC41IN,2026-08-13T02:13:02.931800+00:00
5155-205,Feit Electric,LIFX Neon,269,NIC4C1US,2026-08-13T02:13:02.931800+00:00
5155-206,Feit Electric,LIFX Neon,269,NIC4C1IN,2026-08-13T02:13:02.931800+00:00
5155-207,Feit Electric,LIFX Everyday Lightstrip,269,LXTC4C1US,2026-08-13T02:13:02.931800+00:00
5155-208,Feit Electric,LIFX Everyday Lightstrip,269,LXTC4C1IN,2026-08-13T02:13:02.931800+00:00
5155-209,Feit Electric,LIFX Beam,269,BC4C1US,2026-08-13T02:13:02.931800+00:00
5155-210,Feit Electric,LIFX Beam,269,BC4C1IN,2026-08-13T02:13:02.931800+00:00
5155-211,Feit Electric,LIFX Everyday Permanent Outdoor,269,LC4C1US,2026-08-13T02:13:02.931800+00:00
5155-212,Feit Electric,LIFX Lightstrip,269,LC4C1IN,2026-08-13T02:13:02.931800+00:00
5155-213,Feit Electric,LIFX Permanent Outdoor,269,POC4AUS,2026-08-13T02:13:02.931800+00:00
5155-214,Feit Electric,LIFX Permanent Outdoor,269,POC4AIN,2026-08-13T02:13:02.931800+00:00
5155-215,Feit Electric,LIFX Candle Color,269,CPL4AE26,2026-08-13T02:13:02.931800+00:00
5155-216,Feit Electric,LIFX Candle Color,269,CPL4AE27,2026-08-13T02:13:02.931800+00:00
5155-217,Feit Electric,LIFX Tube,269,T10PL4AE26,2026-08-13T02:13:02.931800+00:00
5155-218,Feit Electric,LIFX Tube,269,T10PL4AE27,2026-08-13T02:13:02.931800+00:00
5155-219,Feit Electric,LIFX Luna,269,CMC4AUS,2026-08-13T02:13:02.931800+00:00
5155-220,Feit Electric,LIFX Luna,269,CMC4AIN,2026-08-13T02:13:02.931800+00:00
5155-221,Feit Electric,LIFX Spot,269,LSS4A,2026-08-13T02:13:02.931800+00:00
5155-222,Feit Electric,LIFX Path (Round),269,LPR4A,2026-08-13T02:13:02.931800+00:00
5155-223,Feit Electric,LIFX Downlight,269,DC4AUS,2026-08-13T02:13:02.931800+00:00
5155-224,Feit Electric,LIFX Downlight,269,DCDB4AAU,2026-08-13T02:13:02.931800+00:00
5155-225,Feit Electric,LIFX PAR38,269,P38L4AE27,2026-08-13T02:13:02.931800+00:00
5155-226,Feit Electric,LIFX Dimmer Switch,15,LFXB/DIM,2026-08-13T02:13:02.931800+00:00
5155-227,Feit Electric,LIFX Switch,15,LFXB/DIM/AU,2026-08-13T02:13:02.931800+00:00
5155-228,Feit Electric,LIFX Switch,15,LFXB/DIM/EU,2026-08-13T02:13:02.931800+00:00
5155-229,Feit Electric,LIFX Path (Square),269,LFX/LV/PATH/RND/AU,2026-08-13T02:13:02.931800+00:00
5155-257,Feit Electric,LIFX Color,269,LWL4AUS,2026-08-13T02:13:02.931800+00:00
5155-258,Feit Electric,LIFX Color,269,LWL4AIN,2026-08-13T02:13:02.931800+00:00
5155-259,Feit Electric,LIFX Path,269,LPRS4AUS,2026-08-13T02:13:02.931800+00:00
5155-260,Feit Electric,LIFX Path,269,LPRS4AIN,2026-08-13T02:13:02.931800+00:00
5155-261,Feit Electric,LIFX Spot,269,LSS4AUS,2026-08-13T02:13:02.931800+00:00
5155-262,Feit Electric,LIFX Spot,269,LSS4AIN,2026-08-13T02:13:02.931800+00:00
5155-263,Feit Electric,LIFX Color,269,LFLS4AUS,2026-08-13T02:13:02.931800+00:00
5155-264,Feit Electric,LIFX Color,269,LFLS4AIN,2026-08-13T02:13:02.931800+00:00
5155-265,Feit Electric,LIFX Ceiling,269,LCR13L4W2,2026-08-13T02:13:02.931800+00:00
5155-266,Feit Electric,LIFX Ceiling,269,LCR13L4W2AU,2026-08-13T02:13:02.931800+00:00
5155-267,Feit Electric,LIFX Mirror,269,LM3622A4US,2026-08-13T02:13:02.931800+00:00
5155-268,Feit Electric,LIFX Mirror,269,LM3622A4IN,2026-08-13T02:13:02.931800+00:00
5155-269,Feit Electric,LIFX Color,269,MC4BE26,2026-08-13T02:13:02.931800+00:00
5155-270,Feit Electric,LIFX Color,269,MC4BE27,2026-08-13T02:13:02.931800+00:00
5155-271,Feit Electric,LIFX Color,269,A19L4BE26,2026-08-13T02:13:02.931800+00:00
5155-272,Feit Electric,LIFX Color,269,A19L4BE27,2026-08-13T02:13:02.931800+00:00
5155-273,Feit Electric,LIFX Color,269,BR30L4BE26,2026-08-13T02:13:02.931800+00:00
5155-274,Feit Electric,LIFX Color,269,BR30L4BE27,2026-08-13T02:13:02.931800+00:00
5155-275,Feit Electric,LIFX Luna,269,,2026-08-13T02:13:02.931800+00:00
5155-276,Feit Electric,LIFX Luna,269,,2026-08-13T02:13:02.931800+00:00
5155-279,Feit Electric,LIFX Permanent Outdoor,269,,2026-08-13T02:13:02.931800+00:00
5155-280,Feit Electric,LIFX SuperColor A21,269,,2026-08-13T02:13:02.931800+00:00
5155-281,Feit Electric,LIFX SuperColor A21,269,,2026-08-13T02:13:02.931800+00:00
5155-282,Feit Electric,LIFX SuperColor PAR38,269,,2026-08-13T02:13:02.931800+00:00
5155-283,Feit Electric,LIFX SuperColor PAR38,269,,2026-08-13T02:13:02.931800+00:00
5155-284,Feit Electric,LIFX Ceiling,269,,2026-08-13T02:13:02.931800+00:00
5155-285,Feit Electric,LIFX Ceiling,269,,2026-08-13T02:13:02.931800+00:00
5155-286,Feit Electric,LIFX Ceiling,269,,2026-08-13T02:13:02.931800+00:00
5155-287,Feit Electric,LIFX Ceiling,269,,2026-08-13T02:13:02.931800+00:00
5155-288,Feit Electric,LIFX Ceiling,269,,2026-08-13T02:13:02.931800+00:00
5155-289,Feit Electric,LIFX Ceiling,269,,2026-08-13T02:13:02.931800+00:00
5155-290,Feit Electric,LIFX Ceiling,269,,2026-08-13T02:13:02.931800+00:00
5155-291,Feit Electric,LIFX Ceiling,269,,2026-08-13T02:13:02.931800+00:00
5155-292,Feit Electric,LIFX Lightstrip,269,,2026-08-13T02:13:02.931800+00:00
5155-293,Feit Electric,LIFX Lightstrip,269,,2026-08-13T02:13:02.931800+00:00
5155-294,Feit Electric,LIFX Lightstrip,269,,2026-08-13T02:13:02.931800+00:00
5155-295,Feit Electric,LIFX Lightstrip,269,,2026-08-13T02:13:02.931800+00:00
5155-296,Feit Electric,LIFX Neon,269,,2026-08-13T02:13:02.931800+00:00
5155-297,Feit Electric,LIFX Neon,269,,2026-08-13T02:13:02.931800+00:00
5155-298,Feit Electric,LIFX String,269,,2026-08-13T02:13:02.931800+00:00
5155-299,Feit Electric,LIFX String,269,,2026-08-13T02:13:02.931800+00:00
5155-300,Feit Electric,LIFX Everyday Permanent Outdoor,269,,2026-08-13T02:13:02.931800+00:00
5155-301,Feit Electric,LIFX Everyday Permanent Outdoor,269,,2026-08-13T02:13:02.931800+00:00
5155-302,Feit Electric,LIFX Everyday Permanent Outdoor,269,,2026-08-13T02:13:02.931800+00:00
5155-303,Feit Electric,LIFX A21,269,,2026-08-13T02:13:02.931800+00:00
5155-304,Feit Electric,LIFX A21,269,,2026-08-13T02:13:02.931800+00:00
5155-305,Feit Electric,LIFX BR30,269,,2026-08-13T02:13:02.931800+00:00
5155-306,Feit Electric,LIFX BR30,269,,2026-08-13T02:13:02.931800+00:00
5155-307,Feit Electric,LIFX Color,269,,2026-08-13T02:13:02.931800+00:00
5155-308,Feit Electric,LIFX Color,269,,2026-08-13T02:13:02.931800+00:00
5155-309,Feit Electric,LIFX Color,269,,2026-08-13T02:13:02.931800+00:00
5155-310,Feit Electric,LIFX Color,269,,2026-08-13T02:13:02.931800+00:00
5155-311,Feit Electric,LIFX Color,269,,2026-08-13T02:13:02.931800+00:00
5155-312,Feit Electric,LIFX Color,269,,2026-08-13T02:13:02.931800+00:00
5155-3939,Feit Electric,Smart Home Key Doorlock,10,USI/DOOR/LOCK/FS/HK,2026-08-13T02:13:02.931800+00:00
5158-3,ELEGRP,ELEGRP Smart Mini Plug,266,MP10,2026-08-13T02:13:02.931800+00:00
5159-866,Hama GmbH,Smart Plug,266,1,2026-08-13T02:13:02.931800+00:00
5159-1116,Hama GmbH,Smart Bulb GU10,269,00176642,2026-08-13T02:13:02.931800+00:00
5159-1117,Hama GmbH,Smart Bulb E14,269,00176641,2026-08-13T02:13:02.931800+00:00
5159-1118,Hama GmbH,Smart Bulb E27,269,00176640,2026-08-13T02:13:02.931800+00:00
5159-1342,Hama GmbH,Smart Bulb Filament,269,00176643_00176644,2026-08-13T02:13:02.931800+00:00
5159-1851,Hama GmbH,Smart outdoor Plug,266,00176655,2026-08-13T02:13:02.931800+00:00
5159-2047,Hama GmbH,Smart Plug with powermeter,266,00176654,2026-08-13T02:13:02.931800+00:00
5159-2087,Hama GmbH,Smart Home Hub,14,00176637,2026-08-13T02:13:02.931800+00:00
5159-2113,Hama GmbH,Smart outdoor Plug with powermeter,266,00176656,2026-08-13T02:13:02.931800+00:00
5159-2327,Hama GmbH,Smart Ceiling Light,269,00176666,2026-08-13T02:13:02.931800+00:00
5159-2374,Hama GmbH,Smart Garden Spotlight,269,00176679,2026-08-13T02:13:02.931800+00:00
5159-2409,Hama GmbH,Smart LED Strip,269,00176669,2026-08-13T02:13:02.931800+00:00
5159-2814,Hama GmbH,Smart Neon LED Strip,269,00176659,2026-08-13T02:13:02.931800+00:00
5159-2849,Hama GmbH,Smart Plug,266,00176681,2026-08-13T02:13:02.931800+00:00
5159-3826,Hama GmbH,Smart radiator thermostat,769,00176674/00176682,2026-08-13T02:13:02.931800+00:00
5159-3922,Hama GmbH,Smart Bulb,269,00176683/84/85/86/87/88,2026-08-13T02:13:02.931800+00:00
5161-1,Albrecht Jung GmbH & Co. KG,Push-button battery-powered,15,MAT*,2026-08-13T02:13:02.931800+00:00
5163-2,LETIANPAI,LeTianPai Presence Sensor Box,263,730,2026-08-13T02:13:02.931800+00:00
5163-4097,LETIANPAI,LeTianPai Smart Light Bulb,269,705,2026-08-13T02:13:02.931800+00:00
5163-4098,LETIANPAI,LeTianPai Smart Switch 1 Way,259,D706A,2026-08-13T02:13:02.931800+00:00
5163-4099,LETIANPAI,LeTianPai Smart Switch 2 Way,259,D706B,2026-08-13T02:13:02.931800+00:00
5163-4100,LETIANPAI,LeTianPai Smart Switch 3 Way,259,D706C,2026-08-13T02:13:02.931800+00:00
5165-2,QH,Smart Plug-in Unit,266,0000000000000000000000000000001,2026-08-13T02:13:02.931800+00:00
5167-2,QIACHIP,Smart Plug-in Unit,266,0000000000000000000000000000001,2026-08-13T02:13:02.931800+00:00
5168-1036,L-TRADE,Smart Bulb P3,269,Smart Bulb P3,2026-08-13T02:13:02.931800+00:00
5168-1037,L-TRADE,Smart Bulb,269,P4,2026-08-13T02:13:02.931800+00:00
5168-2268,L-TRADE,Nous A8M,266,A8M,2026-08-13T02:13:02.931800+00:00
5168-4808,L-TRADE,Smart Plug,266,Smart Plug,2026-08-13T02:13:02.931800+00:00
5170-4096,"ELKO EP, s.r.o.",RFSAI-62B-SL/MT,256,-,2026-08-13T02:13:02.931800+00:00
5170-4097,"ELKO EP, s.r.o.",RFGB-40B(W)/MT,15,-,2026-08-13T02:13:02.931800+00:00
5170-4098,"ELKO EP, s.r.o.",RFWD-100/MT,21,-,2026-08-13T02:13:02.931800+00:00
5170-4099,"ELKO EP, s.r.o.",RFWB-40G/MT,15,-,2026-08-13T02:13:02.931800+00:00
5171-886,MOMAX Technology (Hong Kong) Limited,Smart Rainbow LED,269,IB12S,2026-08-13T02:13:02.931800+00:00
5171-902,MOMAX Technology (Hong Kong) Limited,Smart Gateway 2.0,14,SL13S,2026-08-13T02:13:02.931800+00:00
5172-4096,(unknown vendor 5172),CS-A3,14,en-Us,2026-08-13T02:13:02.931800+00:00
5172-4098,(unknown vendor 5172),CS-A5,14,V100-BGMT,2026-08-13T02:13:02.931800+00:00
5172-4352,(unknown vendor 5172), Wi-Fi Relay ,266,en-Us,2026-08-13T02:13:02.931800+00:00
5172-4353,(unknown vendor 5172), Wi-Fi Relay ,266,en-Us,2026-08-13T02:13:02.931800+00:00
5172-4354,(unknown vendor 5172), Wi-Fi Relay ,266,en-Us,2026-08-13T02:13:02.931800+00:00
5172-4355,(unknown vendor 5172), Wi-Fi Relay ,266,en-Us,2026-08-13T02:13:02.931800+00:00
5172-4400,(unknown vendor 5172),WiFi Smart Plug,266,CS-T30,2026-08-13T02:13:02.931800+00:00
5172-4401,(unknown vendor 5172),WiFi Smart Plug,266,CS-T30-10E-EU,2026-08-13T02:13:02.931800+00:00
5172-4402,(unknown vendor 5172),WiFi Smart Plug,266,CS-T30-10S-EU,2026-08-13T02:13:02.931800+00:00
5172-4403,(unknown vendor 5172),WiFi Smart Plug,266,CS-T30-10E-UK,2026-08-13T02:13:02.931800+00:00
5172-4404,(unknown vendor 5172),WiFi Smart Plug,266,CS-T30-10S-UK,2026-08-13T02:13:02.931800+00:00
5172-4405,(unknown vendor 5172),WiFi Smart Plug,266,CS-T30-10E-US,2026-08-13T02:13:02.931800+00:00
5172-4406,(unknown vendor 5172),WiFi Smart Plug,266,CS-T30-10S-US,2026-08-13T02:13:02.931800+00:00
5172-4407,(unknown vendor 5172),WiFi Smart Plug,266,CS-T30-10E-JP,2026-08-13T02:13:02.931800+00:00
5172-4408,(unknown vendor 5172),WiFi Smart Plug,266,CS-T30-10S-JP,2026-08-13T02:13:02.931800+00:00
5172-4409,(unknown vendor 5172),WiFi Smart Plug,266,CS-T30-10E-AU,2026-08-13T02:13:02.931800+00:00
5172-4416,(unknown vendor 5172),WiFi Smart Plug,266,CS-T30-10S-AU,2026-08-13T02:13:02.931800+00:00
5172-4417,(unknown vendor 5172),WiFi Smart Plug,266,CS-T30-10E,2026-08-13T02:13:02.931800+00:00
5172-4418,(unknown vendor 5172),WiFi Smart Plug,266,CS-T30-10S,2026-08-13T02:13:02.931800+00:00
5172-4419,(unknown vendor 5172),WiFi Smart Plug,266,CS-T30-10E-FR,2026-08-13T02:13:02.931800+00:00
5172-4420,(unknown vendor 5172),WiFi Smart Plug,266,CS-T30-10S-FR,2026-08-13T02:13:02.931800+00:00
5172-4421,(unknown vendor 5172),WiFi Smart Plug,266,CS-T30-10E-IT,2026-08-13T02:13:02.931800+00:00
5172-4422,(unknown vendor 5172),WiFi Smart Plug,266,CS-T30-10S-IT,2026-08-13T02:13:02.931800+00:00
5172-4423,(unknown vendor 5172),WiFi Smart Plug,266,CS-T30-10E-DE,2026-08-13T02:13:02.931800+00:00
5172-4424,(unknown vendor 5172),WiFi Smart Plug,266,CS-T30-10E-BR,2026-08-13T02:13:02.931800+00:00
5172-4425,(unknown vendor 5172),WiFi Smart Plug,266,CS-T30-10E-ZA,2026-08-13T02:13:02.931800+00:00
5172-4432,(unknown vendor 5172),WiFi Smart Plug,266,CS-T30-10E-IN,2026-08-13T02:13:02.931800+00:00
5172-4433,(unknown vendor 5172),WiFi Smart Plug,266,CS-T30-10E-AR,2026-08-13T02:13:02.931800+00:00
5172-4434,(unknown vendor 5172),WiFi Smart Plug,266,CS-T30-10E-CH,2026-08-13T02:13:02.931800+00:00
5172-4435,(unknown vendor 5172),WiFi Smart Plug,266,CS-T30-10E-SG,2026-08-13T02:13:02.931800+00:00
5172-4448,(unknown vendor 5172),WiFi Smart Plug,266,CS-T31,2026-08-13T02:13:02.931800+00:00
5172-4449,(unknown vendor 5172),WiFi Smart Plug,266,CS-T31-16E-EU,2026-08-13T02:13:02.931800+00:00
5172-4450,(unknown vendor 5172),WiFi Smart Plug,266,CS-T31-16S-EU,2026-08-13T02:13:02.931800+00:00
5172-4451,(unknown vendor 5172),WiFi Smart Plug,266,CS-T31-16E-UK,2026-08-13T02:13:02.931800+00:00
5172-4452,(unknown vendor 5172),WiFi Smart Plug,266,CS-T31-16S-UK,2026-08-13T02:13:02.931800+00:00
5172-4453,(unknown vendor 5172),WiFi Smart Plug,266,CS-T31-16E-US,2026-08-13T02:13:02.931800+00:00
5172-4454,(unknown vendor 5172),WiFi Smart Plug,266,CS-T31-16S-US,2026-08-13T02:13:02.931800+00:00
5172-4455,(unknown vendor 5172),WiFi Smart Plug,266,CS-T31-16E-JP,2026-08-13T02:13:02.931800+00:00
5172-4456,(unknown vendor 5172),WiFi Smart Plug,266,CS-T31-16S-JP,2026-08-13T02:13:02.931800+00:00
5172-4457,(unknown vendor 5172),WiFi Smart Plug,266,CS-T31-16E-AU,2026-08-13T02:13:02.931800+00:00
5172-4464,(unknown vendor 5172),WiFi Smart Plug,266,CS-T31-16S-AU,2026-08-13T02:13:02.931800+00:00
5172-4465,(unknown vendor 5172),WiFi Smart Plug,266,CS-T31-16E,2026-08-13T02:13:02.931800+00:00
5172-4466,(unknown vendor 5172),WiFi Smart Plug,266,CS-T31-16S,2026-08-13T02:13:02.931800+00:00
5172-4467,(unknown vendor 5172),WiFi Smart Plug,266,CS-T31-16E-FR,2026-08-13T02:13:02.931800+00:00
5172-4468,(unknown vendor 5172),WiFi Smart Plug,266,CS-T31-16S-FR,2026-08-13T02:13:02.931800+00:00
5172-4469,(unknown vendor 5172),WiFi Smart Plug,266,CS-T31-16E-IT,2026-08-13T02:13:02.931800+00:00
5172-4470,(unknown vendor 5172),WiFi Smart Plug,266,CS-T31-16S-IT,2026-08-13T02:13:02.931800+00:00
5172-4471,(unknown vendor 5172),WiFi Smart Plug,266,CS-T31-16E-DE,2026-08-13T02:13:02.931800+00:00
5172-4472,(unknown vendor 5172),WiFi Smart Plug,266,CS-T31-16E-BR,2026-08-13T02:13:02.931800+00:00
5172-4473,(unknown vendor 5172),WiFi Smart Plug,266,CS-T31-16E-ZA,2026-08-13T02:13:02.931800+00:00
5172-4480,(unknown vendor 5172),WiFi Smart Plug,266,CS-T31-16E-IN,2026-08-13T02:13:02.931800+00:00
5172-4481,(unknown vendor 5172),WiFi Smart Plug,266,CS-T31-16E-AR,2026-08-13T02:13:02.931800+00:00
5172-4482,(unknown vendor 5172),WiFi Smart Plug,266,CS-T31-16E-CH,2026-08-13T02:13:02.931800+00:00
5172-4483,(unknown vendor 5172),WiFi Smart Plug,266,CS-T31-16E-SG,2026-08-13T02:13:02.931800+00:00
5172-4864,(unknown vendor 5172),Smart Home Camera,322,CS-C6c-R106-8G8WFL,2026-08-13T02:13:02.931800+00:00
5174-32780,SinuxSoft,BritzyHub,14,BHM-2024,2026-08-13T02:13:02.931800+00:00
5181-4097,Onvis,Onvis Smart Plug S4,266,SA40,2026-08-13T02:13:02.931800+00:00
5181-4098,Onvis,Onvis Outlet T20,266,T20,2026-08-13T02:13:02.931800+00:00
5184-256,VerLuce,VerLuce Control Box,268,VER-CONTROL,2026-08-13T02:13:02.931800+00:00
5186-4369,REHAU,Smart Privacy,514,21811004,2026-08-13T02:13:02.931800+00:00
5187-256,Goods iQ,Cabinet Lights,268,LEDUC-ACKSNSR-PW,2026-08-13T02:13:02.931800+00:00
5187-257,Goods iQ,Cabinet Lights,268,LEDUC-RGBSENSR-B,2026-08-13T02:13:02.931800+00:00
5189-256,Finesse Decor,Smart Dimmer,257,ACKFloortabledimmer1,2026-08-13T02:13:02.931800+00:00
5190-965,TAKE AS GLOBAL,Smart Plug,266,R6169,2026-08-13T02:13:02.931800+00:00
5192-32769,LivingStyle,LivingStyle light test,256,1,2026-08-13T02:13:02.931800+00:00
5192-32770,LivingStyle,LivingStyle plug,266,0,2026-08-13T02:13:02.931800+00:00
5193-4097,Evolux,Evolux Smart Plug,266,EA-9003,2026-08-13T02:13:02.931800+00:00
5197-4097,Atios,Atios KNX Bridge,14,1001,2026-08-13T02:13:02.931800+00:00
5197-8193,Atios,SmartCore,14,2002,2026-08-13T02:13:02.931800+00:00
5199-16384,Yale,Yale Durus Smart Lock,10,706963100000,2026-08-13T02:13:02.931800+00:00
5199-16385,Yale,Yale Smart Code Handle,10,706818100113,2026-08-13T02:13:02.931800+00:00
5199-16386,Yale,Yale Linus L2,10,05/103210/MB,2026-08-13T02:13:02.931800+00:00
5199-16387,Yale,Yale Linus Smart Lock L2 Lite,10,05/109100/MB,2026-08-13T02:13:02.931800+00:00
5202-1,Big Ass Fans,i6,43,0,2026-08-13T02:13:02.931800+00:00
5202-2,Big Ass Fans,es6,43,0,2026-08-13T02:13:02.931800+00:00
5202-3,Big Ass Fans,Haiku H/I Series,43,0,2026-08-13T02:13:02.931800+00:00
5202-4,Big Ass Fans,Haiku L Series,43,0,2026-08-13T02:13:02.931800+00:00
5202-5,Big Ass Fans,Speakeasy,43,0,2026-08-13T02:13:02.931800+00:00
5202-6,Big Ass Fans,Turbo6,43,0,2026-08-13T02:13:02.931800+00:00
5202-7,Big Ass Fans,Mammoth,43,0,2026-08-13T02:13:02.931800+00:00
5202-8,Big Ass Fans,Bison,43,0,2026-08-13T02:13:02.931800+00:00
5207-1,Wistar motor,tubular motor,514,010000000001,2026-08-13T02:13:02.931800+00:00
5207-2,Wistar motor,Tubular motor,514,010000000002,2026-08-13T02:13:02.931800+00:00
5207-3,Wistar motor,Tubular motor,514,010000000003,2026-08-13T02:13:02.931800+00:00
5207-4,Wistar motor,Venetion Blinds,514,010000000004,2026-08-13T02:13:02.931800+00:00
5207-5,Wistar motor,Tubular motor,514,010000000005,2026-08-13T02:13:02.931800+00:00
5207-6,Wistar motor,Tubular motor,514,010000000006,2026-08-13T02:13:02.931800+00:00
5207-7,Wistar motor,Tubular motor,514,010000000007,2026-08-13T02:13:02.931800+00:00
5207-8,Wistar motor,Tubular motor,514,010000000008,2026-08-13T02:13:02.931800+00:00
5207-9,Wistar motor,Tubular motor,514,010000000009,2026-08-13T02:13:02.931800+00:00
5207-16,Wistar motor,Tubular motor,514,010000000010,2026-08-13T02:13:02.931800+00:00
5207-17,Wistar motor,Tubular motor,514,010000000011,2026-08-13T02:13:02.931800+00:00
5207-18,Wistar motor,Tubular motor,514,010000000012,2026-08-13T02:13:02.931800+00:00
5207-19,Wistar motor,Tubular motor,514,010000000013,2026-08-13T02:13:02.931800+00:00
5207-20,Wistar motor,Drapery Motor,514,010000000014,2026-08-13T02:13:02.931800+00:00
5207-21,Wistar motor,Drapery Motor,514,010000000015,2026-08-13T02:13:02.931800+00:00
5207-22,Wistar motor,Vertical Sheer Blinds Motor,514,010000000016,2026-08-13T02:13:02.931800+00:00
5207-23,Wistar motor,Vertical Sheer Blinds Motor,514,010000000017,2026-08-13T02:13:02.931800+00:00
5207-24,Wistar motor,Vertical Sheer Blinds Motor,514,010000000018,2026-08-13T02:13:02.931800+00:00
5207-25,Wistar motor,Drapery Motor,514,010000000019,2026-08-13T02:13:02.931800+00:00
5207-32,Wistar motor,Drapery Motor,514,010000000020,2026-08-13T02:13:02.931800+00:00
5207-33,Wistar motor,Drapery Motor,514,010000000021,2026-08-13T02:13:02.931800+00:00
5207-34,Wistar motor,Drapery Motor,514,010000000022,2026-08-13T02:13:02.931800+00:00
5207-35,Wistar motor,Drapery Motor,514,010000000023,2026-08-13T02:13:02.931800+00:00
5207-36,Wistar motor,Drapery Motor,514,010000000024,2026-08-13T02:13:02.931800+00:00
5207-37,Wistar motor,Drapery Motor,514,010000000025,2026-08-13T02:13:02.931800+00:00
5207-38,Wistar motor,GemiDrive Drapery Motor,514,010000000026,2026-08-13T02:13:02.931800+00:00
5207-39,Wistar motor,Drapery Motor,514,010000000027,2026-08-13T02:13:02.931800+00:00
5207-40,Wistar motor,Drapery Motor,514,010000000028,2026-08-13T02:13:02.931800+00:00
5207-41,Wistar motor,Vertical Sheer Blinds Motor,514,010000000029,2026-08-13T02:13:02.931800+00:00
5207-48,Wistar motor,TDBU Blinds,514,010000000030,2026-08-13T02:13:02.931800+00:00
5207-49,Wistar motor,TDBU Blinds,514,010000000031,2026-08-13T02:13:02.931800+00:00
5212-1,"Pin Genie,Inc. ",PGH260,14,PGH260,2026-08-13T02:13:02.931800+00:00
5212-2,"Pin Genie,Inc. ",PGD738,10,PGD738,2026-08-13T02:13:02.931800+00:00
5212-3,"Pin Genie,Inc. ",PGD638,10,PGD638,2026-08-13T02:13:02.931800+00:00
5215-4728,Good Way Technology,Human Presence Sensor,263,SD42000N1,2026-08-13T02:13:02.931800+00:00
5216-34881,lipro,lipro gateway,14,0,2026-08-13T02:13:02.931800+00:00
5216-34952,lipro,lipro light,268,0x0001,2026-08-13T02:13:02.931800+00:00
5216-43522,lipro,lipro 吸顶灯,268,0,2026-08-13T02:13:02.931800+00:00
5216-43523,lipro,lipro 客厅灯,268,0,2026-08-13T02:13:02.931800+00:00
5216-43524,lipro,lipro 风扇灯,268,0,2026-08-13T02:13:02.931800+00:00
5216-43525,lipro,lipro 轨道灯,268,0,2026-08-13T02:13:02.931800+00:00
5216-43526,lipro,lipro 筒灯,268,0,2026-08-13T02:13:02.931800+00:00
5216-43527,lipro,lipro 射灯,268,0,2026-08-13T02:13:02.931800+00:00
5216-43528,lipro,lipro 明装筒灯,268,0,2026-08-13T02:13:02.931800+00:00
5216-43529,lipro,lipro 明装射灯,268,0,2026-08-13T02:13:02.931800+00:00
5216-43530,lipro,lipro Bedside Table Lamp,257,0,2026-08-13T02:13:02.931800+00:00
5216-43531,lipro,lipro Desk Lamp,268,0,2026-08-13T02:13:02.931800+00:00
5216-43532,lipro,lipro chandelier	,268,0,2026-08-13T02:13:02.931800+00:00
5216-43533,lipro,lipro Ceiling Fan,268,0,2026-08-13T02:13:02.931800+00:00
5216-43534,lipro,lipro Ceiling Light,268,0,2026-08-13T02:13:02.931800+00:00
5216-43535,lipro,lipro Spotlight	,268,0,2026-08-13T02:13:02.931800+00:00
5216-43536,lipro,lipro 落地灯	,268,0,2026-08-13T02:13:02.931800+00:00
5216-43537,lipro,lipro 台灯	,268,0,2026-08-13T02:13:02.931800+00:00
5216-43538,lipro,lipro 壁灯	,268,0,2026-08-13T02:13:02.931800+00:00
5216-43539,lipro,lipro 地脚灯,268,0,2026-08-13T02:13:02.931800+00:00
5216-43540,lipro,lipro 灯带,268,0,2026-08-13T02:13:02.931800+00:00
5216-43541,lipro,lipro 面板灯,268,0,2026-08-13T02:13:02.931800+00:00
5216-43542,lipro,lipro 晴空灯,268,0,2026-08-13T02:13:02.931800+00:00
5216-43543,lipro,lipro 天幕灯,268,0,2026-08-13T02:13:02.931800+00:00
5216-43544,lipro,lipro 灯泡,268,0,2026-08-13T02:13:02.931800+00:00
5216-43545,lipro,lipro 一字吊灯,268,0,2026-08-13T02:13:02.931800+00:00
5216-43546,lipro,lipro Downlight,268,0,2026-08-13T02:13:02.931800+00:00
5216-43547,lipro,lipro pendant light,268,0,2026-08-13T02:13:02.931800+00:00
5216-43548,lipro,lipro LED Strip Light,268,0,2026-08-13T02:13:02.931800+00:00
5216-43549,lipro,lipro ライト,268,0,2026-08-13T02:13:02.931800+00:00
5216-43550,lipro,lipro 目に優しい シーリングライト,268,0,2026-08-13T02:13:02.931800+00:00
5216-43551,lipro,lipro LED電球,268,0,2026-08-13T02:13:02.931800+00:00
5216-43552,lipro,lipro 餐厅吊灯,268,0,2026-08-13T02:13:02.931800+00:00
5216-43553,lipro,lipro 阳台灯,268,0,2026-08-13T02:13:02.931800+00:00
5216-43554,lipro,lipro 手机护眼灯,257,0,2026-08-13T02:13:02.931800+00:00
5216-43555,lipro,lipro 床头灯,257,0,2026-08-13T02:13:02.931800+00:00
5216-43556,lipro,lipro 小夜灯,257,0,2026-08-13T02:13:02.931800+00:00
5216-43557,lipro,lipro 感应灯,268,0,2026-08-13T02:13:02.931800+00:00
5216-43558,lipro,lipro 氛围灯,257,0,2026-08-13T02:13:02.931800+00:00
5216-43559,lipro,lipro 护眼灯,268,0,2026-08-13T02:13:02.931800+00:00
5216-43560,lipro,lipro 护眼吸顶灯,268,0,2026-08-13T02:13:02.931800+00:00
5216-43561,lipro,lipro 护眼客厅灯,268,0,2026-08-13T02:13:02.931800+00:00
5216-43562,lipro,lipro ランプ,268,0,2026-08-13T02:13:02.931800+00:00
5216-43563,lipro,lipro フロアスタンド,268,0,2026-08-13T02:13:02.931800+00:00
5216-43564,lipro,lipro テーブルランプ,268,0,2026-08-13T02:13:02.931800+00:00
5216-43565,lipro,lipro ブラケットライト,268,0,2026-08-13T02:13:02.931800+00:00
5216-43566,lipro,lipro クリップライト,268,0,2026-08-13T02:13:02.931800+00:00
5216-43567,lipro,lipro キャンドルライト,268,0,2026-08-13T02:13:02.931800+00:00
5216-43568,lipro,lipro 护眼风扇灯,268,0,2026-08-13T02:13:02.931800+00:00
5216-43569,lipro,lipro 护眼轨道灯,268,0,2026-08-13T02:13:02.931800+00:00
5216-43570,lipro,lipro 护眼筒灯,268,0,2026-08-13T02:13:02.931800+00:00
5216-43571,lipro,lipro 护眼射灯,268,0,2026-08-13T02:13:02.931800+00:00
5216-43572,lipro,lipro 护眼明装筒灯,268,0,2026-08-13T02:13:02.931800+00:00
5216-43573,lipro,lipro 护眼明装射灯,268,0,2026-08-13T02:13:02.931800+00:00
5216-43574,lipro,lipro 护眼落地灯,268,0,2026-08-13T02:13:02.931800+00:00
5216-43575,lipro,lipro 护眼台灯,268,0,2026-08-13T02:13:02.931800+00:00
5216-43576,lipro,lipro 护眼壁灯,268,0,2026-08-13T02:13:02.931800+00:00
5216-43577,lipro,lipro 护眼地脚灯,268,0,2026-08-13T02:13:02.931800+00:00
5216-43578,lipro,lipro ベッドサイドランプ,257,0,2026-08-13T02:13:02.931800+00:00
5216-43579,lipro,lipro デスクライト,268,0,2026-08-13T02:13:02.931800+00:00
5216-43580,lipro,lipro シャンデリア,268,0,2026-08-13T02:13:02.931800+00:00
5216-43581,lipro,lipro シーリングファンライト,268,0,2026-08-13T02:13:02.931800+00:00
5216-43582,lipro,lipro シーリングライト,268,0,2026-08-13T02:13:02.931800+00:00
5216-43583,lipro,lipro スポットライト,268,0,2026-08-13T02:13:02.931800+00:00
5216-43584,lipro,lipro 护眼灯带,268,0,2026-08-13T02:13:02.931800+00:00
5216-43585,lipro,lipro 护眼面板灯,268,0,2026-08-13T02:13:02.931800+00:00
5216-43586,lipro,lipro 护眼晴空灯,268,0,2026-08-13T02:13:02.931800+00:00
5216-43587,lipro,lipro 护眼天幕灯,268,0,2026-08-13T02:13:02.931800+00:00
5216-43588,lipro,lipro 护眼灯泡,268,0,2026-08-13T02:13:02.931800+00:00
5216-43589,lipro,lipro 护眼一字吊灯,268,0,2026-08-13T02:13:02.931800+00:00
5216-43590,lipro,lipro 护眼餐厅吊灯,268,0,2026-08-13T02:13:02.931800+00:00
5216-43591,lipro,lipro 护眼阳台灯,268,0,2026-08-13T02:13:02.931800+00:00
5216-43592,lipro,lipro 护眼手机护眼灯,257,0,2026-08-13T02:13:02.931800+00:00
5216-43593,lipro,lipro 护眼手机护眼灯,257,0,2026-08-13T02:13:02.931800+00:00
5216-43594,lipro,lipro ダウンライト,268,0,2026-08-13T02:13:02.931800+00:00
5216-43595,lipro,lipro ペンダントライト,268,0,2026-08-13T02:13:02.931800+00:00
5216-43596,lipro,lipro LEDテープライト,268,0,2026-08-13T02:13:02.931800+00:00
5216-43600,lipro,lipro 护眼小夜灯,257,0,2026-08-13T02:13:02.931800+00:00
5216-43601,lipro,lipro 护眼感应灯,268,0,2026-08-13T02:13:02.931800+00:00
5216-43602,lipro,lipro 护眼氛围灯,257,0,2026-08-13T02:13:02.931800+00:00
5216-43603,lipro,lipro 智能灯,268,0,2026-08-13T02:13:02.931800+00:00
5216-43604,lipro,lipro 智能吸顶灯,268,0,2026-08-13T02:13:02.931800+00:00
5216-43605,lipro,lipro 智能客厅灯,268,0,2026-08-13T02:13:02.931800+00:00
5216-43606,lipro,lipro 智能风扇灯,268,0,2026-08-13T02:13:02.931800+00:00
5216-43607,lipro,lipro 智能轨道灯,268,0,2026-08-13T02:13:02.931800+00:00
5216-43608,lipro,lipro 智能筒灯,268,0,2026-08-13T02:13:02.931800+00:00
5216-43609,lipro,lipro 智能射灯,268,0,2026-08-13T02:13:02.931800+00:00
5216-43616,lipro,lipro 智能明装筒灯,268,0,2026-08-13T02:13:02.931800+00:00
5216-43617,lipro,lipro 智能明装射灯,268,0,2026-08-13T02:13:02.931800+00:00
5216-43618,lipro,lipro 智能落地灯,268,0,2026-08-13T02:13:02.931800+00:00
5216-43619,lipro,lipro 智能台灯,268,0,2026-08-13T02:13:02.931800+00:00
5216-43620,lipro,lipro 智能壁灯,268,0,2026-08-13T02:13:02.931800+00:00
5216-43621,lipro,lipro 智能地脚灯,268,0,2026-08-13T02:13:02.931800+00:00
5216-43622,lipro,lipro 智能灯带,268,0,2026-08-13T02:13:02.931800+00:00
5216-43623,lipro,lipro 智能面板灯,268,0,2026-08-13T02:13:02.931800+00:00
5216-43624,lipro,lipro 智能晴空灯,268,0,2026-08-13T02:13:02.931800+00:00
5216-43625,lipro,lipro 智能天幕灯,268,0,2026-08-13T02:13:02.931800+00:00
5216-43632,lipro,lipro 智能灯泡,268,0,2026-08-13T02:13:02.931800+00:00
5216-43633,lipro,lipro 智能一字吊灯,268,0,2026-08-13T02:13:02.931800+00:00
5216-43634,lipro,lipro 智能餐厅吊灯,268,0,2026-08-13T02:13:02.931800+00:00
5216-43635,lipro,lipro 智能阳台灯,268,0,2026-08-13T02:13:02.931800+00:00
5216-43636,lipro,lipro 智能手机护眼灯,257,0,2026-08-13T02:13:02.931800+00:00
5216-43637,lipro,lipro 智能床头灯,257,0,2026-08-13T02:13:02.931800+00:00
5216-43638,lipro,lipro 智能小夜灯,257,0,2026-08-13T02:13:02.931800+00:00
5216-43639,lipro,lipro 智能感应灯,268,0,2026-08-13T02:13:02.931800+00:00
5216-43640,lipro,lipro 智能氛围灯,268,0,2026-08-13T02:13:02.931800+00:00
5216-43641,lipro,lipro 星环吸顶灯,268,0,2026-08-13T02:13:02.931800+00:00
5216-43648,lipro,lipro 星环客厅灯,268,0,2026-08-13T02:13:02.931800+00:00
5216-43649,lipro,lipro 星环风扇灯,268,0,2026-08-13T02:13:02.931800+00:00
5216-43650,lipro,lipro 星环落地灯,268,0,2026-08-13T02:13:02.931800+00:00
5216-43651,lipro,lipro 星环台灯,268,0,2026-08-13T02:13:02.931800+00:00
5216-43652,lipro,lipro 星环壁灯,268,0,2026-08-13T02:13:02.931800+00:00
5216-43653,lipro,lipro 星环晴空灯,268,0,2026-08-13T02:13:02.931800+00:00
5216-43654,lipro,lipro 星环餐厅吊灯,268,0,2026-08-13T02:13:02.931800+00:00
5216-43655,lipro,lipro 星环阳台灯,268,0,2026-08-13T02:13:02.931800+00:00
5216-43656,lipro,lipro 星环床头灯,257,0,2026-08-13T02:13:02.931800+00:00
5216-43657,lipro,lipro 星环氛围灯,257,0,2026-08-13T02:13:02.931800+00:00
5216-43664,lipro,lipro 悦童吸顶灯,268,0,2026-08-13T02:13:02.931800+00:00
5216-43665,lipro,lipro light	,268,0,2026-08-13T02:13:02.931800+00:00
5216-43666,lipro,lipro Eye-Care Ceiling Light,268,0,2026-08-13T02:13:02.931800+00:00
5216-43667,lipro,lipro LED Bulb,268,0,2026-08-13T02:13:02.931800+00:00
5216-43668,lipro,lipro lamp,268,0,2026-08-13T02:13:02.931800+00:00
5216-43669,lipro,lipro Floor Lamp,268,0,2026-08-13T02:13:02.931800+00:00
5216-43670,lipro,lipro Table Lamp,268,0,2026-08-13T02:13:02.931800+00:00
5216-43671,lipro,lipro Wall Sconce,268,0,2026-08-13T02:13:02.931800+00:00
5216-43672,lipro,lipro Clip on Light,268,0,2026-08-13T02:13:02.931800+00:00
5216-43673,lipro,lipro Flameless Candle,268,0,2026-08-13T02:13:02.931800+00:00
5217-1,Xinda,Xinda Caupureye Smart Bulb,269,Xinda A19,2026-08-13T02:13:02.931800+00:00
5217-2,Xinda,Xinda ACK Smart Bulb,269,Xinda A19 002,2026-08-13T02:13:02.931800+00:00
5218-1,Energy Magic Cube,Magic Cube A001,514,MFC001,2026-08-13T02:13:02.931800+00:00
5218-2,Energy Magic Cube,Magic Cube DS001,268,MFDS001,2026-08-13T02:13:02.931800+00:00
5218-3,Energy Magic Cube,Magic Cube EVS,259,MFS011,2026-08-13T02:13:02.931800+00:00
5218-4,Energy Magic Cube,Magic Cube B001,514,MFR001,2026-08-13T02:13:02.931800+00:00
5218-5,Energy Magic Cube,Magic Cube WS01,259,MFS04,2026-08-13T02:13:02.931800+00:00
5218-6,Energy Magic Cube,Magic Cube B001,514,MFB001,2026-08-13T02:13:02.931800+00:00
5218-4098,Energy Magic Cube,Magic Cube A001,514,MFC002,2026-08-13T02:13:02.931800+00:00
5218-4099,Energy Magic Cube,Magic Cube A001,514,MFC003,2026-08-13T02:13:02.931800+00:00
5218-4100,Energy Magic Cube,Magic Cube A001,514,MFC004,2026-08-13T02:13:02.931800+00:00
5218-4101,Energy Magic Cube,Magic Cube A001,514,MFC005,2026-08-13T02:13:02.931800+00:00
5218-4102,Energy Magic Cube,Magic Cube A001,514,MFC006,2026-08-13T02:13:02.931800+00:00
5218-4103,Energy Magic Cube,Magic Cube A001,514,MFC007,2026-08-13T02:13:02.931800+00:00
5218-4104,Energy Magic Cube,Magic Cube A001,514,MFC008,2026-08-13T02:13:02.931800+00:00
5218-4105,Energy Magic Cube,Magic Cube A001,514,MFC009,2026-08-13T02:13:02.931800+00:00
5218-4106,Energy Magic Cube,Magic Cube A001,514,MFC010,2026-08-13T02:13:02.931800+00:00
5218-8194,Energy Magic Cube,Magic Cube DS001,268,MFDS002,2026-08-13T02:13:02.931800+00:00
5218-8195,Energy Magic Cube,Magic Cube DS001,268,MFDS003,2026-08-13T02:13:02.931800+00:00
5218-8196,Energy Magic Cube,Magic Cube DS001,268,MFDS004,2026-08-13T02:13:02.931800+00:00
5218-8197,Energy Magic Cube,Magic Cube DS001,268,MFDS005,2026-08-13T02:13:02.931800+00:00
5218-8200,Energy Magic Cube,Magic Cube DS001,268,MFDS008,2026-08-13T02:13:02.931800+00:00
5218-8201,Energy Magic Cube,Magic Cube DS001,268,MFDS009,2026-08-13T02:13:02.931800+00:00
5218-8212,Energy Magic Cube,Magic Cube DS001,268,MFDS014,2026-08-13T02:13:02.931800+00:00
5218-8213,Energy Magic Cube,Magic Cube DS001,268,MFDS015,2026-08-13T02:13:02.931800+00:00
5218-8214,Energy Magic Cube,Magic Cube DS001,268,MFDS016,2026-08-13T02:13:02.931800+00:00
5218-8215,Energy Magic Cube,Magic Cube DS001,268,MFDS017,2026-08-13T02:13:02.931800+00:00
5218-8216,Energy Magic Cube,Magic Cube DS001,268,MFDS018,2026-08-13T02:13:02.931800+00:00
5218-8217,Energy Magic Cube,Magic Cube DS001,268,MFDS019,2026-08-13T02:13:02.931800+00:00
5218-20481,Energy Magic Cube,Magic Cube WS01,259,MFS041,2026-08-13T02:13:02.931800+00:00
5218-20482,Energy Magic Cube,Magic Cube WS01,259,MFS042,2026-08-13T02:13:02.931800+00:00
5218-20483,Energy Magic Cube,Magic Cube WS01,259,MFS043,2026-08-13T02:13:02.931800+00:00
5218-20484,Energy Magic Cube,Magic Cube WS01,259,MFS044,2026-08-13T02:13:02.931800+00:00
5218-20485,Energy Magic Cube,Magic Cube WS01,259,MFS045,2026-08-13T02:13:02.931800+00:00
5218-20486,Energy Magic Cube,Magic Cube WS01,259,MFS046,2026-08-13T02:13:02.931800+00:00
5218-20487,Energy Magic Cube,Magic Cube WS01,259,MFS047,2026-08-13T02:13:02.931800+00:00
5218-20488,Energy Magic Cube,Magic Cube WS01,259,MFS048,2026-08-13T02:13:02.931800+00:00
5218-20489,Energy Magic Cube,Magic Cube WS01,259,MFS049,2026-08-13T02:13:02.931800+00:00
5218-20490,Energy Magic Cube,Magic Cube WS01,259,MFS0410,2026-08-13T02:13:02.931800+00:00
5218-20491,Energy Magic Cube,Magic Cube WS01,259,MFS0411,2026-08-13T02:13:02.931800+00:00
5218-20492,Energy Magic Cube,Magic Cube WS01,259,MFS0412,2026-08-13T02:13:02.931800+00:00
5218-20493,Energy Magic Cube,Magic Cube WS01,259,MFS0413,2026-08-13T02:13:02.931800+00:00
5218-20494,Energy Magic Cube,Magic Cube WS01,259,MFS0414,2026-08-13T02:13:02.931800+00:00
5218-20495,Energy Magic Cube,Magic Cube WS01,259,MFS0415,2026-08-13T02:13:02.931800+00:00
5218-20496,Energy Magic Cube,Magic Cube WS01,259,MFS0416,2026-08-13T02:13:02.931800+00:00
5218-20497,Energy Magic Cube,Magic Cube WS01,259,MFS0417,2026-08-13T02:13:02.931800+00:00
5218-20498,Energy Magic Cube,Magic Cube WS01,259,MFS0418,2026-08-13T02:13:02.931800+00:00
5218-20499,Energy Magic Cube,Magic Cube WS01,259,MFS0419,2026-08-13T02:13:02.931800+00:00
5218-20500,Energy Magic Cube,Magic Cube WS01,259,MFS0420,2026-08-13T02:13:02.931800+00:00
5218-20501,Energy Magic Cube,Magic Cube WS01,259,MFS0421,2026-08-13T02:13:02.931800+00:00
5218-20502,Energy Magic Cube,Magic Cube WS01,259,MFS0422,2026-08-13T02:13:02.931800+00:00
5218-20503,Energy Magic Cube,Magic Cube WS01,259,MFS0423,2026-08-13T02:13:02.931800+00:00
5218-20504,Energy Magic Cube,Magic Cube WS01,259,MFS0424,2026-08-13T02:13:02.931800+00:00
5219-1,Eberle,Connected Thermostat UTE 3000,769,5578**05,2026-08-13T02:13:02.931800+00:00
5221-18500,Hunter Douglas Group,Gateway,515,1012000283,2026-08-13T02:13:02.931800+00:00
5222-983,Hangzhou Hemos Lighting Company Limited,Smart Wi-Fi Plug,266,io-WiFi-PLUGEUIP44-M,2026-08-13T02:13:02.931800+00:00
5224-32771,Anona Security Technology Limited,Anona Holo,10,-,2026-08-13T02:13:02.931800+00:00
5226-32769,Intecular,InvisOutlet,266,1,2026-08-13T02:13:02.931800+00:00
5229-1,Polyaire,AirTouch Beam,769,657270,2026-08-13T02:13:02.931800+00:00
5230-1,SMART,Smart Color Light,269,00000000000000000000000000000001,2026-08-13T02:13:02.931800+00:00
5230-125,SMART,Color Temperature Light,268,00000000000000000000000000000001,2026-08-13T02:13:02.931800+00:00
5231-4097,SmartWings,SmartWings Window Covering,514,SmartWings Window Covering,2026-08-13T02:13:02.931800+00:00
5231-4098,SmartWings,SmartWings Window Covering,514,SmartWings Window Covering,2026-08-13T02:13:02.931800+00:00
5231-4106,SmartWings,SmartWings Window Covering,514,WM25LM,2026-08-13T02:13:02.931800+00:00
5231-4107,SmartWings,SmartWings Window Covering,514,1,2026-08-13T02:13:02.931800+00:00
5231-8193,SmartWings,SmartWings Smart Lighting,268,1,2026-08-13T02:13:02.931800+00:00
5234-1,JLM,Smart Window Shade Tubular Motor,514,Smart Window Shade Tubular Motor,2026-08-13T02:13:02.931800+00:00
5234-2,JLM,Smart Window Shade Tubular Motor,514,Smart Window Shade Tubular Motor,2026-08-13T02:13:02.931800+00:00
5235-1149,Shenzhen Lelight technology Co.ltd,LIGHT CCT_M,269,LIGHT CCT_M,2026-08-13T02:13:02.931800+00:00
5235-1588,Shenzhen Lelight technology Co.ltd,CCT LIGHT-M,268,CCT LIGHT-M,2026-08-13T02:13:02.931800+00:00
5236-2,None,Smart Plug-in Unit,266,0000000000000000000000000000001,2026-08-13T02:13:02.931800+00:00
5239-1101,"MULTI IR TECHNOLOGY CO., LTD",Door/Window sensor,21,MIR-MC500-MT,2026-08-13T02:13:02.931800+00:00
5239-1201,"MULTI IR TECHNOLOGY CO., LTD",PIR motion sensor,263,MIR-IR500-MT,2026-08-13T02:13:02.931800+00:00
5239-61441,"MULTI IR TECHNOLOGY CO., LTD",Temperature & Humidity Sensor,770,Temperature & Humidity Sensor,2026-08-13T02:13:02.931800+00:00
5239-61442,"MULTI IR TECHNOLOGY CO., LTD",Door/Window Sensor,21,Door/Window Sensor,2026-08-13T02:13:02.931800+00:00
5239-61443,"MULTI IR TECHNOLOGY CO., LTD",Smoke Detector Sensor ,118,Smoke Detector Sensor ,2026-08-13T02:13:02.931800+00:00
5239-61444,"MULTI IR TECHNOLOGY CO., LTD",PIR Motion Sensor,263,PIR Motion Sensor,2026-08-13T02:13:02.931800+00:00
5240-1549,APYNOV,Priska Open,266,NAS-WR10W6,2026-08-13T02:13:02.931800+00:00
5242-849,Realwe Innovation,Smart Plug,266,ET06/SP10/SP10W1/SP10W2,2026-08-13T02:13:02.931800+00:00
5242-851,Realwe Innovation,Smart Plug,266,-,2026-08-13T02:13:02.931800+00:00
5242-3876,Realwe Innovation,Smart Plug,266,Smart Plug,2026-08-13T02:13:02.931800+00:00
5243-2,LUMIFLOW,Lumiflow Smart Light,269,Light D0002,2026-08-13T02:13:02.931800+00:00
5244-1190,SHENAN YANGGUANG,Smart Plug,266,SH-26EUX-M,2026-08-13T02:13:02.931800+00:00
5245-1412,MS,MOES Matter Light,269,-,2026-08-13T02:13:02.931800+00:00
5245-1592,MS,The Matter Wired Gateway by MOES,14,The Matter Wired Gateway by MOES,2026-08-13T02:13:02.931800+00:00
5245-2126,MS,Smart Switch,256,Smart Switch,2026-08-13T02:13:02.931800+00:00
5245-2270,MS,Smart Thermostat,769,MWHT-S02,2026-08-13T02:13:02.931800+00:00
5245-2392,MS,Smart Plug,266,F1s203-EU,2026-08-13T02:13:02.931800+00:00
5245-4074,MS,Smart Switch,256,WS-US,2026-08-13T02:13:02.931800+00:00
5246-4097,MIWA LOCK,DTPGM,10,DTPGM,2026-08-13T02:13:02.931800+00:00
5247-1,Xthings Inc.,ULTRALOQ Smart Door Lock,10,UL2212-28,2026-08-13T02:13:02.931800+00:00
5247-2,Xthings Inc.,Bright A19 Color,269,UN2310-19,2026-08-13T02:13:02.931800+00:00
5247-3,Xthings Inc.,U-tec Smart Plug,266,UU2311-28,2026-08-13T02:13:02.931800+00:00
5247-4,Xthings Inc.,UTEC Smart Switch,266,UT2312-30,2026-08-13T02:13:02.931800+00:00
5247-5,Xthings Inc.,ULTRALOQ Smart Door Lock,10,LATCH7,2026-08-13T02:13:02.931800+00:00
5247-7,Xthings Inc.,ULTRALOQ Smart Door Lock,10,BOLTPRO,2026-08-13T02:13:02.931800+00:00
5247-8,Xthings Inc.,ULTRALOQ Smart Door Lock,10,UL2501-01,2026-08-13T02:13:02.931800+00:00
5247-16,Xthings Inc.,ULTRALOQ Smart Door Lock,10,LATCH5PRO,2026-08-13T02:13:02.931800+00:00
5247-17,Xthings Inc.,ULTRALOQ Smart Door Lock,10,LATCH3,2026-08-13T02:13:02.931800+00:00
5247-48,Xthings Inc.,ULTICAM IQ Camera,322,ULTICAM IQ Camera,2026-08-13T02:13:02.931800+00:00
5248-1,Roborock,Robotic Vacuum Cleaner,116,,2026-08-13T02:13:02.931800+00:00
5249-4216,Shenzhen Xenon Industrial Ltd,Power Strip,266,SM-SO301,2026-08-13T02:13:02.931800+00:00
5250-1,"Guangzhou Lingqu Electronic Technology Co., Ltd",LengCeoi Gateway,1,0,2026-08-13T02:13:02.931800+00:00
5251-1,jhome,JHome smart socket,266,JHome smart socket,2026-08-13T02:13:02.931800+00:00
5254-1,Infibrite,Infibrite Slim Recessed RGBCW Downlight,268,001-1-M,2026-08-13T02:13:02.931800+00:00
5258-65501,Occhio,Occhio Gateway,14,OC-G02,2026-08-13T02:13:02.931800+00:00
5259-8193,Samraj,Samraj smart bulb,269,MALLI01CA60,2026-08-13T02:13:02.931800+00:00
5262-1,Binthen,BCM400D ,514,BCM400D ,2026-08-13T02:13:02.931800+00:00
5262-999,Binthen,DC tubular motor,514,BTM25DE,2026-08-13T02:13:02.931800+00:00
5264-1,Shelly,Shelly Plug S MTR Gen3,266,1,2026-08-13T02:13:02.931800+00:00
5264-4101,Shelly,Shelly 2PM Gen3,266,0x1005,2026-08-13T02:13:02.931800+00:00
5264-4115,Shelly,Shelly 2L Gen3,266,0x1013,2026-08-13T02:13:02.931800+00:00
5264-4116,Shelly,Shelly 1L Gen3,266,0x1014,2026-08-13T02:13:02.931800+00:00
5264-4117,Shelly,Shelly 1 Mini Gen3,266,0x1015,2026-08-13T02:13:02.931800+00:00
5264-4118,Shelly,Shelly 1PM Mini Gen3,266,0x1016,2026-08-13T02:13:02.931800+00:00
5264-4120,Shelly,Shelly 1 Gen3,266,0x1018,2026-08-13T02:13:02.931800+00:00
5264-4121,Shelly,Shelly 1PM Gen3,266,0x1019,2026-08-13T02:13:02.931800+00:00
5264-4136,Shelly,Shelly 1 Gen4,266,0x1028,2026-08-13T02:13:02.931800+00:00
5264-4137,Shelly,Shelly 1PM Gen4,266,0x1029,2026-08-13T02:13:02.931800+00:00
5264-4144,Shelly,Shelly 1 Mini Gen4,266,0x1030,2026-08-13T02:13:02.931800+00:00
5264-4145,Shelly,Shelly 1PM Mini Gen4,266,0x1031,2026-08-13T02:13:02.931800+00:00
5264-4213,Shelly,Shelly Dimmer Gen4,257,0x1075,2026-08-13T02:13:02.931800+00:00
5264-6177,Shelly,Shelly Presence Gen4,263,0x1821,2026-08-13T02:13:02.931800+00:00
5264-6178,Shelly,Shelly Flood Gen4,67,0x1822,2026-08-13T02:13:02.931800+00:00
5264-6182,Shelly,Shelly Flood S Gen4,67,0x1826,2026-08-13T02:13:02.931800+00:00
5264-6225,Shelly,Shelly Power Strip 4 Gen4,266,0x1851,2026-08-13T02:13:02.931800+00:00
5264-6226,Shelly,Shelly Plug US Gen4,266,0x1852,2026-08-13T02:13:02.931800+00:00
5264-6227,Shelly,Shelly Outdoor Plug S Gen3,266,2,2026-08-13T02:13:02.931800+00:00
5264-6242,Shelly,Shelly Power Strip 4 US Gen4,266,0x1862,2026-08-13T02:13:02.931800+00:00
5264-12291,Shelly,Shelly Wall Display XL,266,SAWD-3A1XE10EU2,2026-08-13T02:13:02.931800+00:00
5264-12292,Shelly,Shelly Wall Display U1,266,SAWD-4A1XE10US0,2026-08-13T02:13:02.931800+00:00
5266-4097,xxter bv,Pairot,14,XP04C,2026-08-13T02:13:02.931800+00:00
5267-1693,"NIE-TECH Co., Ltd.",Wi-Fi Mini Smart Plug,266,WF36M,2026-08-13T02:13:02.931800+00:00
5267-2207,"NIE-TECH Co., Ltd.",Outdoor smart plug,266,MP22M,2026-08-13T02:13:02.931800+00:00
5268-1,Martin Renz GmbH,ZSM,514,1,2026-08-13T02:13:02.931800+00:00
5269-65281,"PACIFIC HOGAR, S.L.",ACRIMO SMART CURTAIN,514,ACRIMO-MATTER,2026-08-13T02:13:02.931800+00:00
5270-32769,InnoPhase IOT,Talaria TWO INP2045,256,INP2045,2026-08-13T02:13:02.931800+00:00
5271-1697,DMA Inc.,Edison Smart LED Bulb E26 RGBCW Wi-Fi,269,DMW-T009A60,2026-08-13T02:13:02.931800+00:00
5273-32773,CLIO,Fine Light Switch,257,1,2026-08-13T02:13:02.931800+00:00
5273-32774,CLIO,CLIO Smart Plug/Outlet,266,CIO-S1V-11-V1.0,2026-08-13T02:13:02.931800+00:00
5273-32775,CLIO,CLIO Smart Plug/Outlet,266,CIO-S1V-11-V1.0,2026-08-13T02:13:02.931800+00:00
5274-1027,Guangdong A-OK,Curtain Motor,514,A-OK-MOTOR,2026-08-13T02:13:02.931800+00:00
5275-40961,AIGOSTAR,SMART LED BULB,269,A60,2026-08-13T02:13:02.931800+00:00
5275-45057,AIGOSTAR,SMART FILAMENT LAMP,269,T30,2026-08-13T02:13:02.931800+00:00
5276-1718,HONG KONG LAUNRAY INDUSTRY LIMITED,Smart A19 LED Bulb,269,L-A19-E26-MT,2026-08-13T02:13:02.931800+00:00
5279-4097,Deyi Smart ,Deyi Smart ,514,Deyi Smart,2026-08-13T02:13:02.931800+00:00
5279-4099,Deyi Smart ,Deyi Smart Motor,514,1,2026-08-13T02:13:02.931800+00:00
5282-1764,Hugo,WA 3600 XS CS M,266,1294850100,2026-08-13T02:13:02.931800+00:00
5282-1765,Hugo,WAE 3600 XS01 DE,266,WAE 3600 XS01 DE,2026-08-13T02:13:02.931800+00:00
5293-1,Raex,TQL25,514,TQL25,2026-08-13T02:13:02.931800+00:00
5293-43521,Raex,Raex-A1,514,Raex-A1,2026-08-13T02:13:02.931800+00:00
5376-10001,SmartWave,SmartWave Window Covering,514,SmartWave Window Covering,2026-08-13T02:13:02.931800+00:00
5379-60453,RM,Tubular motor,514,Tubular motor,2026-08-13T02:13:02.931800+00:00
5380-1807,"Hangzhou Mango Network Technology Co, LTD.",ANTELA Smart Plug,266,ANTELA01001,2026-08-13T02:13:02.931800+00:00
5380-2342,"Hangzhou Mango Network Technology Co, LTD.",Smart Bulb,269,-,2026-08-13T02:13:02.931800+00:00
5382-4113,SAFEMO,Smart Hub,14,SS011,2026-08-13T02:13:02.931800+00:00
5383-269,Bweetech,fancylink A19,269,-,2026-08-13T02:13:02.931800+00:00
5383-515,Bweetech,ACK_Lite,269,1,2026-08-13T02:13:02.931800+00:00
5383-2048,Bweetech,Cct bulb,268,1,2026-08-13T02:13:02.931800+00:00
5384-1798,Rui Teng,Mat Thread LED CCT Controller,268,Thread LED CCT Controller,2026-08-13T02:13:02.931800+00:00
5384-1799,Rui Teng,Mat Thread LED Dim Controller,257,Mat Thread LED Dim Controller,2026-08-13T02:13:02.931800+00:00
5385-1,SmartSetup,SmartSetup Smart Switch,266,MS01,2026-08-13T02:13:02.931800+00:00
5385-4,SmartSetup,SmartSetup Smart Switch,266,MS0Q,2026-08-13T02:13:02.931800+00:00
5388-1395,Nexxt Solutions LLC,Smart Bulb,269,NHB-C110M,2026-08-13T02:13:02.931800+00:00
5388-1872,Nexxt Solutions LLC,Smart Wi-Fi single plug,266,NHP-S611M,2026-08-13T02:13:02.931800+00:00
5389-1993,"Shenzhen Huayu Lian Technology Co., Ltd",Smart Switch,256,F-SS01W,2026-08-13T02:13:02.931800+00:00
5389-1994,"Shenzhen Huayu Lian Technology Co., Ltd",Smart Light,269,F-SB01W,2026-08-13T02:13:02.931800+00:00
5391-1,in-lite,SMART BRIDGE,14,10500730,2026-08-13T02:13:02.931800+00:00
5393-1871,Saishigao,Sailsco Smart Plug	,266,-,2026-08-13T02:13:02.931800+00:00
5393-1889,Saishigao,Sailsco Smart Bulb RGB+CCT,269,-,2026-08-13T02:13:02.931800+00:00
5394-775,Yourlite,Smart Plug,266,Smart-PFW04-G-M,2026-08-13T02:13:02.931800+00:00
5394-1808,Yourlite,Smart Bulb,269,ST-LB2100C-9W2-WF5MT-G2,2026-08-13T02:13:02.931800+00:00
5395-1,ALPHA,Tubular motor,514,WSERD30-B-2/31 matter,2026-08-13T02:13:02.931800+00:00
5396-1207,Chuan Dian,Intelligent drive power supply,268,Smart Light,2026-08-13T02:13:02.931800+00:00
5397-32773,Arduino,Arduino Nano Matter,256,ABX00112,2026-08-13T02:13:02.931800+00:00
5398-4,iRobot Corporation,Roomba Combo 10 Max,116,,2026-08-13T02:13:02.931800+00:00
5398-16,iRobot Corporation,Roomba,116,,2026-08-13T02:13:02.931800+00:00
5398-8193,iRobot Corporation,Roomba Mini,116,1,2026-08-13T02:13:02.931800+00:00
5399-4096,Huacheng Network,Smart WiFi Socket with Energy Monitoring ,266,1.0.03.21.10031,2026-08-13T02:13:02.931800+00:00
5399-4097,Huacheng Network,Smart Light Bulb,269,1.0.03.21.10028,2026-08-13T02:13:02.931800+00:00
5399-4098,Huacheng Network,Smart Light Strip,269,1.0.03.21.10029,2026-08-13T02:13:02.931800+00:00
5399-4099,Huacheng Network,Smart Gateway,14,1.0.03.19.U10032,2026-08-13T02:13:02.931800+00:00
5399-4100,Huacheng Network,Smart Gateway,14,1.0.03.19.U10038,2026-08-13T02:13:02.931800+00:00
5402-4660,Leviosa Motor Shades,Leviosa Motor Shades,514,Leviosa Motor Shades,2026-08-13T02:13:02.931800+00:00
5403-1,Sunfree  Motor,Smart Motor-Single,514,Smart Motor-Single,2026-08-13T02:13:02.931800+00:00
5403-2,Sunfree  Motor,Smart Motor-Dual,514,Smart Motor-Dual,2026-08-13T02:13:02.931800+00:00
5403-26,Sunfree  Motor,Smart Blinds,514,0x0001,2026-08-13T02:13:02.931800+00:00
5404-17209,Schoenberger,Smart-Home-Bridge JS | Matter-Standard ,14,1000024339,2026-08-13T02:13:02.931800+00:00
5404-18489,Schoenberger,Smart-Home-Bridge DM | Matter-Standard ,14,1000024839,2026-08-13T02:13:02.931800+00:00
5404-35192,Schoenberger,Rojacontrol Plus Smart Home Bridge ,14,1000028978,2026-08-13T02:13:02.931800+00:00
5405-1,Dendo Systems,Dendo SCM Shade,514,301-003,2026-08-13T02:13:02.931800+00:00
5405-4097,Dendo Systems,Mado Dynamic C-Series,514,MC01-05IB,2026-08-13T02:13:02.931800+00:00
5407-1610,Apporo,Apporo Smart Switch,256,ASMW-001,2026-08-13T02:13:02.931800+00:00
5407-1700,Apporo,Apporo Smart Switch,256,ASMW-002,2026-08-13T02:13:02.931800+00:00
5407-1701,Apporo,Apporo Smart Switch,256,ASMW-003,2026-08-13T02:13:02.931800+00:00
5408-39357,"Rachio, Inc.",Lighting controller,272,LC101-200W-3Z,2026-08-13T02:13:02.931800+00:00
5410-3,Zimi,Zimi Matter Connect,14,ZMC,2026-08-13T02:13:02.931800+00:00
5411-1052,Yooksmart,Smart WindowCovering Series,514,YKD25SLEU-1130-M,2026-08-13T02:13:02.931800+00:00
5411-2659,Yooksmart,Smart WindowCovering Series,514,YKD25STE-1130-M,2026-08-13T02:13:02.931800+00:00
5411-2660,Yooksmart,Smart WindowCovering Series,514,YKV24SAED-HB-M,2026-08-13T02:13:02.931800+00:00
5411-2661,Yooksmart,Smart WindowCovering Series,514,YKV24SAED-DB-M,2026-08-13T02:13:02.931800+00:00
5411-2662,Yooksmart,Smart WindowCovering Series,514,YKD28SLEU-2020-M,2026-08-13T02:13:02.931800+00:00
5411-2663,Yooksmart,Smart WindowCovering Series,514,YKD25SLEU-0828-M,2026-08-13T02:13:02.931800+00:00
5411-2664,Yooksmart,Smart WindowCovering Series,514,YKC40SLEU-1275-M,2026-08-13T02:13:02.931800+00:00
5411-2665,Yooksmart,Smart WindowCovering Series,514,YKC50SLEU-1260-M,2026-08-13T02:13:02.931800+00:00
5412-48897,BofuSmart,Blinds motor,514,BF01,2026-08-13T02:13:02.931800+00:00
5412-48898,BofuSmart,Blinds motor,514,BF02,2026-08-13T02:13:02.931800+00:00
5412-48899,BofuSmart,Blinds motor,514,BF03,2026-08-13T02:13:02.931800+00:00
5412-48900,BofuSmart,Blinds motor,514,BF04,2026-08-13T02:13:02.931800+00:00
5412-48901,BofuSmart,Blinds motor,514,BF05,2026-08-13T02:13:02.931800+00:00
5412-48902,BofuSmart,Blinds motor,514,BF06,2026-08-13T02:13:02.931800+00:00
5412-48903,BofuSmart,Blinds motor,514,BF07,2026-08-13T02:13:02.931800+00:00
5412-48904,BofuSmart,Blinds motor,514,BF08,2026-08-13T02:13:02.931800+00:00
5412-48905,BofuSmart,Blinds motor,514,BF09,2026-08-13T02:13:02.931800+00:00
5412-48906,BofuSmart,Blinds motor,514,BF0A,2026-08-13T02:13:02.931800+00:00
5412-48907,BofuSmart,Blinds motor,514,BF0B,2026-08-13T02:13:02.931800+00:00
5412-48908,BofuSmart,Blinds motor,514,BF0C,2026-08-13T02:13:02.931800+00:00
5415-1,habi,habi Matter Wireless Room Thermostat,769,IT850,2026-08-13T02:13:02.931800+00:00
5415-2,habi,habi Smart TRV,769,TRVM,2026-08-13T02:13:02.931800+00:00
5415-3,habi,Smart Thermostat,769,NST1000,2026-08-13T02:13:02.931800+00:00
5415-4,habi,Smart TRV,769,NST1001,2026-08-13T02:13:02.931800+00:00
5416-2,ntve home,ntve home Smart Floodlight,257,NMC8002,2026-08-13T02:13:02.931800+00:00
5416-3,ntve home,ntve home Siren Speaker,257,NMC8003,2026-08-13T02:13:02.931800+00:00
5418-16384,Bosch / Siemens / Gaggenau / Neff - Home Appliances,Cooling Appliance,112,KBN96ADD0,2026-08-13T02:13:02.931800+00:00
5418-16564,Bosch / Siemens / Gaggenau / Neff - Home Appliances,Spotless Cleaning Robot,116,BCRDW3BX,2026-08-13T02:13:02.931800+00:00
5418-16565,Bosch / Siemens / Gaggenau / Neff - Home Appliances,Spotless Cleaning Robot,116,BCRDW3BAB,2026-08-13T02:13:02.931800+00:00
5418-16566,Bosch / Siemens / Gaggenau / Neff - Home Appliances,Spotless Cleaning Robot,116,BCRDW3B,2026-08-13T02:13:02.931800+00:00
5418-16567,Bosch / Siemens / Gaggenau / Neff - Home Appliances,Spotless Cleaning Robot,116,BCRD2W,2026-08-13T02:13:02.931800+00:00
5418-16568,Bosch / Siemens / Gaggenau / Neff - Home Appliances,Spotless Cleaning Robot,116,BCRC2W,2026-08-13T02:13:02.931800+00:00
5418-16569,Bosch / Siemens / Gaggenau / Neff - Home Appliances,Spotless Cleaning Robot,116,BCRD1W,2026-08-13T02:13:02.931800+00:00
5418-16570,Bosch / Siemens / Gaggenau / Neff - Home Appliances,Spotless Cleaning Robot,116,BCRC1W,2026-08-13T02:13:02.931800+00:00
5418-16571,Bosch / Siemens / Gaggenau / Neff - Home Appliances,Spotless Cleaning Robot,116,"BCRI3BX1, BCRI3BX1AU",2026-08-13T02:13:02.931800+00:00
5418-16572,Bosch / Siemens / Gaggenau / Neff - Home Appliances,Spotless2 Cleaning Robot,116,BCR2S1xxx,2026-08-13T02:13:02.931800+00:00
5418-16574,Bosch / Siemens / Gaggenau / Neff - Home Appliances,Spotless2 Cleaning Robot,116,BCR2P2xxxx; BCR2S2xxxx;,2026-08-13T02:13:02.931800+00:00
5418-16575,Bosch / Siemens / Gaggenau / Neff - Home Appliances,Spotless2 Cleaning Robot,116,BCR2S3xxxx; BCR2P3xxxx,2026-08-13T02:13:02.931800+00:00
5418-16594,Bosch / Siemens / Gaggenau / Neff - Home Appliances,Smart Kitchen Dock,14,"XSDB10, XSDB10B",2026-08-13T02:13:02.931800+00:00
5418-16595,Bosch / Siemens / Gaggenau / Neff - Home Appliances,Smart Kitchen Dock,14,"XSDS10, XSDS10B",2026-08-13T02:13:02.931800+00:00
5418-16596,Bosch / Siemens / Gaggenau / Neff - Home Appliances,Smart Kitchen Dock,14,"XSDN10, XSDN10B",2026-08-13T02:13:02.931800+00:00
5419-2101,Kumho,Kumho Electric Smart Bulb,269,SW-B09CF-YL,2026-08-13T02:13:02.931800+00:00
5420-1,Dreame,R2416C,116,-,2026-08-13T02:13:02.931800+00:00
5420-2,Dreame,Dreame X50 Ultra Complete,116,X50 Ultra Complete R2532,2026-08-13T02:13:02.931800+00:00
5420-3,Dreame,Dreame Aqua20 Pro Ultra Track S Complete,116,S50 R9548,2026-08-13T02:13:02.931800+00:00
5420-4,Dreame,Dreame D40 NE,116,S50 R9548X,2026-08-13T02:13:02.931800+00:00
5420-5,Dreame,Dreame D40 Plus NE,116,S50 R9551,2026-08-13T02:13:02.931800+00:00
5420-6,Dreame,Dreame L10s Ultra Gen 4 S Kit,116,S50 Pro R2508,2026-08-13T02:13:02.931800+00:00
5420-7,Dreame,Dreame L10s Ultra Gen 4X,116,S50 Pro R2508X,2026-08-13T02:13:02.931800+00:00
5420-8,Dreame,Dreame L10s Ultra Gen 4X Set,116,S50 Pro R9506,2026-08-13T02:13:02.931800+00:00
5420-9,Dreame,Dreame L10s Ultra Gen 4X Kit,116,S50 Ultra R2507,2026-08-13T02:13:02.931800+00:00
5420-16,Dreame,Dreame L60 Ultra CE,116,S50 Ultra R2507X,2026-08-13T02:13:02.931800+00:00
5420-17,Dreame,Dreame X50 Ultra Max,116,X50 Ultra Max,2026-08-13T02:13:02.931800+00:00
5420-18,Dreame,Dreame D30 APlus Kit,116,D30 APlus Kit,2026-08-13T02:13:02.931800+00:00
5420-19,Dreame,Dreame L40 Ultra Gen 3,116,X50 Pro R2515X,2026-08-13T02:13:02.931800+00:00
5420-20,Dreame,Dreame Robot Vacuum and Mop,116,X50 Pro R2502,2026-08-13T02:13:02.931800+00:00
5420-21,Dreame,Dreame Robot Vacuum and Mop,116,X50 Ultra R2518,2026-08-13T02:13:02.931800+00:00
5420-22,Dreame,Dreame Robot Vacuum and Mop,116,X50 Ultra R2518X,2026-08-13T02:13:02.931800+00:00
5420-23,Dreame,Dreame Robot Vacuum and Mop,116,X50 Ultra R2501,2026-08-13T02:13:02.931800+00:00
5420-24,Dreame,Dreame L50 Ultra,116,L50 Ultra R9493,2026-08-13T02:13:02.931800+00:00
5420-25,Dreame,Dreame L40s Pro Ultra,116,L40s Pro Ultra R9419,2026-08-13T02:13:02.931800+00:00
5420-32,Dreame,Dreame X50s Pro Master,116,X50s Pro Master R2501P,2026-08-13T02:13:02.931800+00:00
5420-33,Dreame,Dreame X50s Ultra Complete,116,X50s Ultra Complete R9508H,2026-08-13T02:13:02.931800+00:00
5420-34,Dreame,Dreame X50s Pro Ultra,116,X50s Ultra R2518,2026-08-13T02:13:02.931800+00:00
5420-35,Dreame,Dreame X50 Pro Master,116,X50 Pro Master R2501L,2026-08-13T02:13:02.931800+00:00
5420-36,Dreame,Dreame X50 Pro Ultra,116,X50 Pro Ultra R2518L,2026-08-13T02:13:02.931800+00:00
5420-37,Dreame,Dreame L50s Ultra,116,L50s Ultra R2529,2026-08-13T02:13:02.931800+00:00
5420-38,Dreame,Dreame Aqua10 Ultra Track Complete,116,X50 Ultra Track Complete R9528,2026-08-13T02:13:02.931800+00:00
5420-39,Dreame,Dreame Aqua10 Ultra Track,116,X50 Ultra Track R2527,2026-08-13T02:13:02.931800+00:00
5420-40,Dreame,Dreame Aqua10 Ultra Master Track,116,X50 Master Track R5110,2026-08-13T02:13:02.931800+00:00
5420-41,Dreame,Dreame Aqua10 Track,116,L50 Pro Ultra Track R2580,2026-08-13T02:13:02.931800+00:00
5420-48,Dreame,Dreame Aqua10 Ultra Roller Complete,116,X50 Ultra Roller complete R9547,2026-08-13T02:13:02.931800+00:00
5420-49,Dreame,Dreame Aqua10 Ultra Roller,116,X50 Ultra Roller R9535,2026-08-13T02:13:02.931800+00:00
5420-50,Dreame,Dreame Aqua10 Ultra Roller Master,116,X50 Master Roller R5109,2026-08-13T02:13:02.931800+00:00
5420-51,Dreame,Dreame Aqua10 Roller,116,L50 Ultra Roller R9533,2026-08-13T02:13:02.931800+00:00
5420-52,Dreame,Dreame Aqua10 Roller Master,116,L50 Master Roller R5111,2026-08-13T02:13:02.931800+00:00
5420-53,Dreame,Dreame Matrix10 Ultra,116,X50 MatriX R2513,2026-08-13T02:13:02.931800+00:00
5420-54,Dreame,Dreame Cyber10 Ultra,116,Cyber 10 R2521,2026-08-13T02:13:02.931800+00:00
5420-55,Dreame,Dreame X50 Ultra Complete,116,X50 Ultra Complete R9446,2026-08-13T02:13:02.931800+00:00
5420-97,Dreame,Dreame X50 Ultra Complete,116,X50 Ultra Complete R9470A,2026-08-13T02:13:02.931800+00:00
5420-98,Dreame,Dreame X50 Ultra Complete,116,X50 Ultra Complete R2538A,2026-08-13T02:13:02.931800+00:00
5420-99,Dreame,Dreame X50 Ultra,116,X50 Ultra R2489,2026-08-13T02:13:02.931800+00:00
5420-100,Dreame,Dreame X50 Ultra,116,X50 Ultra R2489T/R2489U,2026-08-13T02:13:02.931800+00:00
5420-101,Dreame,Dreame X50 Master,116,X50 Master R9434,2026-08-13T02:13:02.931800+00:00
5420-102,Dreame,Dreame L50 Pro Ultra,116,L50 Pro Ultra R9445,2026-08-13T02:13:02.931800+00:00
5420-103,Dreame,Dreame X40 Ultra Complete,116,X40 Ultra Complete R2449,2026-08-13T02:13:02.931800+00:00
5420-104,Dreame,Dreame X40 Ultra,116,X40 Ultra,2026-08-13T02:13:02.931800+00:00
5420-105,Dreame,Dreame L40 Ultra	,116,L40 Ultra R2492,2026-08-13T02:13:02.931800+00:00
5420-106,Dreame,Dreame X40 Master,116,X40 Master R2465,2026-08-13T02:13:02.931800+00:00
5420-107,Dreame,Dreame L40s Ultra,116,L40s Ultra R2551,2026-08-13T02:13:02.931800+00:00
5420-108,Dreame,Dreame L40 Ultra AE,116,L40  Ultra AE R2579(X),2026-08-13T02:13:02.931800+00:00
5420-109,Dreame,Dreame L40  Ultra CE,116,L40  Ultra CE R2562(X),2026-08-13T02:13:02.931800+00:00
5420-110,Dreame,Dreame D20 Ultra,116,D20 Ultra R9507,2026-08-13T02:13:02.931800+00:00
5420-111,Dreame,Dreame L40,116,L40 R9542,2026-08-13T02:13:02.931800+00:00
5420-112,Dreame,Dreame D20,116,D20 R2563(X),2026-08-13T02:13:02.931800+00:00
5420-113,Dreame,Dreame D20 Plus,116,D20 Plus R2564(X),2026-08-13T02:13:02.931800+00:00
5420-114,Dreame,Dreame D20 Pro,116,D20 Pro R2565(X),2026-08-13T02:13:02.931800+00:00
5420-115,Dreame,Dreame D20 Pro Plus,116,D20 Pro Plus R2566(X),2026-08-13T02:13:02.931800+00:00
5420-116,Dreame,Dreame L10s Ultra Gen3,116,L10s Ultra Gen3 R5023(X),2026-08-13T02:13:02.931800+00:00
5420-117,Dreame,Dreame L30s Pro Ultra,116,L30s Pro Ultra R5024(X),2026-08-13T02:13:02.931800+00:00
5420-118,Dreame,Dreame L10s Ultra Gen3,116,L10s Ultra Gen3 R5025(X),2026-08-13T02:13:02.931800+00:00
5420-120,Dreame,Dreame D30 Ultra,116,D30 Ultra R5057,2026-08-13T02:13:02.931800+00:00
5420-121,Dreame,Dreame X40 Pro Ultra,116,X40 Pro Ultra R2401S,2026-08-13T02:13:02.931800+00:00
5420-122,Dreame,Dreame X60 Ultra,116,X60 Ultra R9515,2026-08-13T02:13:02.931800+00:00
5420-123,Dreame,Dreame X60 Max Ultra,116,X60 Max Ultra,2026-08-13T02:13:02.931800+00:00
5420-124,Dreame,Dreame X60 Ultra Complete,116,X60 Ultra Complete,2026-08-13T02:13:02.931800+00:00
5420-125,Dreame,Dreame X60 Max Ultra Complete,116,X60 Max Ultra Complete,2026-08-13T02:13:02.931800+00:00
5420-126,Dreame,Dreame X60 Master,116,X60 Master,2026-08-13T02:13:02.931800+00:00
5420-127,Dreame,Dreame X60 Max Master,116,X60 Max Master,2026-08-13T02:13:02.931800+00:00
5420-128,Dreame,Dreame X60 Pro Ultra Complete,116,X60 Pro Ultra Complete,2026-08-13T02:13:02.931800+00:00
5420-129,Dreame,Dreame X60 Pro Master,116,X60 Pro Master,2026-08-13T02:13:02.931800+00:00
5420-130,Dreame,Dreame Aqua10 Pro Roller,116,Aqua10 Pro Roller,2026-08-13T02:13:02.931800+00:00
5420-131,Dreame,Dreame Aqua10 AE,116,Aqua10 AE,2026-08-13T02:13:02.931800+00:00
5420-132,Dreame,Dreame D30 Pro Ultra,116,D30 Pro Ultra,2026-08-13T02:13:02.931800+00:00
5420-133,Dreame,Dreame D30 Ultra CE,116,D30 Ultra CE,2026-08-13T02:13:02.931800+00:00
5420-134,Dreame,Dreame X50 Pro Master,116,X50 Pro Master,2026-08-13T02:13:02.931800+00:00
5420-135,Dreame,Dreame L50 Ultra AE,116,L50 Ultra AE,2026-08-13T02:13:02.931800+00:00
5420-136,Dreame,Dreame L50s Pro Ultra,116,L50s Pro Ultra,2026-08-13T02:13:02.931800+00:00
5420-137,Dreame,Dreame L50s Ultra,116,L50s Ultra,2026-08-13T02:13:02.931800+00:00
5420-138,Dreame,Dreame L60s Pro Ultra,116,L60s Pro Ultra,2026-08-13T02:13:02.931800+00:00
5420-139,Dreame,Dreame L60 Ultra,116,L60 Ultra,2026-08-13T02:13:02.931800+00:00
5420-140,Dreame,Dreame L60 Ultra AE,116,L60 Ultra AE,2026-08-13T02:13:02.931800+00:00
5420-141,Dreame,Dreame Aqua20 Ultra Complete,116,Aqua20 Ultra Complete,2026-08-13T02:13:02.931800+00:00
5420-142,Dreame,Dreame Aqua20 Ultra,116,Aqua20 Ultra,2026-08-13T02:13:02.931800+00:00
5420-143,Dreame,Dreame Aqua20 Ultra Master,116,Aqua20 Ultra Master,2026-08-13T02:13:02.931800+00:00
5420-144,Dreame,Dreame Auqa20 Pro,116,Auqa20 Pro,2026-08-13T02:13:02.931800+00:00
5420-145,Dreame,Dreame Aqua20 Roller,116,Aqua20 Roller,2026-08-13T02:13:02.931800+00:00
5420-146,Dreame,Dreame Aqua20 Roller Master,116,Aqua20 Roller Master,2026-08-13T02:13:02.931800+00:00
5420-148,Dreame,Dreame Aqua30 Pro Track,116,Aqua30 Pro Track,2026-08-13T02:13:02.931800+00:00
5420-149,Dreame,Dreame Aqua30 Ultra Track,116,Aqua30 Ultra Track,2026-08-13T02:13:02.931800+00:00
5420-150,Dreame,Dreame D30,116,D30,2026-08-13T02:13:02.931800+00:00
5420-151,Dreame,Dreame D30 Plus,116,D30 Plus,2026-08-13T02:13:02.931800+00:00
5420-152,Dreame,Dreame D30 Pro,116,D30 Pro,2026-08-13T02:13:02.931800+00:00
5420-153,Dreame,Dreame D30 Pro Plus,116,D30 Pro Plus,2026-08-13T02:13:02.931800+00:00
5420-154,Dreame,Dreame L50,116,L50,2026-08-13T02:13:02.931800+00:00
5420-155,Dreame,Dreame L50 Plus,116,L50 Plus,2026-08-13T02:13:02.931800+00:00
5420-156,Dreame,Dreame L60 Ultra FE,116,L60 Ultra FE,2026-08-13T02:13:02.931800+00:00
5420-157,Dreame,Dreame L60 Ultra,116,L60 Ultra R5039F,2026-08-13T02:13:02.931800+00:00
5420-158,Dreame,Dreame L60 Ultra PE,116,L60 Ultra PE,2026-08-13T02:13:02.931800+00:00
5420-159,Dreame,Dreame L50s Ultra,116,L50s Ultra R5039,2026-08-13T02:13:02.931800+00:00
5420-160,Dreame,Dreame Aqua20 Ultra Roller,116,Aqua20 Ultra Roller,2026-08-13T02:13:02.931800+00:00
5420-161,Dreame,Dreame Aqua20 Ultra Roller Master,116,Aqua20 Ultra Roller Master,2026-08-13T02:13:02.931800+00:00
5420-162,Dreame,Dreame Aqua10s Roller AE,116,Aqua10s Roller AE,2026-08-13T02:13:02.931800+00:00
5420-163,Dreame,Dreame Aqua20 Pro Track,116,Aqua20 Pro Track,2026-08-13T02:13:02.931800+00:00
5420-164,Dreame,Dreame Aqua20 Pro Track Master,116,Aqua20 Pro Track Master,2026-08-13T02:13:02.931800+00:00
5420-165,Dreame,Dreame Aqua20 Ultra Track Complete,116,Aqua20 Ultra Track Complete,2026-08-13T02:13:02.931800+00:00
5420-166,Dreame,Dreame Aqua10 Roller,116,Aqua10 Roller,2026-08-13T02:13:02.931800+00:00
5420-167,Dreame,Dreame GoVac 510 Complete,116,GoVac 510 Complete,2026-08-13T02:13:02.931800+00:00
5420-168,Dreame,Dreame L30s Ultra Heat,116,L30s Ultra Heat,2026-08-13T02:13:02.931800+00:00
5420-169,Dreame,Dreame L10s Ultra Heat,116,L10s Ultra Heat,2026-08-13T02:13:02.931800+00:00
5420-170,Dreame,Dreame L40 Ultra VE,116,L40 Ultra VE,2026-08-13T02:13:02.931800+00:00
5420-171,Dreame,Dreame GoVac 402,116,GoVac 402,2026-08-13T02:13:02.931800+00:00
5420-172,Dreame,Dreame L40 Ultra A,116,L40 Ultra A,2026-08-13T02:13:02.931800+00:00
5420-173,Dreame,Dreame GoVac 405,116,GoVac 405,2026-08-13T02:13:02.931800+00:00
5420-174,Dreame,Dreame L30s Ultra DRY,116,L30s Ultra DRY,2026-08-13T02:13:02.931800+00:00
5420-175,Dreame,Dreame Aqua10 Roller AE,116,Aqua10 Roller AE,2026-08-13T02:13:02.931800+00:00
5420-176,Dreame,Dreame Aqua20 Pro Ultra Roller Complete,116,Aqua20 Pro Ultra Roller Complete,2026-08-13T02:13:02.931800+00:00
5420-177,Dreame,Dreame Aqua20 Pro Ultra Roller,116,Aqua20 Pro Ultra Roller,2026-08-13T02:13:02.931800+00:00
5420-178,Dreame,Dreame Aqua20 Pro Roller,116,Aqua20 Pro Roller,2026-08-13T02:13:02.931800+00:00
5420-179,Dreame,Dreame L50s Pro Nano,116,L50s Pro Nano,2026-08-13T02:13:02.931800+00:00
5420-180,Dreame,Dreame X60 Pro Ultra,116,X60 Pro Ultra,2026-08-13T02:13:02.931800+00:00
5420-181,Dreame,Dreame X50s Ultra,116,X50s Ultra,2026-08-13T02:13:02.931800+00:00
5420-182,Dreame,Dreame GoVac 600,116,GoVac 600,2026-08-13T02:13:02.931800+00:00
5420-183,Dreame,Dreame F21 Pro,116,F21 Pro,2026-08-13T02:13:02.931800+00:00
5420-184,Dreame,Dreame X60 Track,116,X60 Track,2026-08-13T02:13:02.931800+00:00
5420-185,Dreame,Dreame GoVac 505,116,GoVac 505,2026-08-13T02:13:02.931800+00:00
5420-186,Dreame,Dreame L50s Pro Ultra Complete,116,L50s Pro Ultra Complete,2026-08-13T02:13:02.931800+00:00
5420-187,Dreame,Dreame X60 Pro Ultra Matrix,116,X60 Pro Ultra Matrix,2026-08-13T02:13:02.931800+00:00
5420-188,Dreame,Dreame Aqua10 Roller Kit,116,Aqua10 Roller Kit,2026-08-13T02:13:02.931800+00:00
5420-190,Dreame,Dreame GoVac 410 Kit,116,GoVac 410 Kit,2026-08-13T02:13:02.931800+00:00
5420-191,Dreame,Dreame L60 Ultra ,116,L60 Ultra,2026-08-13T02:13:02.931800+00:00
5420-192,Dreame,Dreame L60s Pro Ultra Kit,116,L60s Pro Ultra Kit,2026-08-13T02:13:02.931800+00:00
5420-193,Dreame,Dreame L60s Pro Ultra Set,116,L60s Pro Ultra Set,2026-08-13T02:13:02.931800+00:00
5420-194,Dreame,Dreame L50 Ultra CE,116,L50 Ultra CE,2026-08-13T02:13:02.931800+00:00
5420-195,Dreame,Dreame L40 Ultra Gen 2,116,L40 Ultra Gen 2,2026-08-13T02:13:02.931800+00:00
5420-196,Dreame,Dreame X50 Ultra Pure,116,X50 Ultra Pure,2026-08-13T02:13:02.931800+00:00
5420-197,Dreame,Dreame GoVac 401,116,GoVac 401,2026-08-13T02:13:02.931800+00:00
5420-198,Dreame,Dreame X60 Ultra Elite X,116,X60 Ultra Elite X,2026-08-13T02:13:02.931800+00:00
5420-199,Dreame,Dreame X60 Ultra Elite S,116,X60 Ultra Elite S,2026-08-13T02:13:02.931800+00:00
5420-200,Dreame,Dreame X60 Ultra Extreme,116,X60 Ultra Extreme,2026-08-13T02:13:02.931800+00:00
5420-201,Dreame,Dreame X60 Master Extreme,116,X60 Master Extreme,2026-08-13T02:13:02.931800+00:00
5420-202,Dreame,Dreame X60 Ultra Extreme Matrix,116,X60 Ultra Extreme Matrix,2026-08-13T02:13:02.931800+00:00
5420-203,Dreame,Dreame L50 Ultra AE Pearl,116,L50 Ultra AE Pearl,2026-08-13T02:13:02.931800+00:00
5420-204,Dreame,Dreame Aqua20 Roller FE,116,Aqua20 Roller FE,2026-08-13T02:13:02.931800+00:00
5420-205,Dreame,Dreame D40 Ultra,116,D40 Ultra,2026-08-13T02:13:02.931800+00:00
5420-206,Dreame,Dreame D30 Ultra T,116,D30 Ultra T,2026-08-13T02:13:02.931800+00:00
5420-207,Dreame,Dreame L10s Ultra Lite,116,L10s Ultra Lite,2026-08-13T02:13:02.931800+00:00
5420-208,Dreame,Dreame L10s Ultra Gen 4,116,L10s Ultra Gen 4,2026-08-13T02:13:02.931800+00:00
5420-209,Dreame,Dreame L50 Ultra AE Complete,116,L50 Ultra AE Complete,2026-08-13T02:13:02.931800+00:00
5420-210,Dreame,Dreame Aqua20 Pro Ultra Roller X Complete,116,R501UA/H/5/6/D/8/Y/W,2026-08-13T02:13:02.931800+00:00
5420-211,Dreame,Dreame Aqua20 Pro Ultra Roller S Complete,116,R501U9/7,2026-08-13T02:13:02.931800+00:00
5420-212,Dreame,Dreame Aqua20 Ultra Track S,116,Aqua20 Ultra Track S,2026-08-13T02:13:02.931800+00:00
5420-214,Dreame,Dreame Aqua20 Pro Ultra Track X Complete,116,R50986/7/D/L/Y/W,2026-08-13T02:13:02.931800+00:00
5420-256,Dreame,Dreame L60 Nano,116,L60 Nano,2026-08-13T02:13:02.931800+00:00
5420-257,Dreame,Dreame L60 Pro Ultra,116,L60 Pro Ultra,2026-08-13T02:13:02.931800+00:00
5420-258,Dreame,Dreame Matrix10 Pro,116,Matrix10 Pro,2026-08-13T02:13:02.931800+00:00
5420-36864,Dreame,Dreame Light Bulb L11,269,C011,2026-08-13T02:13:02.931800+00:00
5420-36865,Dreame,Dreame Strip Lights P11,269,C021,2026-08-13T02:13:02.931800+00:00
5420-36866,Dreame,Dreame Floor Lamp F11P,269,Dreame Floor Lamp F11P C031,2026-08-13T02:13:02.931800+00:00
5420-38144,Dreame,Dreame NAVO Smart Lock A10,10,-,2026-08-13T02:13:02.931800+00:00
5420-38145,Dreame,Dreame NAVO Smart Lock E10,10,-,2026-08-13T02:13:02.931800+00:00
5421-1,Neo Smart Blinds,Neo Smart Blinds Controller	,14,C-BR300,2026-08-13T02:13:02.931800+00:00
5423-773,SDevices,Smart Bulb A60,269,SBDV-00305,2026-08-13T02:13:02.931800+00:00
5423-774,SDevices,Smart Bulb A70,269,SBDV-00306,2026-08-13T02:13:02.931800+00:00
5423-775,SDevices,Smart Bulb C37,269,SBDV-00307,2026-08-13T02:13:02.931800+00:00
5423-776,SDevices,Smart Bulb GU10,269,SBDV-00308,2026-08-13T02:13:02.931800+00:00
5423-777,SDevices,Smart Bulb GX53,269,SBDV-00309,2026-08-13T02:13:02.931800+00:00
5424-513,Taiwan Fu Hsing,Membrane Electronic Deadbolt,10,A73-C40C,2026-08-13T02:13:02.931800+00:00
5425-16,Solity,MT-100C,10,MT-100C,2026-08-13T02:13:02.931800+00:00
5425-32,Solity,MT-200C,10,MT-200C,2026-08-13T02:13:02.931800+00:00
5426-922,Arpobot,Arpobot Smart Shade,514,SHSS-02,2026-08-13T02:13:02.931800+00:00
5426-1125,Arpobot,Arpobot Smart Shade,514,SHSS-01,2026-08-13T02:13:02.931800+00:00
5427-1,"Anker Innovations  Technology Co., Ltd",eufy Smart Lock E31,10,T85F0,2026-08-13T02:13:02.931800+00:00
5427-2,"Anker Innovations  Technology Co., Ltd",eufy Smart Lock E30,10,T85F1,2026-08-13T02:13:02.931800+00:00
5427-3,"Anker Innovations  Technology Co., Ltd",eufy Smart Lock C34,10,T85D2,2026-08-13T02:13:02.931800+00:00
5427-4,"Anker Innovations  Technology Co., Ltd",eufy Video Smart Lock S3 Pro,10,T85V0,2026-08-13T02:13:02.931800+00:00
5427-5,"Anker Innovations  Technology Co., Ltd",eufy Smart Lock E34,10,T85P0,2026-08-13T02:13:02.931800+00:00
5427-6,"Anker Innovations  Technology Co., Ltd",eufy Smart Lock E35,10,T85P1,2026-08-13T02:13:02.931800+00:00
5427-7,"Anker Innovations  Technology Co., Ltd",eufy Robot Vacuum Omni S1,116,T2071,2026-08-13T02:13:02.931800+00:00
5427-8,"Anker Innovations  Technology Co., Ltd",eufy Robot Vacuum,116,T2081,2026-08-13T02:13:02.931800+00:00
5427-9,"Anker Innovations  Technology Co., Ltd",eufy Robot Vacuum Omni S2 Pro,116,T210T,2026-08-13T02:13:02.931800+00:00
5427-10,"Anker Innovations  Technology Co., Ltd",eufy Robotic Vacuum,116,T2352,2026-08-13T02:13:02.931800+00:00
5427-11,"Anker Innovations  Technology Co., Ltd",eufy Robotic Vacuum,116,T2353,2026-08-13T02:13:02.931800+00:00
5427-14,"Anker Innovations  Technology Co., Ltd",eufy Video Smart Lock S3,10,T85V0C,2026-08-13T02:13:02.931800+00:00
5427-15,"Anker Innovations  Technology Co., Ltd",eufy FamiLock S3 Max,10,T85V0,2026-08-13T02:13:02.931800+00:00
5427-16,"Anker Innovations  Technology Co., Ltd",eufy FamiLock S3,10,T85V0C,2026-08-13T02:13:02.931800+00:00
5427-17,"Anker Innovations  Technology Co., Ltd",eufy FamiLock E34,10,T85P0,2026-08-13T02:13:02.931800+00:00
5427-18,"Anker Innovations  Technology Co., Ltd",eufy FamiLock E35,10,T85P1,2026-08-13T02:13:02.931800+00:00
5427-19,"Anker Innovations  Technology Co., Ltd",eufy Permanent Outdoor Lights S4,269,T8L04,2026-08-13T02:13:02.931800+00:00
5427-20,"Anker Innovations  Technology Co., Ltd",eufy FamiLock E40,10,T85M0,2026-08-13T02:13:02.931800+00:00
5427-22,"Anker Innovations  Technology Co., Ltd",eufy FamiLock E32,10,T85F2,2026-08-13T02:13:02.931800+00:00
5427-24,"Anker Innovations  Technology Co., Ltd",eufy Robot Vacuum Omni C28,116,T211A,2026-08-13T02:13:02.931800+00:00
5427-25,"Anker Innovations  Technology Co., Ltd",Anker eufy Robot Vacuum Omni E35,116,T210M,2026-08-13T02:13:02.931800+00:00
5427-26,"Anker Innovations  Technology Co., Ltd",eufy Omni X12 Pro,116,T211AX,2026-08-13T02:13:02.931800+00:00
5427-27,"Anker Innovations  Technology Co., Ltd",eufy Robot Vacuum Omni C30,116,T210Q,2026-08-13T02:13:02.931800+00:00
5427-28,"Anker Innovations  Technology Co., Ltd",eufy Robot Vacuum Omni C30 Lite,116,T210S,2026-08-13T02:13:02.931800+00:00
5427-32,"Anker Innovations  Technology Co., Ltd",eufy Permanent Outdoor Light E32,269,T8L04,2026-08-13T02:13:02.931800+00:00
5427-34,"Anker Innovations  Technology Co., Ltd",eufy Robot Vacuum Omni C30 Edge,116,T210Q,2026-08-13T02:13:02.931800+00:00
5427-35,"Anker Innovations  Technology Co., Ltd",eufy Robot Vacuum Omni C30,116,T210S,2026-08-13T02:13:02.931800+00:00
5428-4353,WAGO,Home Relay 16A Wi-Fi,266,2757-1101,2026-08-13T02:13:02.931800+00:00
5428-4354,WAGO,Home Relay 16A Thread,266,2757-1102,2026-08-13T02:13:02.931800+00:00
5428-4357,WAGO,Home Blind Wi-Fi,514,2757-1105,2026-08-13T02:13:02.931800+00:00
5428-4358,WAGO,Home Blind Thread,514,2757-1106,2026-08-13T02:13:02.931800+00:00
5428-4359,WAGO,Home Dimmer Wi-Fi,257,2757-1107,2026-08-13T02:13:02.931800+00:00
5428-4360,WAGO,Home Dimmer Thread,257,2757-1108,2026-08-13T02:13:02.931800+00:00
5428-4361,WAGO,Home Relay 6A Wi-Fi,266,2757-1109,2026-08-13T02:13:02.931800+00:00
5428-4368,WAGO,Home Relay 6A Thread,266,2757-1110,2026-08-13T02:13:02.931800+00:00
5430-53249,DomoPlus,DomoPlus Smart  Bulb,269,DP-SB09B,2026-08-13T02:13:02.931800+00:00
5431-2165,PEARL GmbH,"Smarte WiFi LED E27, RGB CCT, 806Lm",269,ZX-5557,2026-08-13T02:13:02.931800+00:00
5431-2174,PEARL GmbH,"Smarte WLAN Outdoor Steckdose, Energiekostenmesser",266,ZX-5558,2026-08-13T02:13:02.931800+00:00
5431-2244,PEARL GmbH,Smarte WLAN Steckdose mit Energiekostenmesser,266,ZX-5599,2026-08-13T02:13:02.931800+00:00
5431-4467,PEARL GmbH,Smarte WLAN Steckdose,266,ZX-5599,2026-08-13T02:13:02.931800+00:00
5432-2255,Beca,Smart Thermostat,769,BHT-18,2026-08-13T02:13:02.931800+00:00
5432-4719,Beca,Smart Thermostat,769,BHT-001,2026-08-13T02:13:02.931800+00:00
5435-14337,Griesser Electronic AG,MSM-1,514,014337.511,2026-08-13T02:13:02.931800+00:00
5435-14346,Griesser Electronic AG,BiLine | BiConnect Box,14,BiLine | BiConnect Box,2026-08-13T02:13:02.931800+00:00
5436-1,alre,KTRRUs410.B86,769,UA130000,2026-08-13T02:13:02.931800+00:00
5437-32769,Amlogic,BA401,14,AML-SBR-BA401-W2L,2026-08-13T02:13:02.931800+00:00
5438-2875,ART DOM,Smart Socket Setti+ SP401M,266,SP401M,2026-08-13T02:13:02.931800+00:00
5439-1,Brel,BEMQ35,514,BEMQ35,2026-08-13T02:13:02.931800+00:00
5439-23,Brel,Brel Smart Motor,514,Brel Smart Motor,2026-08-13T02:13:02.931800+00:00
5439-8193,Brel,BLEM25-1.1/28,514,BLEM25-1.1/28,2026-08-13T02:13:02.931800+00:00
5439-8194,Brel, BLEM20-0.5,514, BLEM20-0.5,2026-08-13T02:13:02.931800+00:00
5439-8202,Brel,BLEMQ35-06/24,514,BLEMQ35-06/24,2026-08-13T02:13:02.931800+00:00
5439-8208,Brel,BJEM24S-0.6,514,BJEM24S-0.6,2026-08-13T02:13:02.931800+00:00
5439-8209,Brel,BJEM24D-0.8,514,BJEM24D-0.8,2026-08-13T02:13:02.931800+00:00
5439-28673,Brel,Hub-04,14,Hub-04,2026-08-13T02:13:02.931800+00:00
5442-1,Lanbon,Switch,256,HS,2026-08-13T02:13:02.931800+00:00
5447-1001,Mayer & Co Beschläge GmbH,Sense by MACO | Window Pro T&T,21,481961,2026-08-13T02:13:02.931800+00:00
5447-1002,Mayer & Co Beschläge GmbH,Sense by MACO | Window T&T,21,481962,2026-08-13T02:13:02.931800+00:00
5447-1003,Mayer & Co Beschläge GmbH,Sense by MACO | Casement,21,481963,2026-08-13T02:13:02.931800+00:00
5447-1004,Mayer & Co Beschläge GmbH,Sense by MACO | Door,21,481964,2026-08-13T02:13:02.931800+00:00
5447-1005,Mayer & Co Beschläge GmbH,Sense by MACO | Universal,21,481965,2026-08-13T02:13:02.931800+00:00
5449-4660,(unknown vendor 5449),STAR-Power,267,STAR-power-Matter-150,2026-08-13T02:13:02.931800+00:00
5449-4661,(unknown vendor 5449),STAR-Light,267,STAR-light-V2,2026-08-13T02:13:02.931800+00:00
5449-4662,(unknown vendor 5449),STAR-Rover,267,STAR-Rover-4-Wireless,2026-08-13T02:13:02.931800+00:00
5450-33026,"Hangzhou Sciener Smart Technology Co., Ltd.",SN8102 WiFi Module,10,NA,2026-08-13T02:13:02.931800+00:00
5451-125,SkyAngle,Color Temperature Lamp,268,00000000000000000000000000000001,2026-08-13T02:13:02.931800+00:00
5452-2235,VIZO Technology Corp.,VIZO MTZ Hub,14,VZ-MZH,2026-08-13T02:13:02.931800+00:00
5456-4097,AvatarControls,AvatarControls Smart LED Bulbs,269,NA,2026-08-13T02:13:02.931800+00:00
5457-1,Kaijet,j5create Smart Power Strip,266,JSPAC4430,2026-08-13T02:13:02.931800+00:00
5458-3328,DEWENWILS,Edishine Smart Led Bulb,269,Edishine Smart Led Bulb,2026-08-13T02:13:02.931800+00:00
5458-3329,DEWENWILS,DEWENWILS 3 -Zone Transformer,266,HWLT03,2026-08-13T02:13:02.931800+00:00
5458-3330,DEWENWILS,DEWENWILS Smart Device,266,DEWENWILS Smart Device,2026-08-13T02:13:02.931800+00:00
5458-3331,DEWENWILS,DEWENWILS Smart Dimmer,266,DEWENWILS Smart Dimmer,2026-08-13T02:13:02.931800+00:00
5458-3334,DEWENWILS,Dewenwils 2-Zone Light Switch,256,Dewenwils 2-Zone Light Switch,2026-08-13T02:13:02.931800+00:00
5459-4097,SuperBrightLEDS,LED Smart Light,269,N/A,2026-08-13T02:13:02.931800+00:00
5461-2373,"MIUC Technology (Shenzhen) Co.,Ltd",AVATTO Smart Wired Gateway,14,GW60-Matter,2026-08-13T02:13:02.931800+00:00
5461-2416,"MIUC Technology (Shenzhen) Co.,Ltd",Smart Thermostat,769,WT410-Matter,2026-08-13T02:13:02.931800+00:00
5461-4924,"MIUC Technology (Shenzhen) Co.,Ltd",Smart Switch,256,TS60-EU-W4,2026-08-13T02:13:02.931800+00:00
5461-5073,"MIUC Technology (Shenzhen) Co.,Ltd",Smart TRV,769,TRV60-Matter,2026-08-13T02:13:02.931800+00:00
5464-40,Ai-Thinker,Ai Smart Curtains,514,0028,2026-08-13T02:13:02.931800+00:00
5465-2359,tink GmbH,tink Basics Door Window Sensor,21,TNKDSE261,2026-08-13T02:13:02.931800+00:00
5465-2371,tink GmbH,tink Basics Smart Plug,266,TNKPLU261,2026-08-13T02:13:02.931800+00:00
5465-2387,tink GmbH,Tink Basics Smart Bulb GU10,269,TNKGU1241,2026-08-13T02:13:02.931800+00:00
5465-2388,tink GmbH,Tink Basics Smart Bulb E27,269,TNKE27241,2026-08-13T02:13:02.931800+00:00
5465-3225,tink GmbH,tink Basics Motion Sensor,263,TNKMSE251,2026-08-13T02:13:02.931800+00:00
5465-57600,tink GmbH,Neon Light Strip,269,NA,2026-08-13T02:13:02.931800+00:00
5467-1,MinebeaMitsumi,SADIOT LOCK Hub2M,14,0,2026-08-13T02:13:02.931800+00:00
5468-1605,Feierge,Tubular Motor,514,FT35E-M,2026-08-13T02:13:02.931800+00:00
5470-9217,Sandstrom,Sandstrom Wi-Fi Smart Plug,266,2433D10000028,2026-08-13T02:13:02.931800+00:00
5470-9473,Sandstrom,Wireless Smart Plug,266,SSPMW26,2026-08-13T02:13:02.931800+00:00
5470-9474,Sandstrom,Wireless Smart Plug,266,LKSPMW26G,2026-08-13T02:13:02.931800+00:00
5472-3596,SIXWGH,Smart Plug,266,WHDZ01,2026-08-13T02:13:02.931800+00:00
5472-4096,SIXWGH,Smart Plug,266,Smart Plug,2026-08-13T02:13:02.931800+00:00
5474-5,Renesas Electronics Corporation,RRQ61051,10,RRQ61051,2026-08-13T02:13:02.931800+00:00
5476-32768,NEXTY ELECTRONICS,OnOff Plug,266,onoff-p,2026-08-13T02:13:02.931800+00:00
5478-36889,ODELIC,Ceiling Light ,268,SH8354LDR  SH8362LDR,2026-08-13T02:13:02.931800+00:00
5478-36896,ODELIC,Ceiling Light ,268,SH8353LDR   SH8361LDR,2026-08-13T02:13:02.931800+00:00
5478-36897,ODELIC,Ceiling Light ,268,SH8352LDR   SH8360LDR,2026-08-13T02:13:02.931800+00:00
5479-1,"Qingdao Haier Technology Co., Ltd",GE Appliances Window AC,114,AWCS08WWB,2026-08-13T02:13:02.931800+00:00
5479-2,"Qingdao Haier Technology Co., Ltd",GE Appliances Window AC,114,AWCS10WWB,2026-08-13T02:13:02.931800+00:00
5479-3,"Qingdao Haier Technology Co., Ltd",GE Appliances Window AC,114,AWCS12WWB,2026-08-13T02:13:02.931800+00:00
5479-4,"Qingdao Haier Technology Co., Ltd",GE Appliances Window AC,114,AWCS14WWB,2026-08-13T02:13:02.931800+00:00
5479-5,"Qingdao Haier Technology Co., Ltd",GE Appliances Window AC,114,AWCS08WWA,2026-08-13T02:13:02.931800+00:00
5479-6,"Qingdao Haier Technology Co., Ltd",GE Appliances Window AC,114,AWCS10WWA,2026-08-13T02:13:02.931800+00:00
5479-7,"Qingdao Haier Technology Co., Ltd",GE Appliances Window AC,114,AWCS12WWA,2026-08-13T02:13:02.931800+00:00
5480-2,Econet,WIFI Relay Controller Board,266,0000000000000000000000000000001,2026-08-13T02:13:02.931800+00:00
5480-10,Econet,Bulldog GateLock,10,EGL400,2026-08-13T02:13:02.931800+00:00
5481-18917,Feller,Roomthermostat connected,769,-,2026-08-13T02:13:02.931800+00:00
5481-18919,Feller,Funktaster Connected,15,-,2026-08-13T02:13:02.931800+00:00
5482-1,xCREAS,xCREAS smart air purifier,45,KJ400F-C3,2026-08-13T02:13:02.931800+00:00
5482-2,xCREAS,xCREAS smart air purifier,45,KJ400F-C3-US,2026-08-13T02:13:02.931800+00:00
5482-3,xCREAS,xCREAS smart air purifier,45,KJ400F-C3-EU,2026-08-13T02:13:02.931800+00:00
5482-4,xCREAS,xCREAS smart air purifier,45,KJ400F-C3-UK,2026-08-13T02:13:02.931800+00:00
5482-32,xCREAS,xCREAS smart air purifier,45,HP400s,2026-08-13T02:13:02.931800+00:00
5482-33,xCREAS,xCREAS smart air purifier,45,HP400s-US,2026-08-13T02:13:02.931800+00:00
5482-34,xCREAS,xCREAS smart air purifier,45,HP400s-EU,2026-08-13T02:13:02.931800+00:00
5482-35,xCREAS,xCREAS smart air purifier,45,HP400s-UK,2026-08-13T02:13:02.931800+00:00
5482-48,xCREAS,xCREAS smart air purifier,45,KJ300-B1s,2026-08-13T02:13:02.931800+00:00
5482-49,xCREAS,xCREAS smart air purifier,45,KJ300-B1s-US,2026-08-13T02:13:02.931800+00:00
5482-50,xCREAS,xCREAS smart air purifier,45,KJ300-B1s-EU,2026-08-13T02:13:02.931800+00:00
5482-51,xCREAS,xCREAS smart air purifier,45,KJ300-B1s-UK,2026-08-13T02:13:02.931800+00:00
5482-64,xCREAS,xCREAS smart air purifier,45,DAP12s,2026-08-13T02:13:02.931800+00:00
5482-65,xCREAS,xCREAS smart air purifier,45,DAP12s-US,2026-08-13T02:13:02.931800+00:00
5482-66,xCREAS,xCREAS smart air purifier,45,DAP12s-EU,2026-08-13T02:13:02.931800+00:00
5482-67,xCREAS,xCREAS smart air purifier,45,DAP12s-UK,2026-08-13T02:13:02.931800+00:00
5482-80,xCREAS,xCREAS smart air purifier,45,KJ800-S1,2026-08-13T02:13:02.931800+00:00
5482-81,xCREAS,xCREAS smart air purifier,45,KJ800-S1-US,2026-08-13T02:13:02.931800+00:00
5482-82,xCREAS,xCREAS smart air purifier,45,KJ800-S1-EU,2026-08-13T02:13:02.931800+00:00
5482-83,xCREAS,xCREAS smart air purifier,45,KJ800-S1-UK,2026-08-13T02:13:02.931800+00:00
5482-96,xCREAS,xCREAS smart air purifier,45,DAP35s,2026-08-13T02:13:02.931800+00:00
5482-97,xCREAS,xCREAS smart air purifier,45,DAP35s-US,2026-08-13T02:13:02.931800+00:00
5482-98,xCREAS,xCREAS smart air purifier,45,DAP35s-EU,2026-08-13T02:13:02.931800+00:00
5482-99,xCREAS,xCREAS smart air purifier,45,DAP35s-UK,2026-08-13T02:13:02.931800+00:00
5482-112,xCREAS,xCREAS smart air purifier,45,PAP1s,2026-08-13T02:13:02.931800+00:00
5482-113,xCREAS,xCREAS smart air purifier,45,PAP1s-US,2026-08-13T02:13:02.931800+00:00
5482-114,xCREAS,xCREAS smart air purifier,45,PAP1s-EU,2026-08-13T02:13:02.931800+00:00
5482-115,xCREAS,xCREAS smart air purifier,45,PAP1s-UK,2026-08-13T02:13:02.931800+00:00
5483-4096,ShinDong-A ES,Smart wall switch,259,QSC224M,2026-08-13T02:13:02.931800+00:00
5484-85,Motionblinds,Motionblinds Matter Wi-Fi bridge	,14,CM-55,2026-08-13T02:13:02.931800+00:00
5486-2,BrizLabs,BrizLabs Floor Lamp,269,DELLD275,2026-08-13T02:13:02.931800+00:00
5486-3,BrizLabs,BrizLabs Ceiling Light,269,DELLD333,2026-08-13T02:13:02.931800+00:00
5489-227,Eurotronic Technology GmbH,Comet Matter,769,15710227,2026-08-13T02:13:02.931800+00:00
5490-40,Babai,Smart Curtain Motor,514,0028,2026-08-13T02:13:02.931800+00:00
5491-30616,SELVE,SELVE Home Server 3,14,297798,2026-08-13T02:13:02.931800+00:00
5493-1,Xizhen Electronics,Smart AC Controller,769,1,2026-08-13T02:13:02.931800+00:00
5493-2,Xizhen Electronics,Smart Centralized AC Controller,14,1,2026-08-13T02:13:02.931800+00:00
5493-3,Xizhen Electronics,5-in-1 Presence Sensor,263,1,2026-08-13T02:13:02.931800+00:00
5493-4,Xizhen Electronics,Gerlsair Aura X5,14,1,2026-08-13T02:13:02.931800+00:00
5494-32767,Enlight Ceiling Fan,Enlight Smart Fan,43,ELSCUMTR1,2026-08-13T02:13:02.931800+00:00
5496-6657,WINTEC KOREA INC,GATEWAY-MT,514,WTRON-GW-MT1,2026-08-13T02:13:02.931800+00:00
5497-257,Hinkley,60 Swell Flush Thread ver,4684,JY1156H-NL-F1-ETH-903460,2026-08-13T02:13:02.931800+00:00
5497-2441,Hinkley,Smart RGB Spot Light,269,LumaCore G5,2026-08-13T02:13:02.931800+00:00
5497-3644,Hinkley,Smart Fan Light Controller,257,JY1156H-LD-F1-ETH,2026-08-13T02:13:02.931800+00:00
5497-3645,Hinkley,Smart Fan Light Controller,257,MR225H,2026-08-13T02:13:02.931800+00:00
5497-3660,Hinkley,Smart Fan Light Controller,257,Smart Fan Light Controller,2026-08-13T02:13:02.931800+00:00
5497-3684,Hinkley,Smart Fan Light Controller,257,JY1156H-NL-F1-ETH,2026-08-13T02:13:02.931800+00:00
5497-3782,Hinkley,56 Tiburon Thread version,257,JY1156H-L2-SS-ETH-907256,2026-08-13T02:13:02.931800+00:00
5497-3786,Hinkley,54 Sven Thread version,257,JY1156H-L2-SS-ETH-908154,2026-08-13T02:13:02.931800+00:00
5497-4574,Hinkley,60 Artiste Thread version,257,JY1156H-LD-F1-ETH,2026-08-13T02:13:02.931800+00:00
5497-4575,Hinkley,60 Merrick Thread version,257,JY1156H-LD-F1-ETH,2026-08-13T02:13:02.931800+00:00
5497-4587,Hinkley,52 Hover fan Thread version,257,JY1156H-LD-F1-ETH,2026-08-13T02:13:02.931800+00:00
5497-4620,Hinkley,60 Hover fan Thread version,257,JY1156H-LD-F1-ETH,2026-08-13T02:13:02.931800+00:00
5497-4625,Hinkley,52 Hover flush fan Thread ver,257,JY1156H-LD-F1-ETH,2026-08-13T02:13:02.931800+00:00
5497-4626,Hinkley,60 Hover Flush fan Thread ver,257,JY1156H-LD-F1-ETH,2026-08-13T02:13:02.931800+00:00
5497-4627,Hinkley,52 Vail Flush Thread version,257,JY1156H-LD-F1-ETH,2026-08-13T02:13:02.931800+00:00
5497-4628,Hinkley,44 Trey Fan Thread version,257,JY1156H-LD-F1-ETH,2026-08-13T02:13:02.931800+00:00
5497-4629,Hinkley,52 Trey Fan Thread version,257,JY1156H-LD-F1-ETH,2026-08-13T02:13:02.931800+00:00
5497-4634,Hinkley,28 Sawyer fan Thread version,257,JY1156H-LD-F1-ETH,2026-08-13T02:13:02.931800+00:00
5497-4635,Hinkley,60 Marin Thread version,257,JY1156H-LD-F1-ETH-903160,2026-08-13T02:13:02.931800+00:00
5497-4636,Hinkley,56 Swell Flush Thread ver,257,JY1156H-LD-F1-ETH-903456,2026-08-13T02:13:02.931800+00:00
5497-4638,Hinkley,60 Sculpt Thread version,257,JY1156H-LD-F1-ETH-903660,2026-08-13T02:13:02.931800+00:00
5497-4639,Hinkley,80 Sculpt Thread version,257,JY1156H-LD-F1-ETH-903680,2026-08-13T02:13:02.931800+00:00
5497-4643,Hinkley,56 Swell Iluminated Thread ver,257,JY1156H-LD-F1-ETH-903856,2026-08-13T02:13:02.931800+00:00
5497-4645,Hinkley,72 Swell Iluminated Thread ver,257,JY1156H-LD-F1-ETH-903872,2026-08-13T02:13:02.931800+00:00
5497-4647,Hinkley,60 Turbine Thread version,257,JY1156H-LD-F1-ETH-904260,2026-08-13T02:13:02.931800+00:00
5497-4648,Hinkley,80 Turbine Thread version,257,JY1156H-LD-F1-ETH-904280,2026-08-13T02:13:02.931800+00:00
5497-4649,Hinkley,52 Neo Thread version,257,JY1156H-LD-F1-ETH-905452,2026-08-13T02:13:02.931800+00:00
5497-4650,Hinkley,56 Iver Thread version,257,JY1156H-LD-F1-ETH-905756,2026-08-13T02:13:02.931800+00:00
5497-4651,Hinkley,52 Facet Thread version,257,JY1156H-LD-F1-ETH-905852,2026-08-13T02:13:02.931800+00:00
5497-4652,Hinkley,60 Facet Thread version,257,JY1156H-LD-F1-ETH-905860,2026-08-13T02:13:02.931800+00:00
5497-4653,Hinkley,52 Sawyer Thread version,257,JY1156H-LD-F1-ETH-906144,2026-08-13T02:13:02.931800+00:00
5497-4654,Hinkley,42 Atticus Thread version,257,JY1156H-LD-F1-ETH-906242,2026-08-13T02:13:02.931800+00:00
5497-4655,Hinkley,56 Atticus Thread version,257,JY1156H-LD-F1-ETH-906256,2026-08-13T02:13:02.931800+00:00
5497-4656,Hinkley,52 Azura Thread version,257,JY1156H-LD-F1-ETH-906352,2026-08-13T02:13:02.931800+00:00
5497-4657,Hinkley,56 Alba Thread version,257,JY1156H-LD-F1-ETH-906556,2026-08-13T02:13:02.931800+00:00
5497-4658,Hinkley,64 BodinThread version,257,JY1156H-LD-F1-ETH-906564,2026-08-13T02:13:02.931800+00:00
5497-4659,Hinkley,48 Liv Thread version,257,JY1156H-NL-F1-ETH-906648,2026-08-13T02:13:02.931800+00:00
5497-4660,Hinkley,60 Liv Thread version,257,JY1156H-NL-F1-ETH-906660,2026-08-13T02:13:02.931800+00:00
5497-4661,Hinkley,60 Aileron Thread version,257,JY1156H-LD-F1-ETH-906760,2026-08-13T02:13:02.931800+00:00
5497-4662,Hinkley,64 Talan Thread version,257,JY1156H-LD-F1-ETH-906864,2026-08-13T02:13:02.931800+00:00
5497-4663,Hinkley,64 Andros Thread version,257,JY1156H-LD-F1-ETH-906964,2026-08-13T02:13:02.931800+00:00
5497-4664,Hinkley,52 Vail Thread version,257,JY1156H-LD-F1-ETH-907052,2026-08-13T02:13:02.931800+00:00
5497-4665,Hinkley,66 Vantage Thread version,257,JY1156H-LD-F1-ETH-907166,2026-08-13T02:13:02.931800+00:00
5497-4666,Hinkley,58 Layton Thread version,257,JY1156H-LD-F1-ETH-907358,2026-08-13T02:13:02.931800+00:00
5497-4667,Hinkley,52 Speck Thread version,257,JY1156H-LD-F1-ETH-907452,2026-08-13T02:13:02.931800+00:00
5497-4668,Hinkley,52 Speck Flush Thread version,257,JY1156H-LD-F1-ETH-907552,2026-08-13T02:13:02.931800+00:00
5497-4669,Hinkley,52 Oris Thread version,257,JY1156H-LD-F1-ETH-908052,2026-08-13T02:13:02.931800+00:00
5497-4683,Hinkley,60 Rafter Thread version,257,JY1156H-LD-F1-ETH-908260,2026-08-13T02:13:02.931800+00:00
5497-4684,Hinkley,60 Swell Flush Thread ver,257,JY1156H-NL-F1-ETH-903460,2026-08-13T02:13:02.931800+00:00
5497-4685,Hinkley,44 Chisel Thread ver,257,JY1156H-NL-F1-ETH-903744,2026-08-13T02:13:02.931800+00:00
5497-4686,Hinkley,52 Chisel Thread ver,257,JY1156H-NL-F1-ETH-903752,2026-08-13T02:13:02.931800+00:00
5497-4687,Hinkley,60 Chisel Thread ver,257,JY1156H-NL-F1-ETH-903760,2026-08-13T02:13:02.931800+00:00
5497-4688,Hinkley,60 Swell Thread version,257,JY1156H-NL-F1-ETH-903860,2026-08-13T02:13:02.931800+00:00
5497-4689,Hinkley,80 Swell Thread version,257,JY1156H-NL-F1-ETH-903880,2026-08-13T02:13:02.931800+00:00
5497-4690,Hinkley,60 Vento Thread ver,257,JY1156H-NL-F1-ETH-907660,2026-08-13T02:13:02.931800+00:00
5498-4097,SMARTSPEC,SMARTSPEC Smart Plug,266,NA,2026-08-13T02:13:02.931800+00:00
5498-8193,SMARTSPEC,SMARTSPEC SMART GU10 4.5WATT LAMP,269,NA,2026-08-13T02:13:02.931800+00:00
5498-8194,SMARTSPEC,SMARTSPEC SMART A60 9WATT LAMP,269,NA,2026-08-13T02:13:02.931800+00:00
5500-1,L&S,LITE MT MONO,269,LITE MT MONO,2026-08-13T02:13:02.931800+00:00
5500-2,L&S,LITE MT EDC,269,LITE MT EDC,2026-08-13T02:13:02.931800+00:00
5502-4233,APICAL,indoor camera,14,100162900,2026-08-13T02:13:02.931800+00:00
5502-4335,APICAL,Outdoor Camera ,14,36020607,2026-08-13T02:13:02.931800+00:00
5502-4886,APICAL,doorbell,14,100162899,2026-08-13T02:13:02.931800+00:00
5502-5331,APICAL,Floodlight Camera,14,36020594,2026-08-13T02:13:02.931800+00:00
5506-2,KEGU,Smart Gateway,14,Smart Gateway,2026-08-13T02:13:02.931800+00:00
5506-1177,KEGU,KEGU Smart LED Driver,268,IOT Series,2026-08-13T02:13:02.931800+00:00
5507-4102,MAMABA,MA72TE-SWM,514,MA72TE-SWM,2026-08-13T02:13:02.931800+00:00
5508-1,(unknown vendor 5508),Recessed Lighting	,269,1,2026-08-13T02:13:02.931800+00:00
5512-1,Atouch Winwel Lda,D-GATEWAY5,14,-,2026-08-13T02:13:02.931800+00:00
5513-1,Warmup PLC,Warmup 7IE Wifi Thermostat. Cloud White Body with Light Chrome Surround.,769,6IE-04-CW-LC,2026-08-13T02:13:02.931800+00:00
5513-2,Warmup PLC,Warmup 7IE WiFi Thermostat. Onyx Black Body with Dark Chrome Surround.,769,6IE-04-OB-DC,2026-08-13T02:13:02.931800+00:00
5513-17,Warmup PLC,Warmup 7IE WiFi Thermostat. Cloud White Body with Light Chrome Surround.,769,7IE-01-CW-LC,2026-08-13T02:13:02.931800+00:00
5513-18,Warmup PLC,Warmup 7IE WiFi Thermostat. Onyx Black Body with Dark Chrome Surround.,769,7IE-01-OB-DC,2026-08-13T02:13:02.931800+00:00
5513-19,Warmup PLC,Warmup 7IE WiFi Thermostat. Bright Porcelain Body with Light Chrome Surround.,769,7IE-01-BP-LC,2026-08-13T02:13:02.931800+00:00
5513-20,Warmup PLC,Warmup 7IE WiFi Thermostat. Cloud White Body with Cloud White Surround.,769,7IE-01-CW-CW,2026-08-13T02:13:02.931800+00:00
5513-21,Warmup PLC,Warmup 7IE WiFi Thermostat. Bright Porcelain Body with Bright Porcelain Surround.,769,7IE-01-BP-BP,2026-08-13T02:13:02.931800+00:00
5513-22,Warmup PLC,Warmup 7IE WiFi Thermostat. Onyx Black Body with Onyx Black Surround.,769,7IE-01-OB-OB,2026-08-13T02:13:02.931800+00:00
5513-33,Warmup PLC,7IE,769,7IE-04-CW-LC,2026-08-13T02:13:02.931800+00:00
5513-34,Warmup PLC,7IE,769,7IE-04-OB-DC,2026-08-13T02:13:02.931800+00:00
5514-47873,Flipper,BUSY Bar,256,BB.1,2026-08-13T02:13:02.931800+00:00
5515-1,Deasino,DS-MT01,10,1000,2026-08-13T02:13:02.931800+00:00
5515-2,Deasino,Matter Accessory,10,0,2026-08-13T02:13:02.931800+00:00
5515-106,Deasino,DM01,10,1000,2026-08-13T02:13:02.931800+00:00
5515-112,Deasino,FM01,10,1000,2026-08-13T02:13:02.931800+00:00
5515-113,Deasino,FM02,10,1000,2026-08-13T02:13:02.931800+00:00
5515-123,Deasino,Matter Accessory,10,1000,2026-08-13T02:13:02.931800+00:00
5515-142,Deasino,T2,10,100,2026-08-13T02:13:02.931800+00:00
5515-145,Deasino,T5,10,100,2026-08-13T02:13:02.931800+00:00
5515-148,Deasino,L5,10,100,2026-08-13T02:13:02.931800+00:00
5515-179,Deasino,D5PRO,10,1000,2026-08-13T02:13:02.931800+00:00
5516-57345,ZFL SMART,ZFL SMART STRIP DRIVER,269,ZFL SMART STRIP DRIVER,2026-08-13T02:13:02.931800+00:00
5518-17,A solution,LumiBetter,268,MTN-Matter-S03A,2026-08-13T02:13:02.931800+00:00
5518-18,A solution,LumiBetter,268,MTN-Matter-S01A,2026-08-13T02:13:02.931800+00:00
5518-19,A solution,LumiBetter,268,MTN-Matter-S02A,2026-08-13T02:13:02.931800+00:00
5518-20,A solution,LumiBetter,268,MTN-Matter-P01A,2026-08-13T02:13:02.931800+00:00
5518-21,A solution,LumiBetter,268,MTN-Matter-CV200/400,2026-08-13T02:13:02.931800+00:00
5519-4097,Bold Smart Lock,Bold Elite,10,1,2026-08-13T02:13:02.931800+00:00
5520-40961,GL.iNet,LWR01,263,LWR01,2026-08-13T02:13:02.931800+00:00
5520-40962,GL.iNet,AIO Presence Sensor LWR02,263,LWR02,2026-08-13T02:13:02.931800+00:00
5521-12801,ZH Currtain,Window Cover Motor,514,ZHMATTERZME,2026-08-13T02:13:02.931800+00:00
5522-1,MEAN WELL,MEAN WELL LED Driver,257,XLC-MA,2026-08-13T02:13:02.931800+00:00
5525-17,Kotonic,40ERM,514,40ERM,2026-08-13T02:13:02.931800+00:00
5525-22,Kotonic,40QRM,514,40QRM,2026-08-13T02:13:02.931800+00:00
5525-36866,Kotonic,QM50-M Series,514,QM50-M Series,2026-08-13T02:13:02.931800+00:00
5526-1,Sensereo,MS1,118,1,2026-08-13T02:13:02.931800+00:00
5526-2,Sensereo,MSC-1,118,MSC-1,2026-08-13T02:13:02.931800+00:00
5529-32792,Guangdong Huarui Lock Industry,HR-M06,10,PCS,2026-08-13T02:13:02.931800+00:00
5530-4096,HAOJAI,HAOJAI Smart Switch,15,-,2026-08-13T02:13:02.931800+00:00
5530-4098,HAOJAI,Smart Switch,271,-,2026-08-13T02:13:02.931800+00:00
5530-4099,HAOJAI,Smart Switch,271,-,2026-08-13T02:13:02.931800+00:00
5530-4100,HAOJAI,Smart Switch,271,-,2026-08-13T02:13:02.931800+00:00
5530-4102,HAOJAI,Smart Switch,271,-,2026-08-13T02:13:02.931800+00:00
5530-4103,HAOJAI,Smart Switch,271,-,2026-08-13T02:13:02.931800+00:00
5530-4104,HAOJAI,Smart Switch,271,-,2026-08-13T02:13:02.931800+00:00
5530-4105,HAOJAI,Smart Switch,271,-,2026-08-13T02:13:02.931800+00:00
5530-4106,HAOJAI,Smart Button,15,-,2026-08-13T02:13:02.931800+00:00
5530-4107,HAOJAI,Smart Switch,271,-,2026-08-13T02:13:02.931800+00:00
5530-4108,HAOJAI,Smart Switch,271,-,2026-08-13T02:13:02.931800+00:00
5530-4109,HAOJAI,Smart Switch,271,-,2026-08-13T02:13:02.931800+00:00
5530-4110,HAOJAI,Smart Switch,271,-,2026-08-13T02:13:02.931800+00:00
5530-4111,HAOJAI,Smart Button,15,-,2026-08-13T02:13:02.931800+00:00
5530-4112,HAOJAI,Smart Switch,271,-,2026-08-13T02:13:02.931800+00:00
5530-4113,HAOJAI,Smart Switch,271,-,2026-08-13T02:13:02.931800+00:00
5530-4114,HAOJAI,Smart Switch,271,-,2026-08-13T02:13:02.931800+00:00
5530-4115,HAOJAI,Smart Switch,271,-,2026-08-13T02:13:02.931800+00:00
5530-4116,HAOJAI,Smart Button,15,-,2026-08-13T02:13:02.931800+00:00
5530-4117,HAOJAI,Smart Switch,271,-,2026-08-13T02:13:02.931800+00:00
5530-4118,HAOJAI,Smart Switch,271,-,2026-08-13T02:13:02.931800+00:00
5530-4119,HAOJAI,Smart Switch,271,-,2026-08-13T02:13:02.931800+00:00
5530-4120,HAOJAI,Smart Switch,271,-,2026-08-13T02:13:02.931800+00:00
5530-4121,HAOJAI,Smart Switch,271,-,2026-08-13T02:13:02.931800+00:00
5530-4122,HAOJAI,Smart Switch,271,-,2026-08-13T02:13:02.931800+00:00
5530-4123,HAOJAI,Smart Switch,271,-,2026-08-13T02:13:02.931800+00:00
5530-4124,HAOJAI,Smart Switch,271,-,2026-08-13T02:13:02.931800+00:00
5530-4125,HAOJAI,Smart Switch,271,-,2026-08-13T02:13:02.931800+00:00
5530-4126,HAOJAI,Smart Button,15,-,2026-08-13T02:13:02.931800+00:00
5530-4127,HAOJAI,Smart Switch,271,-,2026-08-13T02:13:02.931800+00:00
5530-4128,HAOJAI,Smart Switch,271,-,2026-08-13T02:13:02.931800+00:00
5530-4129,HAOJAI,Smart Switch,271,-,2026-08-13T02:13:02.931800+00:00
5530-4130,HAOJAI,Smart Switch,271,-,2026-08-13T02:13:02.931800+00:00
5530-4131,HAOJAI,Smart Switch,271,-,2026-08-13T02:13:02.931800+00:00
5530-4132,HAOJAI,Smart Switch,271,-,2026-08-13T02:13:02.931800+00:00
5530-4133,HAOJAI,Smart Switch,271,-,2026-08-13T02:13:02.931800+00:00
5530-4134,HAOJAI,Smart Switch,271,-,2026-08-13T02:13:02.931800+00:00
5530-4135,HAOJAI,Smart Button,15,-,2026-08-13T02:13:02.931800+00:00
5530-4136,HAOJAI,Smart Switch,271,-,2026-08-13T02:13:02.931800+00:00
5530-4137,HAOJAI,Smart Switch,271,-,2026-08-13T02:13:02.931800+00:00
5530-4138,HAOJAI,Smart Switch,271,-,2026-08-13T02:13:02.931800+00:00
5530-4139,HAOJAI,Smart Switch,271,-,2026-08-13T02:13:02.931800+00:00
5530-4140,HAOJAI,Smart Button,15,-,2026-08-13T02:13:02.931800+00:00
5530-4141,HAOJAI,Smart Switch,271,-,2026-08-13T02:13:02.931800+00:00
5530-4142,HAOJAI,Smart Switch,271,-,2026-08-13T02:13:02.931800+00:00
5530-4143,HAOJAI,Smart Switch,271,-,2026-08-13T02:13:02.931800+00:00
5530-4144,HAOJAI,Smart Switch,271,-,2026-08-13T02:13:02.931800+00:00
5530-4145,HAOJAI,Smart Button,15,-,2026-08-13T02:13:02.931800+00:00
5530-4146,HAOJAI,Smart Switch,271,-,2026-08-13T02:13:02.931800+00:00
5530-4147,HAOJAI,Smart Switch,271,-,2026-08-13T02:13:02.931800+00:00
5530-4148,HAOJAI,Smart Switch,271,-,2026-08-13T02:13:02.931800+00:00
5530-4149,HAOJAI,Smart Switch,271,-,2026-08-13T02:13:02.931800+00:00
5530-4150,HAOJAI,Smart Button,15,-,2026-08-13T02:13:02.931800+00:00
5530-4151,HAOJAI,Smart Switch,271,-,2026-08-13T02:13:02.931800+00:00
5530-4152,HAOJAI,Smart Switch,271,-,2026-08-13T02:13:02.931800+00:00
5530-4153,HAOJAI,Smart Switch,271,-,2026-08-13T02:13:02.931800+00:00
5530-4154,HAOJAI,Smart Switch,271,-,2026-08-13T02:13:02.931800+00:00
5530-4155,HAOJAI,Smart Button,15,-,2026-08-13T02:13:02.931800+00:00
5530-4156,HAOJAI,Smart Switch,271,-,2026-08-13T02:13:02.931800+00:00
5530-4157,HAOJAI,Smart Switch,271,-,2026-08-13T02:13:02.931800+00:00
5530-4158,HAOJAI,Smart Switch,271,-,2026-08-13T02:13:02.931800+00:00
5530-4159,HAOJAI,Smart Switch,271,-,2026-08-13T02:13:02.931800+00:00
5530-4160,HAOJAI,Smart Button,15,-,2026-08-13T02:13:02.931800+00:00
5530-4161,HAOJAI,Smart Switch,271,-,2026-08-13T02:13:02.931800+00:00
5530-4162,HAOJAI,Smart Switch,271,-,2026-08-13T02:13:02.931800+00:00
5530-4163,HAOJAI,Smart Switch,271,-,2026-08-13T02:13:02.931800+00:00
5530-4164,HAOJAI,Smart Switch,271,-,2026-08-13T02:13:02.931800+00:00
5530-4165,HAOJAI,Smart Button,15,-,2026-08-13T02:13:02.931800+00:00
5530-4166,HAOJAI,Smart Button,15,-,2026-08-13T02:13:02.931800+00:00
5530-4167,HAOJAI,Smart Button,15,-,2026-08-13T02:13:02.931800+00:00
5530-4168,HAOJAI,Smart Button,15,-,2026-08-13T02:13:02.931800+00:00
5530-4169,HAOJAI,Smart Button,15,-,2026-08-13T02:13:02.931800+00:00
5530-4170,HAOJAI,Smart Button,15,-,2026-08-13T02:13:02.931800+00:00
5530-4171,HAOJAI,Smart Button,15,-,2026-08-13T02:13:02.931800+00:00
5530-4172,HAOJAI,Smart Button,15,-,2026-08-13T02:13:02.931800+00:00
5530-4173,HAOJAI,Smart Button,15,-,2026-08-13T02:13:02.931800+00:00
5530-4174,HAOJAI,Smart Button,15,-,2026-08-13T02:13:02.931800+00:00
5530-4175,HAOJAI,Smart Button,15,-,2026-08-13T02:13:02.931800+00:00
5530-4176,HAOJAI,Smart Button,15,-,2026-08-13T02:13:02.931800+00:00
5530-4177,HAOJAI,Smart Sensor,263,-,2026-08-13T02:13:02.931800+00:00
5530-4178,HAOJAI,Smart Sensor,263,-,2026-08-13T02:13:02.931800+00:00
5530-4179,HAOJAI,Smart Outlet,266,-,2026-08-13T02:13:02.931800+00:00
5530-4180,HAOJAI,Smart Outlet,266,-,2026-08-13T02:13:02.931800+00:00
5530-4181,HAOJAI,Smart Outlet,266,-,2026-08-13T02:13:02.931800+00:00
5530-4182,HAOJAI,Smart Outlet,266,-,2026-08-13T02:13:02.931800+00:00
5530-4183,HAOJAI,Smart Outlet,266,-,2026-08-13T02:13:02.931800+00:00
5530-4184,HAOJAI,Smart Outlet,266,-,2026-08-13T02:13:02.931800+00:00
5530-4185,HAOJAI,Smart Outlet,266,-,2026-08-13T02:13:02.931800+00:00
5530-4186,HAOJAI,Smart Outlet,266,-,2026-08-13T02:13:02.931800+00:00
5530-4187,HAOJAI,Smart Plug,266,-,2026-08-13T02:13:02.931800+00:00
5530-4188,HAOJAI,Smart Plug,266,-,2026-08-13T02:13:02.931800+00:00
5530-4189,HAOJAI,Smart Plug,266,-,2026-08-13T02:13:02.931800+00:00
5530-4190,HAOJAI,Smart Plug,266,-,2026-08-13T02:13:02.931800+00:00
5530-4191,HAOJAI,Smart Plug,266,-,2026-08-13T02:13:02.931800+00:00
5530-4192,HAOJAI,Smart Plug,266,-,2026-08-13T02:13:02.931800+00:00
5530-4193,HAOJAI,Smart Plug,266,-,2026-08-13T02:13:02.931800+00:00
5530-4194,HAOJAI,Smart Plug,266,-,2026-08-13T02:13:02.931800+00:00
5530-4195,HAOJAI,Smart Power Strip,266,-,2026-08-13T02:13:02.931800+00:00
5530-4196,HAOJAI,Smart Power Strip,266,-,2026-08-13T02:13:02.931800+00:00
5530-4197,HAOJAI,Smart Power Strip,266,-,2026-08-13T02:13:02.931800+00:00
5530-4198,HAOJAI,Smart Power Strip,266,-,2026-08-13T02:13:02.931800+00:00
5530-4199,HAOJAI,Smart Power Strip,266,-,2026-08-13T02:13:02.931800+00:00
5530-4200,HAOJAI,Smart Power Strip,266,-,2026-08-13T02:13:02.931800+00:00
5530-4201,HAOJAI,Smart Power Strip,266,-,2026-08-13T02:13:02.931800+00:00
5530-4202,HAOJAI,Smart Power Strip,266,-,2026-08-13T02:13:02.931800+00:00
5530-4203,HAOJAI,Smart Relay Module,271,-,2026-08-13T02:13:02.931800+00:00
5530-4204,HAOJAI,Smart Relay Module,271,-,2026-08-13T02:13:02.931800+00:00
5530-4205,HAOJAI,Smart Relay Module,271,-,2026-08-13T02:13:02.931800+00:00
5530-4206,HAOJAI,Smart Relay Module,271,-,2026-08-13T02:13:02.931800+00:00
5530-4207,HAOJAI,Smart Relay Module,271,-,2026-08-13T02:13:02.931800+00:00
5530-4208,HAOJAI,Smart Relay Module,271,-,2026-08-13T02:13:02.931800+00:00
5530-4209,HAOJAI,Smart Relay Module,271,-,2026-08-13T02:13:02.931800+00:00
5530-4210,HAOJAI,Smart Relay Module,271,-,2026-08-13T02:13:02.931800+00:00
5533-266,DBT Digital Building Technology,wibutler pro (2. Gen.),14,AN01000,2026-08-13T02:13:02.931800+00:00
5534-1,UIOT,Matter Controller,14,YQ02-1-PA6,2026-08-13T02:13:02.931800+00:00
5534-2,UIOT,Super Intelligent Server,14,WF10-1-A11,2026-08-13T02:13:02.931800+00:00
5535-40961,Ltech,CG-KIT,14,-,2026-08-13T02:13:02.931800+00:00
5535-45057,Ltech,KMS,256,-,2026-08-13T02:13:02.931800+00:00
5535-45058,Ltech,KMS1,256,-,2026-08-13T02:13:02.931800+00:00
5535-45825,Ltech,MA-C1,257,-,2026-08-13T02:13:02.931800+00:00
5535-45826,Ltech,SE-12-100-500-W1MA,257,-,2026-08-13T02:13:02.931800+00:00
5535-45827,Ltech,SE-20-100-700-W1MA,257,-,2026-08-13T02:13:02.931800+00:00
5535-45828,Ltech,SE-30-200-800-W1MA,257,-,2026-08-13T02:13:02.931800+00:00
5535-45829,Ltech,SE-40-300-1050-W1MA,257,-,2026-08-13T02:13:02.931800+00:00
5535-45830,Ltech,LM-75-24-G1MA,257,-,2026-08-13T02:13:02.931800+00:00
5535-45831,Ltech,LM-150-24-G1MA,257,-,2026-08-13T02:13:02.931800+00:00
5535-45832,Ltech,LM-240-24-G1MA,257,-,2026-08-13T02:13:02.931800+00:00
5535-45833,Ltech,LA-60-24-U1MA,257,-,2026-08-13T02:13:02.931800+00:00
5535-45834,Ltech,LA-96-24-U1MA,257,-,2026-08-13T02:13:02.931800+00:00
5535-45835,Ltech,LA-10-100-450-U1MA,257,-,2026-08-13T02:13:02.931800+00:00
5535-45836,Ltech,LA-20-100-700-U1MA,257,-,2026-08-13T02:13:02.931800+00:00
5535-45837,Ltech,LA-30-200-1050-U1MA,257,-,2026-08-13T02:13:02.931800+00:00
5535-45838,Ltech,LA-40-300-1200-U1MA,257,-,2026-08-13T02:13:02.931800+00:00
5535-45840,Ltech,E6M-MA1,257,-,2026-08-13T02:13:02.931800+00:00
5535-45841,Ltech,E6A-MA1,257,-,2026-08-13T02:13:02.931800+00:00
5535-45843,Ltech,E6T-MA1,257,-,2026-08-13T02:13:02.931800+00:00
5535-46593,Ltech,MA-C2,268,-,2026-08-13T02:13:02.931800+00:00
5535-46594,Ltech,SE-12-100-500-W2MA,268,-,2026-08-13T02:13:02.931800+00:00
5535-46595,Ltech,SE-20-100-700-W2MA,268,-,2026-08-13T02:13:02.931800+00:00
5535-46596,Ltech,SE-30-200-800-W2MA,268,-,2026-08-13T02:13:02.931800+00:00
5535-46597,Ltech,SE-40-300-1050-W2MA,268,-,2026-08-13T02:13:02.931800+00:00
5535-46598,Ltech,LM-75-24-G2MA,268,-,2026-08-13T02:13:02.931800+00:00
5535-46599,Ltech,LM-150-24-G2MA,268,-,2026-08-13T02:13:02.931800+00:00
5535-46600,Ltech,LM-240-24-G2MA,268,-,2026-08-13T02:13:02.931800+00:00
5535-46601,Ltech,E6M-MA2,268,-,2026-08-13T02:13:02.931800+00:00
5535-46602,Ltech,E6A-MA2,268,-,2026-08-13T02:13:02.931800+00:00
5535-47363,Ltech,MA-C5,269,-,2026-08-13T02:13:02.931800+00:00
5535-47369,Ltech,E6M-MA5,269,-,2026-08-13T02:13:02.931800+00:00
5535-47381,Ltech,MA-C5R,269,-,2026-08-13T02:13:02.931800+00:00
5537-256,Delta Dore Rademacher,Delta Dore Rademacher Bridge,14,0100,2026-08-13T02:13:02.931800+00:00
5537-514,Delta Dore Rademacher,smart roller blind,514,0,2026-08-13T02:13:02.931800+00:00
5539-2239,Intermatic,ABRA In-Wall Smart Switch,256,SH-ABIWS1-WH,2026-08-13T02:13:02.931800+00:00
5540-1,Mikrotik,IAQM-THC2PV-W,44,IAQM-THC2PV-W,2026-08-13T02:13:02.931800+00:00
5540-2,Mikrotik,IAQM-THC2PV-G,44,IAQM-THC2PV-G,2026-08-13T02:13:02.931800+00:00
5540-3,Mikrotik,IAQM-THC2P-W,44,IAQM-THC2P-W,2026-08-13T02:13:02.931800+00:00
5540-4,Mikrotik,IAQM-THC2P-G,44,IAQM-THC2P-G,2026-08-13T02:13:02.931800+00:00
5540-5,Mikrotik,IAQM-THC2V-W,44,IAQM-THC2V-W,2026-08-13T02:13:02.931800+00:00
5540-6,Mikrotik,IAQM-THC2V-G,44,IAQM-THC2V-G,2026-08-13T02:13:02.931800+00:00
5541-4097,Laticrete International,0804-0404,769,0804-0404-TW,2026-08-13T02:13:02.931800+00:00
5543-267,Hunter Fan Co,HunterSMART Dimmer,267,99984,2026-08-13T02:13:02.931800+00:00
5543-3667,Hunter Fan Co,HunterSMART Wall Panel,14,99982,2026-08-13T02:13:02.931800+00:00
5543-5543,Hunter Fan Co,HunterSMART Wall Plug,266,99983,2026-08-13T02:13:02.931800+00:00
5543-32902,Hunter Fan Co,HunterSMART Ceiling Fan and Light,43,K5500-03,2026-08-13T02:13:02.931800+00:00
5543-37232,Hunter Fan Co,HunterSMART Ceiling Fan and Light,43,KM422,2026-08-13T02:13:02.931800+00:00
5544-263,LOCKIN (U.S.) INC.,Lockin Smart Lock,10,LKMSD411,2026-08-13T02:13:02.931800+00:00
5544-264,LOCKIN (U.S.) INC.,Lockin Smart Lock,10,LKMSD551,2026-08-13T02:13:02.931800+00:00
5544-265,LOCKIN (U.S.) INC.,Lockin Smart Lock,10,LKMSD411A,2026-08-13T02:13:02.931800+00:00
5544-269,LOCKIN (U.S.) INC.,Lockin Smart Lock,10,LKMSD551A,2026-08-13T02:13:02.931800+00:00
5544-559,LOCKIN (U.S.) INC.,Lockin Smart Lock,10,XFCL521,2026-08-13T02:13:02.931800+00:00
5544-560,LOCKIN (U.S.) INC.,Lockin Smart Lock,10,XFCL522,2026-08-13T02:13:02.931800+00:00
5544-563,LOCKIN (U.S.) INC.,Lockin Smart Lock,10,LKMSD650,2026-08-13T02:13:02.931800+00:00
5544-564,LOCKIN (U.S.) INC.,Lockin Smart Lock,10,LKMSD650A,2026-08-13T02:13:02.931800+00:00
5544-570,LOCKIN (U.S.) INC.,Lockin Smart Lock,10,LKMSD651,2026-08-13T02:13:02.931800+00:00
5544-572,LOCKIN (U.S.) INC.,Lockin Smart Lock,10,LKMSD650B,2026-08-13T02:13:02.931800+00:00
5546-6165,GLEDOPTO,Smart LED Controller,269,GL-C-208M,2026-08-13T02:13:02.931800+00:00
5547-1,Accurate Lock & Hardware,SmartEntry with Matter,10,SM9159E-Matter,2026-08-13T02:13:02.931800+00:00
5548-2650,SWAN Lite,LED Fan Ceiling Light,268,FCE-570,2026-08-13T02:13:02.931800+00:00
5549-1,AnablepSecurity,AnablepSecurity 5 in 1 Presence Sensor,263,PSEN-2025,2026-08-13T02:13:02.931800+00:00
5551-259,Corston Architectural Detail,Smart In-Line Dimmer module,257,59183,2026-08-13T02:13:02.931800+00:00
5552-8192,JustPlus,JustPlus Universal Control,14,JP-GW-01,2026-08-13T02:13:02.931800+00:00
5553-321,"GuangZhou INSIIDA ELECTRICAL TECHNOLOGY CO.,LTD",SD Switch Module	,266,SD1001-1,2026-08-13T02:13:02.931800+00:00
5555-2427,MiBoxer,LED Controller,269,ML5,2026-08-13T02:13:02.931800+00:00
5555-3331,MiBoxer,Smart Lighting,269,Mthread,2026-08-13T02:13:02.931800+00:00
5557-1,Brighter Lighting,Brighter Lamp,268,1,2026-08-13T02:13:02.931800+00:00
5559-529,EPSON,EPSON Projector EF-300 ,40,-,2026-08-13T02:13:02.931800+00:00
5559-530,EPSON,EPSON Projector EF-200 ,40,-,2026-08-13T02:13:02.931800+00:00
5559-545,EPSON,EPSON Projector EH-LS7000,40,-,2026-08-13T02:13:02.931800+00:00
5559-546,EPSON,EPSON Projector EH-LS7500,40,-,2026-08-13T02:13:02.931800+00:00
5559-547,EPSON,EPSON Projector EH-LS6000,40,-,2026-08-13T02:13:02.931800+00:00
5559-548,EPSON,EPSON Projector EH-LS5000 ,40,-,2026-08-13T02:13:02.931800+00:00
5564-2,Lysome,Matter Smart Switch,256,MS30/MS10,2026-08-13T02:13:02.931800+00:00
5565-8193,TBS,H0-TBS25LEU/S,514,H0-TBS25LEU/S,2026-08-13T02:13:02.931800+00:00
5565-8199,TBS,H0-TBS28LEQ/S,514,H0-TBS28LEQ/S,2026-08-13T02:13:02.931800+00:00
5565-8202,TBS,H0-TBS35LEU/S,514,H0-TBS35LEU/S,2026-08-13T02:13:02.931800+00:00
5566-59905,Easfina,Light Soy Flex,269,SOY-U,2026-08-13T02:13:02.931800+00:00
5567-1,Korrus Inc,OIO-A19,268,KO-A19-09-OMNI-DC1-01,2026-08-13T02:13:02.931800+00:00
5567-2,Korrus Inc,OIO-BR30,268,KO-B30-09-120D-DC1-01,2026-08-13T02:13:02.931800+00:00
5568-2914,DIANXIAOKU,Smart Plug,266,Smart Plug,2026-08-13T02:13:02.931800+00:00
5569-20,Nobily,FM4,514,FM4,2026-08-13T02:13:02.931800+00:00
5569-27,Nobily,FM5,514,FM5,2026-08-13T02:13:02.931800+00:00
5570-1,Kaadas,Philips Smart Lock DDL240X-1HBM,10,0001,2026-08-13T02:13:02.931800+00:00
5572-2932,FASTCR,Smart gateway,14,RSH 402,2026-08-13T02:13:02.931800+00:00
5572-3931,FASTCR,Smart bulb,269,RSH 102,2026-08-13T02:13:02.931800+00:00
5572-4872,FASTCR,Smart bulb,269,RSH 102,2026-08-13T02:13:02.931800+00:00
5572-5053,FASTCR,Smart socket,266,RSH 201,2026-08-13T02:13:02.931800+00:00
5574-1000,Wozart,Wozart Switch Controller Mini,266,WSCM,2026-08-13T02:13:02.931800+00:00
5575-2712,"Homewell Technology Co., Ltd. ",W4YCR-2300,266,W4YCR-2300,2026-08-13T02:13:02.931800+00:00
5575-2713,"Homewell Technology Co., Ltd. ",W4CMR-1800,266,W4CMR-1800,2026-08-13T02:13:02.931800+00:00
5575-2714,"Homewell Technology Co., Ltd. ",W4GDR-2300,266,W4GDR-2300,2026-08-13T02:13:02.931800+00:00
5575-2715,"Homewell Technology Co., Ltd. ",W4FYCR-2300,266,W4FYCR-2300,2026-08-13T02:13:02.931800+00:00
5575-2716,"Homewell Technology Co., Ltd. ",W4WSR-3500,266,W4WSR-3500,2026-08-13T02:13:02.931800+00:00
5575-2717,"Homewell Technology Co., Ltd. ",W4WBR-250,266,W4WBR-250,2026-08-13T02:13:02.931800+00:00
5575-2718,"Homewell Technology Co., Ltd. ",W4WBR-200,266,W4WBR-200,2026-08-13T02:13:02.931800+00:00
5575-6808,"Homewell Technology Co., Ltd. ",W4YCR-200,267,W4YCR-200,2026-08-13T02:13:02.931800+00:00
5575-6809,"Homewell Technology Co., Ltd. ",W4CMR-250,267,W4CMR-250,2026-08-13T02:13:02.931800+00:00
5575-6810,"Homewell Technology Co., Ltd. ",W4WSR-250,257,W4WSR-250,2026-08-13T02:13:02.931800+00:00
5575-10904,"Homewell Technology Co., Ltd. ",W4JLR-2000,515,W4JLR-2000,2026-08-13T02:13:02.931800+00:00
5576-39841,Maktar Inc.,Qubii Air,14,-,2026-08-13T02:13:02.931800+00:00
5580-1,Schüco,Schüco Funksensor,21,203919,2026-08-13T02:13:02.931800+00:00
5582-2753,MAKEGOOD,Smart Light Switch,256,MG-AU06WLP-XX,2026-08-13T02:13:02.931800+00:00
5583-3530,Globe,Globe RGBCW Ceiling Fan,269,Wi-Fi Ceiling Fan RGBCW,2026-08-13T02:13:02.931800+00:00
5583-3828,Globe,Globe RGBCCT Light,269,Wi-Fi Light RGBCW,2026-08-13T02:13:02.931800+00:00
5583-4519,Globe,Globe CCT Ceiling Fan,268,Wi-Fi Ceiling Fan CW,2026-08-13T02:13:02.931800+00:00
5586-54990,PISCINES DESJOYAUX,JD POOL LED CONNECT,269,27492,2026-08-13T02:13:02.931800+00:00
5588-4660,JSW,SecureMator Hub,14,GW-M1,2026-08-13T02:13:02.931800+00:00
5591-1,Boldr,Boldr Thermostat,769,BOLDR-THERMOSTAT,2026-08-13T02:13:02.931800+00:00
5594-3941,JEM,Smart Light,269,Smart Light,2026-08-13T02:13:02.931800+00:00
5596-36421,ABUS,ABUS PREFIRA SMART (SX3050M),118,10036421-01,2026-08-13T02:13:02.931800+00:00
5597-2082,SG Armaturen AS,SMART GATEWAY 3.0 WALL WHITE,14,820823,2026-08-13T02:13:02.931800+00:00
5597-2083,SG Armaturen AS,SMART GATEWAY,14,820822,2026-08-13T02:13:02.931800+00:00
5597-2084,SG Armaturen AS,SMART GATEWAY 3.0 WALL BLACK,14,820831,2026-08-13T02:13:02.931800+00:00
5598-2886,VoxAura,MW light,268,MW light,2026-08-13T02:13:02.931800+00:00
5598-2888,VoxAura,Mw Control Unit,268,Mw Control Unit,2026-08-13T02:13:02.931800+00:00
5598-2891,VoxAura,RGBMW Control unit,269,RGBMW Control unit,2026-08-13T02:13:02.931800+00:00
5599-2,Vitrumshade LLC,Smart internal blinds,514,vsm0005,2026-08-13T02:13:02.931800+00:00
5600-32768,Leaguer MicroElectronics,PLC Bridge,14,LT015B-BRG100,2026-08-13T02:13:02.931800+00:00
5601-3069,NOVO,Lithium Battery Tubular Motor,514,K25,2026-08-13T02:13:02.931800+00:00
5603-1,YCZNWL,YCZNWL Pro KNX Gateway,14,K1,2026-08-13T02:13:02.931800+00:00
5605-1,Verizon,Verizon Home Internet,14,CHR30A,2026-08-13T02:13:02.931800+00:00
5606-1,Mysa,Mysa Smart Thermostat for Central HVAC,769,ST.1.0.01.NA,2026-08-13T02:13:02.931800+00:00
5606-2,Mysa,MYSA BB V3-0,769,BB.3.0.01.TB,2026-08-13T02:13:02.931800+00:00
5606-3,Mysa,MYSA CS V1-0,770,CS.1.0.01.TB,2026-08-13T02:13:02.931800+00:00
5608-1,Doorma,DM2025Li thread Motor,514,DM2025Li thread Motor,2026-08-13T02:13:02.931800+00:00
5609-28673,Sukces,YOODA Smart Matter,14,YOODA Smart Matter,2026-08-13T02:13:02.931800+00:00
5614-256,moorgen,Crystal Series Rechargeable Lamp,257,Crystal Series Rechargeable Lamp,2026-08-13T02:13:02.931800+00:00
5615-4112,KASTA,Dimmer,257,KMDIM400,2026-08-13T02:13:02.931800+00:00
5615-4128,KASTA,Relay,256,KMREL400,2026-08-13T02:13:02.931800+00:00
5615-4144,KASTA,Scene Switch,15,KMREM,2026-08-13T02:13:02.931800+00:00
5617-4096,Burg Wachter,ENTRY 7670 Matter Bridge,19,7670,2026-08-13T02:13:02.931800+00:00
5618-1,"Foshan Viomi Electrical Technology Co., Ltd.",AiSafety Smart Lock E100,10,131734,2026-08-13T02:13:02.931800+00:00
5620-1,Tedee,Tedee GO2,10,TLV2.0,2026-08-13T02:13:02.931800+00:00
5620-2,Tedee,Tedee GO,10,TLV2.0,2026-08-13T02:13:02.931800+00:00
5621-8784,Bouygues Telecom,BboxTV4A,40,A,2026-08-13T02:13:02.931800+00:00
5623-5905,AC Infinity ,Smart Register Booster Fan,43,-,2026-08-13T02:13:02.931800+00:00
5623-5906,AC Infinity ,Smart Register Booster Fan,43,-,2026-08-13T02:13:02.931800+00:00
5623-5907,AC Infinity ,Smart Register Booster Fan,43,-,2026-08-13T02:13:02.931800+00:00
5623-5908,AC Infinity ,Smart Register Booster Fan,43,-,2026-08-13T02:13:02.931800+00:00
5623-5909,AC Infinity ,Smart Register Booster Fan,43,-,2026-08-13T02:13:02.931800+00:00
5623-5910,AC Infinity ,Smart Register Booster Fan,43,-,2026-08-13T02:13:02.931800+00:00
5623-5911,AC Infinity ,Smart Register Booster Fan,43,-,2026-08-13T02:13:02.931800+00:00
5623-5912,AC Infinity ,Smart Register Booster Fan,43,-,2026-08-13T02:13:02.931800+00:00
5623-5921,AC Infinity ,Smart Air Circulation Fan,43,-,2026-08-13T02:13:02.931800+00:00
5623-7173,AC Infinity ,Smart Air Conditioner,114,-,2026-08-13T02:13:02.931800+00:00
5623-7174,AC Infinity ,Smart Air Conditioner,114,-,2026-08-13T02:13:02.931800+00:00
5625-34685,Narwal,Narwal AX11,1,10,2026-08-13T02:13:02.931800+00:00
5627-1,nomos system AG,nomos system Controller,14,NOMOS1,2026-08-13T02:13:02.931800+00:00
5630-3,Senscomm,Wall Lamp,269,WL-1000,2026-08-13T02:13:02.931800+00:00
5630-4,Senscomm,Floor Lamp,269,FL-1000,2026-08-13T02:13:02.931800+00:00
5630-5650,Senscomm,SCM1612-EVB,269,SCM1612A-H4H,2026-08-13T02:13:02.931800+00:00
5633-16,Owl Home Inc.,Owl Wired,118,M010L09,2026-08-13T02:13:02.931800+00:00
5634-1,Levven Electronics,Levven Q Gateway,14,LCQ2M,2026-08-13T02:13:02.931800+00:00
5637-1,REZEFLOW,The Seamless Smart Shades P7,514,7QBCPL-XGLLL-B,2026-08-13T02:13:02.931800+00:00
5637-3,REZEFLOW,The Seamless Smart Shades P7,514,7QBCPL-JL,2026-08-13T02:13:02.931800+00:00
5637-2086,REZEFLOW,Smart Curtain Motor,514,5HWMNSSDJWF,2026-08-13T02:13:02.931800+00:00
5641-1,TETNET,Tarken WM,514,-,2026-08-13T02:13:02.931800+00:00
5643-4933,PTXZN,PTX Smart Bridge,14,PTX Smart Bridge,2026-08-13T02:13:02.931800+00:00
5645-21,SUFN,SUFN M-Bridge,14,WG-MT01,2026-08-13T02:13:02.931800+00:00
5646-3621,LLW,Smart Gateway,14,SM-VAC-GTW-PBK,2026-08-13T02:13:02.931800+00:00
5647-1,POYAL,Low-power roller shutter,514,Low-power roller shutter,2026-08-13T02:13:02.931800+00:00
5648-3371,Zhuhai Shengchang,Smart Dimmable Driver,268,SDx/SDD/SDE/KVT Series,2026-08-13T02:13:02.931800+00:00
5648-3584,Zhuhai Shengchang,Smart Dimmable Driver,268,SDx/SDD/SDE/KVT Series,2026-08-13T02:13:02.931800+00:00
5648-3740,Zhuhai Shengchang,Smart Dimmable Driver,269,SDx/SDD/SDE/KVT Series,2026-08-13T02:13:02.931800+00:00
5648-3744,Zhuhai Shengchang,Smart Dimmable Driver,269,SDx/SDD/SDE/KVT Series,2026-08-13T02:13:02.931800+00:00
5651-3283,Calex,Calex Smart Light Bulb,269,Calex Light,2026-08-13T02:13:02.931800+00:00
5651-3291,Calex,Calex Smart Power Plug,266,Calex Power Plug,2026-08-13T02:13:02.931800+00:00
5651-4975,Calex,Calex Smart Light Bulb CCT,268,Calex Smart Light Bulb CCT,2026-08-13T02:13:02.931800+00:00
5651-5035,Calex,LSC Smart Light Bulb CCT,268,5126000602,2026-08-13T02:13:02.931800+00:00
5652-24578,(unknown vendor 5652),KEEY Matter bridge	,14,1	,2026-08-13T02:13:02.931800+00:00
5653-32769,Rayrun,Bridge with Matter,14,MTB10,2026-08-13T02:13:02.931800+00:00
5654-28675,(unknown vendor 5654),Smart-Matter-Box,14,Smart-Matter-Box,2026-08-13T02:13:02.931800+00:00
5655-3779,Jianbian,Jianbian table lamp,269,Jianbian table lamp,2026-08-13T02:13:02.931800+00:00
5661-3834,ACME,ACME Gateway,14,THP23-ZB-X,2026-08-13T02:13:02.931800+00:00
5662-8449,erfal,EAM25 - Matter,514,EAM25 - Matter,2026-08-13T02:13:02.931800+00:00
5662-8458,erfal,EAM35 - Matter,514,EAM35 - Matter,2026-08-13T02:13:02.931800+00:00
5662-8465,erfal,EAM24 - Matter ,514,EAM24 - Matter ,2026-08-13T02:13:02.931800+00:00
5663-30071,Fatboy the original,Edison the Giant smart,268,"107570,107571,107572",2026-08-13T02:13:02.931800+00:00
5663-30080,Fatboy the original,Edison the Grand smart,268,107580,2026-08-13T02:13:02.931800+00:00
5663-30083,Fatboy the original,Edison the Medium smart,268,107583,2026-08-13T02:13:02.931800+00:00
5668-220,ZH,Smart Switch,266,ZH-803,2026-08-13T02:13:02.931800+00:00
5669-3670,UNITED ELECTRIC,Ceiling Fan,268,Solaris 25412/25402,2026-08-13T02:13:02.931800+00:00
5672-4096,DREO,Air Poly Fan,43,-,2026-08-13T02:13:02.931800+00:00
5675-4162,Hombli,Hombli Smart Power Strip,266,Hombli Smart Power Strip,2026-08-13T02:13:02.931800+00:00
5675-4181,Hombli,Hombli Smart Socket,266,Hombli Smart Socket,2026-08-13T02:13:02.931800+00:00
5679-116,DJI,Robotic Vacuum Cleaner,116,CR8E,2026-08-13T02:13:02.931800+00:00
5679-117,DJI,Robotic Vacuum Cleaner,116,CR8F,2026-08-13T02:13:02.931800+00:00
5679-118,DJI,Robotic Vacuum Cleaner,116,CRR2P,2026-08-13T02:13:02.931800+00:00
5679-119,DJI,Robotic Vacuum Cleaner,116,CRR2S,2026-08-13T02:13:02.931800+00:00
5679-120,DJI,Robotic Vacuum Cleaner,116,CRR3P,2026-08-13T02:13:02.931800+00:00
5679-121,DJI,Robotic Vacuum Cleaner,116,CRR3S,2026-08-13T02:13:02.931800+00:00
5684-1,LIVOLO,LIVOLO GATEWAY,14,VL-XG006,2026-08-13T02:13:02.931800+00:00
5688-4089,KGP,M-WIFI-1X,268,CC-MATTER WIFI-X,2026-08-13T02:13:02.931800+00:00
5688-4092,KGP,M-Thread-1X,268,CC-Matter Thread-X,2026-08-13T02:13:02.931800+00:00
5688-4093,KGP,M-Thread-2X,268,CC-Matter Thread-2X,2026-08-13T02:13:02.931800+00:00
5689-4307,Ferguson,Nillson Ceiling Fan,268,F856L,2026-08-13T02:13:02.931800+00:00
5689-4308,Ferguson,Sandfell Ceiling Fan,268,F841L,2026-08-13T02:13:02.931800+00:00
5689-4309,Ferguson,Bistleton Ceiling Fan,268,F851L,2026-08-13T02:13:02.931800+00:00
5690-4365,FAMMIX,FAMMIX Connect Hub,14,FM-GW02,2026-08-13T02:13:02.931800+00:00
5692-1702,7Z,Smart  Dimmer Switch,269,Z3,2026-08-13T02:13:02.931800+00:00
5692-1718,7Z,Smart  CCT LCP,269,F3,2026-08-13T02:13:02.931800+00:00
5693-4100,JISIM,Tunable White Light,268,Tunable White Light,2026-08-13T02:13:02.931800+00:00
5695-101,ADT,Indoor Camera,14,101,2026-08-13T02:13:02.931800+00:00
5695-102,ADT,Outdoor Camera,14,102,2026-08-13T02:13:02.931800+00:00
5695-103,ADT,Doorbell,14,103,2026-08-13T02:13:02.931800+00:00
5696-4472,Dianling,WiFi Smart Switch,256,DS-Series,2026-08-13T02:13:02.931800+00:00
5696-4516,Dianling,WiFi Smart Socket,266,DS-Series,2026-08-13T02:13:02.931800+00:00
5698-8449,TWOPAGES,TWOPAGES,514,TWOPAGES,2026-08-13T02:13:02.931800+00:00
5699-2,KINGFISHER,LED G95 E27 1521LM MYKO RGBW,269,-,2026-08-13T02:13:02.931800+00:00
5699-3,KINGFISHER,LED GU10 350LM MYKO RGBW,269,-,2026-08-13T02:13:02.931800+00:00
5699-4,KINGFISHER,LED P45 E14 470LM MYKO RGBW,269,-,2026-08-13T02:13:02.931800+00:00
5699-5,KINGFISHER,LED FLM CL A60 E27 806LM MYKO Whites,268,-,2026-08-13T02:13:02.931800+00:00
5699-6,KINGFISHER,LED FLM AM A60 E27 806LM MYKO Whites,268,-,2026-08-13T02:13:02.931800+00:00
5699-7,KINGFISHER,LED FLM CL ST64 E27 806LM MYKO Whites,268,-,2026-08-13T02:13:02.931800+00:00
5699-8,KINGFISHER,LED FLM AM ST64 E27 806LM MYKO Whites,268,-,2026-08-13T02:13:02.931800+00:00
5699-9,KINGFISHER,LED FLM CL G95 E27 1055LM MYKO Whites,268,-,2026-08-13T02:13:02.931800+00:00
5699-16,KINGFISHER,LED FLM AM G95 E27 1055LM MYKO WHITES,268,-,2026-08-13T02:13:02.931800+00:00
5699-5120,KINGFISHER,LED A60 E27 806LM MYKO RGBW,269,-,2026-08-13T02:13:02.931800+00:00
5702-4867,Seasonal Specialties,String Light,269,667296; 667297; 667298; 667299,2026-08-13T02:13:02.931800+00:00
5702-5632,Seasonal Specialties,Curtain Light,269,667301-101,2026-08-13T02:13:02.931800+00:00
5705-5001,MANHOT,Smart Curtain Motor,514,MH82-MTT1,2026-08-13T02:13:02.931800+00:00
5707-1,Giant Lighting Technology ,Floor Lamp,269,-,2026-08-13T02:13:02.931800+00:00
5708-1,Sleekpoint,Smart Lock,10,1,2026-08-13T02:13:02.931800+00:00
5711-18227,Qingping,Qingping Temp & RH Monitor T,770,1,2026-08-13T02:13:02.931800+00:00
5715-318,murora,C200H168,14,C200H168,2026-08-13T02:13:02.931800+00:00
5716-1,GREENBANK,GSwitch M1,259,GSM1-120-001,2026-08-13T02:13:02.931800+00:00
5718-1,IFLYTEK,Nova Desk Lamp Pro,269,Nova Desk Lamp Pro 9080,2026-08-13T02:13:02.931800+00:00
5718-2,IFLYTEK,Nova Floor Lamp Pro,269,Nova Floor Lamp Pro 9180,2026-08-13T02:13:02.931800+00:00
5720-4097,Wing Tech,Wing Plug with Matter,266,WingPlug001,2026-08-13T02:13:02.931800+00:00
5721-4398,Airam,Smart RGBCW Lighting,269,Smart RGBCW Lighting,2026-08-13T02:13:02.931800+00:00
5721-4399,Airam,Smart CCT Lighting,268,Smart CCT Lighting,2026-08-13T02:13:02.931800+00:00
5721-4495,Airam,Smart Plug,266,Smart Plug,2026-08-13T02:13:02.931800+00:00
5722-1,Sense Say Technology,Matter WiFi Smart Thermostat,769,	SS-T1-M-MB-I1E1L3,2026-08-13T02:13:02.931800+00:00
5726-769,Mobile Labs,WiFi Window Covering,514,,2026-08-13T02:13:02.931800+00:00
5728-4390,NuWatt,Smart Recessed Light,269,Smart Recessed Light,2026-08-13T02:13:02.931800+00:00
5729-1,ARTCILUX,Dimming and Color Tuning Controller,269,-,2026-08-13T02:13:02.931800+00:00
5731-22552,Aroha,Aroha Home smoke detector,118,SM1M,2026-08-13T02:13:02.931800+00:00
5732-1,Lowe's,BR30 Bulb- Full color,269,Ox16640x0001,2026-08-13T02:13:02.931800+00:00
5732-2,Lowe's,A19 Bulb - Full color,269,Ox16640x0002,2026-08-13T02:13:02.931800+00:00
5732-768,Lowe's, 1’x4’ Smart Panel- Full color,269,Ox16640x0300,2026-08-13T02:13:02.931800+00:00
5732-1536,Lowe's,17’’ Smart Flush Mount - Full Color,269,Ox16640x0600,2026-08-13T02:13:02.931800+00:00
5733-4097,"DongGuan SAMPO Electronics Co., Ltd.",Air Conditioner,114,WT-AIRCON,2026-08-13T02:13:02.931800+00:00
5733-4098,"DongGuan SAMPO Electronics Co., Ltd.",Color Light,269,WT-ColorL0001,2026-08-13T02:13:02.931800+00:00
5733-4099,"DongGuan SAMPO Electronics Co., Ltd.",Dimmable Light,257,WT-DIML0001,2026-08-13T02:13:02.931800+00:00
5733-4100,"DongGuan SAMPO Electronics Co., Ltd.",Fan Light,43,WT-FANLIGHT,2026-08-13T02:13:02.931800+00:00
5733-4101,"DongGuan SAMPO Electronics Co., Ltd.",outlet,266,WT-OUTLET,2026-08-13T02:13:02.931800+00:00
5733-4102,"DongGuan SAMPO Electronics Co., Ltd.",Tunable Light,268,WT-TUNABLEL0001,2026-08-13T02:13:02.931800+00:00
5733-4130,"DongGuan SAMPO Electronics Co., Ltd.",Color Light,269,WT-ColorL0002,2026-08-13T02:13:02.931800+00:00
5733-4131,"DongGuan SAMPO Electronics Co., Ltd.",Dimmable Light,257,WT-DIML0002,2026-08-13T02:13:02.931800+00:00
5733-4134,"DongGuan SAMPO Electronics Co., Ltd.",Tunable Light,268,WT-TUNABLEL0002,2026-08-13T02:13:02.931800+00:00
5733-4146,"DongGuan SAMPO Electronics Co., Ltd.",Color Light,269,WT-ColorL0003,2026-08-13T02:13:02.931800+00:00
5733-4147,"DongGuan SAMPO Electronics Co., Ltd.",Dimmable Light,257,WT-DIML0003,2026-08-13T02:13:02.931800+00:00
5733-4150,"DongGuan SAMPO Electronics Co., Ltd.",Tunable Light,268,WT-TUNABLEL0003,2026-08-13T02:13:02.931800+00:00
5733-4166,"DongGuan SAMPO Electronics Co., Ltd.",Tunable Light,268,WT-TUNABLEL0004,2026-08-13T02:13:02.931800+00:00
5736-24578,(unknown vendor 5736),IDEE SOME Multifunction Gateway,14,MultiFn-Gateway,2026-08-13T02:13:02.931800+00:00
5737-4183,Fanimation,Smart Ceiling Fan,268,Smart Ceiling Fan,2026-08-13T02:13:02.931800+00:00
5737-4807,Fanimation,Smart Ceiling Fan,268,Smart Ceiling Fan,2026-08-13T02:13:02.931800+00:00
5741-4204,Anchen,MIDGARD LICHT,268,MIDGARD LICHT,2026-08-13T02:13:02.931800+00:00
5745-28675,3T-Components, 3T-MOTORS Matter Bridge,14, 3T-MOTORS Matter Bridge,2026-08-13T02:13:02.931800+00:00
5746-4097,Gmerit,NESSA CONNECT - BESTHERM,769,-,2026-08-13T02:13:02.931800+00:00
5748-4844,wukong,Smart Fan Light,268,WK0008,2026-08-13T02:13:02.931800+00:00
5749-4871,Veto,VETO Smart Switch V4,256,VTSMTSW,2026-08-13T02:13:02.931800+00:00
5749-4876,Veto,VETO Smart Twin Receptacle,266,PLU62761,2026-08-13T02:13:02.931800+00:00
5753-1,Yozewit Intelligent,50C Smat Curtain Motor,514,50C Smat Curtain Motor,2026-08-13T02:13:02.931800+00:00
5774-1,(unknown vendor 5774),BellaVista Matter Smart Power Series,266,BVS-MATTER-SPS01,2026-08-13T02:13:02.931800+00:00
5784-5279,CoreAPT,Smart Light,269,LT01,2026-08-13T02:13:02.931800+00:00
5786-8193,Sombra Shades,Sombra Shade Motor,514,SOMBRA/Z-M,2026-08-13T02:13:02.931800+00:00
24582-1,Google LLC,Google Nest Thermostat,769,GA01334-US,2026-08-13T02:13:02.931800+00:00
24582-13,Google LLC,Nest Learning Thermostat 4th gen,769,GA05551-US,2026-08-13T02:13:02.931800+00:00
